[{"cell_id": "i100", "color": "#440154"}, {"cell_id": "i101", "color": "#440154"}, {"cell_id": "i102", "color": "#3e4a89"}, {"cell_id": "i103", "color": "#440154"}, {"cell_id": "i105", "color": "#20a486"}, {"cell_id": "i116", "color": "#b8de29"}, {"cell_id": "i117", "color": "#440154"}, {"cell_id": "i118", "color": "#440154"}, {"cell_id": "i119", "color": "#440154"}, {"cell_id": "i122", "color": "#3d4d8a"}, {"cell_id": "i132", "color": "#440154"}, {"cell_id": "i133", "color": "#440154"}, {"cell_id": "i134", "color": "#440154"}, {"cell_id": "i136", "color": "#1f948c"}, {"cell_id": "i137", "color": "#440154"}, {"cell_id": "i138", "color": "#2f6b8e"}, {"cell_id": "i148", "color": "#440154"}, {"cell_id": "i150", "color": "#21a685"}, {"cell_id": "i152", "color": "#440154"}, {"cell_id": "i153", "color": "#472e7c"}, {"cell_id": "i154", "color": "#440154"}, {"cell_id": "i155", "color": "#481f70"}, {"cell_id": "i164", "color": "#440154"}, {"cell_id": "i167", "color": "#440154"}, {"cell_id": "i168", "color": "#440154"}, {"cell_id": "i169", "color": "#440154"}, {"cell_id": "i170", "color": "#aadc32"}, {"cell_id": "i180", "color": "#440154"}, {"cell_id": "i181", "color": "#440154"}, {"cell_id": "i182", "color": "#3d4d8a"}, {"cell_id": "i183", "color": "#440154"}, {"cell_id": "i184", "color": "#404588"}, {"cell_id": "i185", "color": "#440154"}, {"cell_id": "i186", "color": "#440154"}, {"cell_id": "i187", "color": "#9dd93b"}, {"cell_id": "i196", "color": "#440154"}, {"cell_id": "i198", "color": "#471365"}, {"cell_id": "i199", "color": "#440154"}, {"cell_id": "i201", "color": "#440154"}, {"cell_id": "i202", "color": "#fde725"}, {"cell_id": "i203", "color": "#440154"}, {"cell_id": "i212", "color": "#440154"}, {"cell_id": "i213", "color": "#440154"}, {"cell_id": "i214", "color": "#26818e"}, {"cell_id": "i215", "color": "#440154"}, {"cell_id": "i216", "color": "#440154"}, {"cell_id": "i217", "color": "#440154"}, {"cell_id": "i218", "color": "#2db27d"}, {"cell_id": "i219", "color": "#2b758e"}, {"cell_id": "i228", "color": "#440154"}, {"cell_id": "i230", "color": "#1f9e89"}, {"cell_id": "i231", "color": "#34608d"}, {"cell_id": "i233", "color": "#440154"}, {"cell_id": "i234", "color": "#365d8d"}, {"cell_id": "i235", "color": "#440154"}, {"cell_id": "i244", "color": "#440154"}, {"cell_id": "i245", "color": "#440154"}, {"cell_id": "i246", "color": "#440154"}, {"cell_id": "i250", "color": "#24878e"}, {"cell_id": "i261", "color": "#46327e"}, {"cell_id": "i263", "color": "#440154"}, {"cell_id": "i264", "color": "#463480"}, {"cell_id": "i265", "color": "#482677"}, {"cell_id": "i266", "color": "#440154"}, {"cell_id": "i276", "color": "#440154"}, {"cell_id": "i277", "color": "#482374"}, {"cell_id": "i278", "color": "#440154"}, {"cell_id": "i279", "color": "#440154"}, {"cell_id": "i280", "color": "#440154"}, {"cell_id": "i282", "color": "#20a386"}, {"cell_id": "i283", "color": "#3b528b"}, {"cell_id": "i292", "color": "#440154"}, {"cell_id": "i295", "color": "#440154"}, {"cell_id": "i296", "color": "#440154"}, {"cell_id": "i297", "color": "#2b758e"}, {"cell_id": "i298", "color": "#440154"}, {"cell_id": "i299", "color": "#65cb5e"}, {"cell_id": "i308", "color": "#2a788e"}, {"cell_id": "i309", "color": "#277e8e"}, {"cell_id": "i310", "color": "#440154"}, {"cell_id": "i311", "color": "#440154"}, {"cell_id": "i312", "color": "#440154"}, {"cell_id": "i313", "color": "#3c508b"}, {"cell_id": "i315", "color": "#24878e"}, {"cell_id": "i325", "color": "#440154"}, {"cell_id": "i326", "color": "#440154"}, {"cell_id": "i327", "color": "#440154"}, {"cell_id": "i328", "color": "#440154"}, {"cell_id": "i330", "color": "#4cc26c"}, {"cell_id": "i341", "color": "#440154"}, {"cell_id": "i342", "color": "#440154"}, {"cell_id": "i343", "color": "#414287"}, {"cell_id": "i344", "color": "#3a538b"}, {"cell_id": "i345", "color": "#3c508b"}, {"cell_id": "i346", "color": "#365c8d"}, {"cell_id": "i347", "color": "#481b6d"}, {"cell_id": "i356", "color": "#440154"}, {"cell_id": "i358", "color": "#2a778e"}, {"cell_id": "i360", "color": "#21a685"}, {"cell_id": "i361", "color": "#440154"}, {"cell_id": "i362", "color": "#355f8d"}, {"cell_id": "i363", "color": "#440154"}, {"cell_id": "i372", "color": "#440154"}, {"cell_id": "i374", "color": "#218e8d"}, {"cell_id": "i376", "color": "#440154"}, {"cell_id": "i377", "color": "#440154"}, {"cell_id": "i388", "color": "#440154"}, {"cell_id": "i389", "color": "#2f6c8e"}, {"cell_id": "i391", "color": "#472a7a"}, {"cell_id": "i392", "color": "#440256"}, {"cell_id": "i393", "color": "#1e9d89"}, {"cell_id": "i394", "color": "#440154"}, {"cell_id": "i395", "color": "#440154"}, {"cell_id": "i404", "color": "#38588c"}, {"cell_id": "i405", "color": "#463480"}, {"cell_id": "i408", "color": "#440154"}, {"cell_id": "i409", "color": "#440154"}, {"cell_id": "i410", "color": "#440154"}, {"cell_id": "i411", "color": "#424086"}, {"cell_id": "i421", "color": "#440154"}, {"cell_id": "i422", "color": "#440154"}, {"cell_id": "i423", "color": "#2e6f8e"}, {"cell_id": "i424", "color": "#2d708e"}, {"cell_id": "i425", "color": "#440154"}, {"cell_id": "i426", "color": "#440154"}, {"cell_id": "i427", "color": "#2e6e8e"}, {"cell_id": "i436", "color": "#440154"}, {"cell_id": "i441", "color": "#440154"}, {"cell_id": "i442", "color": "#1e9b8a"}, {"cell_id": "i443", "color": "#440154"}, {"cell_id": "i452", "color": "#440154"}, {"cell_id": "i454", "color": "#2c738e"}, {"cell_id": "i456", "color": "#440154"}, {"cell_id": "i457", "color": "#440154"}, {"cell_id": "i458", "color": "#2f6c8e"}, {"cell_id": "i459", "color": "#440154"}, {"cell_id": "i468", "color": "#20a486"}, {"cell_id": "i469", "color": "#440154"}, {"cell_id": "i471", "color": "#33638d"}, {"cell_id": "i474", "color": "#306a8e"}, {"cell_id": "i475", "color": "#440154"}, {"cell_id": "i484", "color": "#440154"}, {"cell_id": "i485", "color": "#404588"}, {"cell_id": "i487", "color": "#440154"}, {"cell_id": "i489", "color": "#440154"}, {"cell_id": "i490", "color": "#3e4a89"}, {"cell_id": "i491", "color": "#228d8d"}, {"cell_id": "i500", "color": "#1f968b"}, {"cell_id": "i501", "color": "#3e4c8a"}, {"cell_id": "i504", "color": "#481668"}, {"cell_id": "i505", "color": "#440154"}, {"cell_id": "i506", "color": "#440154"}, {"cell_id": "i507", "color": "#440154"}, {"cell_id": "i517", "color": "#440154"}, {"cell_id": "i519", "color": "#440154"}, {"cell_id": "i521", "color": "#33638d"}, {"cell_id": "i522", "color": "#440154"}, {"cell_id": "i523", "color": "#440154"}, {"cell_id": "i532", "color": "#440154"}, {"cell_id": "i533", "color": "#32658e"}, {"cell_id": "i534", "color": "#440154"}, {"cell_id": "i535", "color": "#440154"}, {"cell_id": "i537", "color": "#440154"}, {"cell_id": "i538", "color": "#3d4e8a"}, {"cell_id": "i548", "color": "#440154"}, {"cell_id": "i549", "color": "#440154"}, {"cell_id": "i550", "color": "#440154"}, {"cell_id": "i552", "color": "#2c738e"}, {"cell_id": "i553", "color": "#2c728e"}, {"cell_id": "i555", "color": "#440154"}, {"cell_id": "i564", "color": "#440154"}, {"cell_id": "i566", "color": "#20a486"}, {"cell_id": "i567", "color": "#440154"}, {"cell_id": "i568", "color": "#440154"}, {"cell_id": "i569", "color": "#440154"}, {"cell_id": "i571", "color": "#440154"}, {"cell_id": "i868", "color": "#3e4c8a"}, {"cell_id": "i869", "color": "#1fa088"}, {"cell_id": "i870", "color": "#440154"}, {"cell_id": "i871", "color": "#440154"}, {"cell_id": "i873", "color": "#46085c"}, {"cell_id": "i884", "color": "#21908d"}, {"cell_id": "i885", "color": "#471063"}, {"cell_id": "i886", "color": "#3a548c"}, {"cell_id": "i887", "color": "#440154"}, {"cell_id": "i888", "color": "#440154"}, {"cell_id": "i890", "color": "#440154"}, {"cell_id": "i900", "color": "#440154"}, {"cell_id": "i901", "color": "#440154"}, {"cell_id": "i902", "color": "#31668e"}, {"cell_id": "i904", "color": "#440154"}, {"cell_id": "i905", "color": "#404688"}, {"cell_id": "i907", "color": "#3a548c"}, {"cell_id": "i916", "color": "#ece51b"}, {"cell_id": "i917", "color": "#440154"}, {"cell_id": "i918", "color": "#440154"}, {"cell_id": "i920", "color": "#440154"}, {"cell_id": "i921", "color": "#440154"}, {"cell_id": "i922", "color": "#440154"}, {"cell_id": "i923", "color": "#440154"}, {"cell_id": "i932", "color": "#440154"}, {"cell_id": "i933", "color": "#440154"}, {"cell_id": "i935", "color": "#440154"}, {"cell_id": "i936", "color": "#38588c"}, {"cell_id": "i937", "color": "#297b8e"}, {"cell_id": "i938", "color": "#31678e"}, {"cell_id": "i948", "color": "#52c569"}, {"cell_id": "i949", "color": "#440154"}, {"cell_id": "i950", "color": "#481467"}, {"cell_id": "i951", "color": "#440154"}, {"cell_id": "i952", "color": "#3e4a89"}, {"cell_id": "i953", "color": "#482173"}, {"cell_id": "i954", "color": "#440154"}, {"cell_id": "i955", "color": "#440154"}, {"cell_id": "i964", "color": "#423f85"}, {"cell_id": "i965", "color": "#460b5e"}, {"cell_id": "i966", "color": "#450457"}, {"cell_id": "i968", "color": "#440154"}, {"cell_id": "i969", "color": "#424086"}, {"cell_id": "i970", "color": "#440154"}, {"cell_id": "i980", "color": "#23888e"}, {"cell_id": "i981", "color": "#26ad81"}, {"cell_id": "i982", "color": "#46075a"}, {"cell_id": "i983", "color": "#440154"}, {"cell_id": "i984", "color": "#440154"}, {"cell_id": "i985", "color": "#440154"}, {"cell_id": "i986", "color": "#440154"}, {"cell_id": "i987", "color": "#22a884"}, {"cell_id": "i997", "color": "#440154"}, {"cell_id": "i998", "color": "#287c8e"}, {"cell_id": "i999", "color": "#1f958b"}, {"cell_id": "i1001", "color": "#440154"}, {"cell_id": "i1002", "color": "#440154"}, {"cell_id": "i1013", "color": "#440154"}, {"cell_id": "i1014", "color": "#3b518b"}, {"cell_id": "i1015", "color": "#440154"}, {"cell_id": "i1018", "color": "#20938c"}, {"cell_id": "i1028", "color": "#277f8e"}, {"cell_id": "i1029", "color": "#440154"}, {"cell_id": "i1035", "color": "#3c4f8a"}, {"cell_id": "i1045", "color": "#1fa088"}, {"cell_id": "i1047", "color": "#440154"}, {"cell_id": "i1049", "color": "#440154"}, {"cell_id": "i1051", "color": "#440154"}, {"cell_id": "i1064", "color": "#440154"}, {"cell_id": "i1065", "color": "#23a983"}, {"cell_id": "i1066", "color": "#440154"}, {"cell_id": "i1067", "color": "#38588c"}, {"cell_id": "i1076", "color": "#1f968b"}, {"cell_id": "i1077", "color": "#3d4e8a"}, {"cell_id": "i1078", "color": "#440154"}, {"cell_id": "i1080", "color": "#440154"}, {"cell_id": "i1083", "color": "#297b8e"}, {"cell_id": "i1093", "color": "#440154"}, {"cell_id": "i1094", "color": "#65cb5e"}, {"cell_id": "i1095", "color": "#482475"}, {"cell_id": "i1096", "color": "#3a538b"}, {"cell_id": "i1097", "color": "#440154"}, {"cell_id": "i1098", "color": "#46337f"}, {"cell_id": "i1108", "color": "#6ccd5a"}, {"cell_id": "i1110", "color": "#453581"}, {"cell_id": "i1113", "color": "#481c6e"}, {"cell_id": "i1114", "color": "#440154"}, {"cell_id": "i1140", "color": "#2d708e"}, {"cell_id": "i1141", "color": "#1e9b8a"}, {"cell_id": "i1142", "color": "#414487"}, {"cell_id": "i1143", "color": "#453581"}, {"cell_id": "i1144", "color": "#440154"}, {"cell_id": "i1145", "color": "#440154"}, {"cell_id": "i1146", "color": "#440154"}, {"cell_id": "i1157", "color": "#440154"}, {"cell_id": "i1158", "color": "#440154"}, {"cell_id": "i1159", "color": "#440154"}, {"cell_id": "i1161", "color": "#46075a"}, {"cell_id": "i1162", "color": "#5ec962"}, {"cell_id": "i1163", "color": "#433d84"}, {"cell_id": "i1172", "color": "#443983"}, {"cell_id": "i1173", "color": "#2a778e"}, {"cell_id": "i1174", "color": "#2c718e"}, {"cell_id": "i1176", "color": "#440154"}, {"cell_id": "i1177", "color": "#440154"}, {"cell_id": "i1178", "color": "#440154"}, {"cell_id": "i1188", "color": "#440154"}, {"cell_id": "i1189", "color": "#32b67a"}, {"cell_id": "i1190", "color": "#440154"}, {"cell_id": "i1191", "color": "#440154"}, {"cell_id": "i1193", "color": "#440154"}, {"cell_id": "i1194", "color": "#453781"}, {"cell_id": "i1195", "color": "#3f4788"}, {"cell_id": "i1204", "color": "#1fa088"}, {"cell_id": "i1206", "color": "#440154"}, {"cell_id": "i1208", "color": "#440154"}, {"cell_id": "i1209", "color": "#2d708e"}, {"cell_id": "i1220", "color": "#440154"}, {"cell_id": "i1221", "color": "#440154"}, {"cell_id": "i1223", "color": "#2cb17e"}, {"cell_id": "i1224", "color": "#440154"}, {"cell_id": "i1225", "color": "#440154"}, {"cell_id": "i1226", "color": "#482878"}, {"cell_id": "i1227", "color": "#1f978b"}, {"cell_id": "i1236", "color": "#440154"}, {"cell_id": "i1239", "color": "#31b57b"}, {"cell_id": "i1240", "color": "#472e7c"}, {"cell_id": "i1241", "color": "#2d718e"}, {"cell_id": "i1242", "color": "#481c6e"}, {"cell_id": "i1243", "color": "#440154"}, {"cell_id": "i1252", "color": "#f4e61e"}, {"cell_id": "i1253", "color": "#440154"}, {"cell_id": "i1254", "color": "#2d708e"}, {"cell_id": "i1255", "color": "#2b758e"}, {"cell_id": "i1256", "color": "#414487"}, {"cell_id": "i1257", "color": "#440154"}, {"cell_id": "i1258", "color": "#440154"}, {"cell_id": "i1259", "color": "#38588c"}, {"cell_id": "i1268", "color": "#481a6c"}, {"cell_id": "i1269", "color": "#addc30"}, {"cell_id": "i1270", "color": "#440154"}, {"cell_id": "i1272", "color": "#2d708e"}, {"cell_id": "i1274", "color": "#424186"}, {"cell_id": "i1275", "color": "#440154"}, {"cell_id": "i1285", "color": "#471365"}, {"cell_id": "i1286", "color": "#440154"}, {"cell_id": "i1288", "color": "#23a983"}, {"cell_id": "i1289", "color": "#440154"}, {"cell_id": "i1290", "color": "#440154"}, {"cell_id": "i1291", "color": "#481769"}, {"cell_id": "i1300", "color": "#33628d"}, {"cell_id": "i1301", "color": "#440154"}, {"cell_id": "i1305", "color": "#440154"}, {"cell_id": "i1306", "color": "#287c8e"}, {"cell_id": "i1307", "color": "#3a548c"}, {"cell_id": "i1318", "color": "#3d4e8a"}, {"cell_id": "i1319", "color": "#24878e"}, {"cell_id": "i1320", "color": "#440154"}, {"cell_id": "i1323", "color": "#440154"}, {"cell_id": "i1332", "color": "#22a884"}, {"cell_id": "i1333", "color": "#26828e"}, {"cell_id": "i1336", "color": "#440154"}, {"cell_id": "i1338", "color": "#440154"}, {"cell_id": "i1348", "color": "#440154"}, {"cell_id": "i1349", "color": "#440154"}, {"cell_id": "i1351", "color": "#42be71"}, {"cell_id": "i1353", "color": "#481f70"}, {"cell_id": "i1354", "color": "#440154"}, {"cell_id": "i1396", "color": "#75d054"}, {"cell_id": "i1398", "color": "#482374"}, {"cell_id": "i1399", "color": "#440154"}, {"cell_id": "i1403", "color": "#440154"}, {"cell_id": "i1413", "color": "#440154"}, {"cell_id": "i1414", "color": "#440154"}, {"cell_id": "i1415", "color": "#423f85"}, {"cell_id": "i1416", "color": "#440154"}, {"cell_id": "i1418", "color": "#3d4e8a"}, {"cell_id": "i1419", "color": "#3c4f8a"}, {"cell_id": "i1429", "color": "#440154"}, {"cell_id": "i1430", "color": "#48186a"}, {"cell_id": "i1431", "color": "#375a8c"}, {"cell_id": "i1432", "color": "#375a8c"}, {"cell_id": "i1434", "color": "#424186"}, {"cell_id": "i1435", "color": "#440154"}, {"cell_id": "i1446", "color": "#471365"}, {"cell_id": "i1447", "color": "#482878"}, {"cell_id": "i1448", "color": "#440154"}, {"cell_id": "i1449", "color": "#481467"}, {"cell_id": "i1450", "color": "#450457"}, {"cell_id": "i1451", "color": "#3e4989"}, {"cell_id": "i1461", "color": "#440154"}, {"cell_id": "i1462", "color": "#440154"}, {"cell_id": "i1463", "color": "#228d8d"}, {"cell_id": "i1464", "color": "#21a585"}, {"cell_id": "i1465", "color": "#481a6c"}, {"cell_id": "i1466", "color": "#440154"}, {"cell_id": "i1467", "color": "#440154"}, {"cell_id": "i1477", "color": "#440154"}, {"cell_id": "i1479", "color": "#29798e"}, {"cell_id": "i1480", "color": "#297b8e"}, {"cell_id": "i1481", "color": "#31678e"}, {"cell_id": "i1482", "color": "#440154"}, {"cell_id": "i1483", "color": "#440154"}, {"cell_id": "i1493", "color": "#440154"}, {"cell_id": "i1494", "color": "#440154"}, {"cell_id": "i1495", "color": "#2eb37c"}, {"cell_id": "i1496", "color": "#277f8e"}, {"cell_id": "i1497", "color": "#440154"}, {"cell_id": "i1499", "color": "#440154"}, {"cell_id": "i1509", "color": "#440154"}, {"cell_id": "i1511", "color": "#31668e"}, {"cell_id": "i1512", "color": "#25ac82"}, {"cell_id": "i1513", "color": "#423f85"}, {"cell_id": "i1514", "color": "#3f4889"}, {"cell_id": "i1515", "color": "#440154"}, {"cell_id": "i1525", "color": "#440154"}, {"cell_id": "i1526", "color": "#440154"}, {"cell_id": "i1527", "color": "#3b518b"}, {"cell_id": "i1528", "color": "#238a8d"}, {"cell_id": "i1529", "color": "#46085c"}, {"cell_id": "i1530", "color": "#440154"}, {"cell_id": "i1531", "color": "#460b5e"}, {"cell_id": "i1541", "color": "#440154"}, {"cell_id": "i1542", "color": "#440154"}, {"cell_id": "i1543", "color": "#440154"}, {"cell_id": "i1545", "color": "#472c7a"}, {"cell_id": "i1546", "color": "#48c16e"}, {"cell_id": "i1547", "color": "#424086"}, {"cell_id": "i1557", "color": "#440154"}, {"cell_id": "i1558", "color": "#440154"}, {"cell_id": "i1559", "color": "#2f6c8e"}, {"cell_id": "i1560", "color": "#453882"}, {"cell_id": "i1561", "color": "#440154"}, {"cell_id": "i1562", "color": "#440154"}, {"cell_id": "i1563", "color": "#3a538b"}, {"cell_id": "i1573", "color": "#440154"}, {"cell_id": "i1574", "color": "#424086"}, {"cell_id": "i1575", "color": "#218e8d"}, {"cell_id": "i1576", "color": "#440154"}, {"cell_id": "i1577", "color": "#440154"}, {"cell_id": "i1578", "color": "#440154"}, {"cell_id": "i1579", "color": "#424086"}, {"cell_id": "i1589", "color": "#440154"}, {"cell_id": "i1590", "color": "#440154"}, {"cell_id": "i1591", "color": "#29798e"}, {"cell_id": "i1592", "color": "#450457"}, {"cell_id": "i1593", "color": "#481769"}, {"cell_id": "i1594", "color": "#21918c"}, {"cell_id": "i1595", "color": "#3f4788"}, {"cell_id": "i1605", "color": "#440154"}, {"cell_id": "i1606", "color": "#440154"}, {"cell_id": "i1607", "color": "#29798e"}, {"cell_id": "i1608", "color": "#3c508b"}, {"cell_id": "i1609", "color": "#440154"}, {"cell_id": "i1610", "color": "#481b6d"}, {"cell_id": "i1611", "color": "#440154"}, {"cell_id": "i1621", "color": "#440154"}, {"cell_id": "i1622", "color": "#440154"}, {"cell_id": "i1625", "color": "#453781"}, {"cell_id": "i1626", "color": "#39558c"}, {"cell_id": "i1627", "color": "#38598c"}, {"cell_id": "i1638", "color": "#440154"}, {"cell_id": "i1639", "color": "#482374"}, {"cell_id": "i1640", "color": "#482374"}, {"cell_id": "i1641", "color": "#46337f"}, {"cell_id": "i1642", "color": "#287d8e"}, {"cell_id": "i1643", "color": "#440154"}, {"cell_id": "i1653", "color": "#481769"}, {"cell_id": "i1654", "color": "#440154"}, {"cell_id": "i1655", "color": "#404588"}, {"cell_id": "i1656", "color": "#63cb5f"}, {"cell_id": "i1657", "color": "#39558c"}, {"cell_id": "i1659", "color": "#440154"}, {"cell_id": "i1669", "color": "#440154"}, {"cell_id": "i1670", "color": "#440154"}, {"cell_id": "i1671", "color": "#443a83"}, {"cell_id": "i1672", "color": "#440154"}, {"cell_id": "i1673", "color": "#2a778e"}, {"cell_id": "i1674", "color": "#1f948c"}, {"cell_id": "i1685", "color": "#440154"}, {"cell_id": "i1686", "color": "#34608d"}, {"cell_id": "i1688", "color": "#20a386"}, {"cell_id": "i1689", "color": "#440154"}, {"cell_id": "i1690", "color": "#481b6d"}, {"cell_id": "i1701", "color": "#440154"}, {"cell_id": "i1702", "color": "#481769"}, {"cell_id": "i1703", "color": "#481a6c"}, {"cell_id": "i1704", "color": "#1f9a8a"}, {"cell_id": "i1705", "color": "#440154"}, {"cell_id": "i1706", "color": "#32648e"}, {"cell_id": "i1707", "color": "#440154"}, {"cell_id": "i1717", "color": "#440154"}, {"cell_id": "i1718", "color": "#440154"}, {"cell_id": "i1719", "color": "#29798e"}, {"cell_id": "i1720", "color": "#c0df25"}, {"cell_id": "i1721", "color": "#472f7d"}, {"cell_id": "i1722", "color": "#440154"}, {"cell_id": "i1723", "color": "#3e4a89"}, {"cell_id": "i1733", "color": "#440154"}, {"cell_id": "i1734", "color": "#440154"}, {"cell_id": "i1735", "color": "#1f9f88"}, {"cell_id": "i1736", "color": "#1f988b"}, {"cell_id": "i1737", "color": "#453882"}, {"cell_id": "i1738", "color": "#440154"}, {"cell_id": "i1739", "color": "#440154"}, {"cell_id": "i1749", "color": "#440154"}, {"cell_id": "i1750", "color": "#440154"}, {"cell_id": "i1751", "color": "#440154"}, {"cell_id": "i1752", "color": "#440154"}, {"cell_id": "i1753", "color": "#1f948c"}, {"cell_id": "i1754", "color": "#472f7d"}, {"cell_id": "i1765", "color": "#440154"}, {"cell_id": "i1766", "color": "#34608d"}, {"cell_id": "i1767", "color": "#1f998a"}, {"cell_id": "i1769", "color": "#440154"}, {"cell_id": "i1770", "color": "#2ab07f"}, {"cell_id": "i1771", "color": "#440154"}, {"cell_id": "i1782", "color": "#440154"}, {"cell_id": "i1783", "color": "#20a386"}, {"cell_id": "i1784", "color": "#440154"}, {"cell_id": "i1785", "color": "#440154"}, {"cell_id": "i1786", "color": "#46307e"}, {"cell_id": "i1787", "color": "#228d8d"}, {"cell_id": "i1797", "color": "#297a8e"}, {"cell_id": "i1798", "color": "#440154"}, {"cell_id": "i1800", "color": "#440154"}, {"cell_id": "i1801", "color": "#440154"}, {"cell_id": "i1802", "color": "#440154"}, {"cell_id": "i1803", "color": "#20938c"}, {"cell_id": "i1813", "color": "#440154"}, {"cell_id": "i1814", "color": "#440154"}, {"cell_id": "i1816", "color": "#1e9b8a"}, {"cell_id": "i1817", "color": "#440154"}, {"cell_id": "i1818", "color": "#440154"}, {"cell_id": "i1829", "color": "#34608d"}, {"cell_id": "i1830", "color": "#440154"}, {"cell_id": "i1831", "color": "#63cb5f"}, {"cell_id": "i1832", "color": "#481a6c"}, {"cell_id": "i1833", "color": "#440154"}, {"cell_id": "i1834", "color": "#31668e"}, {"cell_id": "i1835", "color": "#472e7c"}, {"cell_id": "i1845", "color": "#2e6e8e"}, {"cell_id": "i1846", "color": "#46307e"}, {"cell_id": "i1848", "color": "#440154"}, {"cell_id": "i1849", "color": "#20928c"}, {"cell_id": "i1850", "color": "#440154"}, {"cell_id": "i1861", "color": "#2f6b8e"}, {"cell_id": "i1862", "color": "#1fa187"}, {"cell_id": "i1863", "color": "#481d6f"}, {"cell_id": "i1864", "color": "#2b748e"}, {"cell_id": "i1865", "color": "#440154"}, {"cell_id": "i1866", "color": "#440154"}, {"cell_id": "i1867", "color": "#440154"}, {"cell_id": "i1877", "color": "#453882"}, {"cell_id": "i1879", "color": "#440154"}, {"cell_id": "i1880", "color": "#228d8d"}, {"cell_id": "i1881", "color": "#440154"}, {"cell_id": "i1882", "color": "#46327e"}, {"cell_id": "i1883", "color": "#440154"}, {"cell_id": "i1893", "color": "#440154"}, {"cell_id": "i1894", "color": "#440154"}, {"cell_id": "i1895", "color": "#2a788e"}, {"cell_id": "i1896", "color": "#1f9a8a"}, {"cell_id": "i1898", "color": "#39568c"}, {"cell_id": "i1899", "color": "#440154"}, {"cell_id": "i1909", "color": "#440154"}, {"cell_id": "i1910", "color": "#3d4d8a"}, {"cell_id": "i1911", "color": "#440154"}, {"cell_id": "i1912", "color": "#21908d"}, {"cell_id": "i1913", "color": "#443a83"}, {"cell_id": "i1915", "color": "#481f70"}, {"cell_id": "i1925", "color": "#440154"}, {"cell_id": "i1927", "color": "#453781"}, {"cell_id": "i1928", "color": "#440154"}, {"cell_id": "i1929", "color": "#46085c"}, {"cell_id": "i1930", "color": "#34618d"}, {"cell_id": "i1931", "color": "#24878e"}, {"cell_id": "i1941", "color": "#440154"}, {"cell_id": "i1942", "color": "#440154"}, {"cell_id": "i1943", "color": "#440154"}, {"cell_id": "i1944", "color": "#2eb37c"}, {"cell_id": "i1945", "color": "#3c4f8a"}, {"cell_id": "i1946", "color": "#443a83"}, {"cell_id": "i1947", "color": "#440154"}, {"cell_id": "i1957", "color": "#440154"}, {"cell_id": "i1959", "color": "#440154"}, {"cell_id": "i1961", "color": "#424086"}, {"cell_id": "i1962", "color": "#481467"}, {"cell_id": "i1963", "color": "#2c728e"}, {"cell_id": "i1973", "color": "#414287"}, {"cell_id": "i1974", "color": "#2f6b8e"}, {"cell_id": "i1975", "color": "#440154"}, {"cell_id": "i1976", "color": "#440154"}, {"cell_id": "i1977", "color": "#440154"}, {"cell_id": "i1978", "color": "#414287"}, {"cell_id": "i1979", "color": "#ece51b"}, {"cell_id": "i1989", "color": "#440154"}, {"cell_id": "i1990", "color": "#440154"}, {"cell_id": "i1991", "color": "#aadc32"}, {"cell_id": "i1992", "color": "#440154"}, {"cell_id": "i1993", "color": "#440154"}, {"cell_id": "i1994", "color": "#440154"}, {"cell_id": "i1995", "color": "#453882"}, {"cell_id": "i2005", "color": "#228d8d"}, {"cell_id": "i2006", "color": "#3c4f8a"}, {"cell_id": "i2007", "color": "#46307e"}, {"cell_id": "i2008", "color": "#440154"}, {"cell_id": "i2009", "color": "#3d4e8a"}, {"cell_id": "i2010", "color": "#440154"}, {"cell_id": "i2011", "color": "#440154"}, {"cell_id": "i2021", "color": "#440154"}, {"cell_id": "i2023", "color": "#453581"}, {"cell_id": "i2024", "color": "#440154"}, {"cell_id": "i2025", "color": "#440154"}, {"cell_id": "i2026", "color": "#404588"}, {"cell_id": "i2027", "color": "#287c8e"}, {"cell_id": "i2037", "color": "#39568c"}, {"cell_id": "i2038", "color": "#20928c"}, {"cell_id": "i2039", "color": "#40bd72"}, {"cell_id": "i2040", "color": "#440154"}, {"cell_id": "i2041", "color": "#440154"}, {"cell_id": "i2042", "color": "#440154"}, {"cell_id": "i2043", "color": "#440154"}, {"cell_id": "i2053", "color": "#440154"}, {"cell_id": "i2054", "color": "#440154"}, {"cell_id": "i2057", "color": "#481668"}, {"cell_id": "i2058", "color": "#440154"}, {"cell_id": "i2059", "color": "#31b57b"}, {"cell_id": "i2069", "color": "#1f998a"}, {"cell_id": "i2070", "color": "#3a538b"}, {"cell_id": "i2071", "color": "#277f8e"}, {"cell_id": "i2073", "color": "#440154"}, {"cell_id": "i2074", "color": "#365d8d"}, {"cell_id": "i2085", "color": "#440154"}, {"cell_id": "i2087", "color": "#440154"}, {"cell_id": "i2089", "color": "#472e7c"}, {"cell_id": "i2090", "color": "#433d84"}, {"cell_id": "i2091", "color": "#4ec36b"}, {"cell_id": "i2101", "color": "#440154"}, {"cell_id": "i2102", "color": "#25838e"}, {"cell_id": "i2105", "color": "#440154"}, {"cell_id": "i2106", "color": "#365d8d"}, {"cell_id": "i2107", "color": "#238a8d"}, {"cell_id": "i2133", "color": "#440154"}, {"cell_id": "i2135", "color": "#440154"}, {"cell_id": "i2136", "color": "#440154"}, {"cell_id": "i2137", "color": "#482878"}, {"cell_id": "i2138", "color": "#21908d"}, {"cell_id": "i2149", "color": "#29798e"}, {"cell_id": "i2150", "color": "#2f6b8e"}, {"cell_id": "i2151", "color": "#440154"}, {"cell_id": "i2152", "color": "#440154"}, {"cell_id": "i2154", "color": "#440154"}, {"cell_id": "i2155", "color": "#24878e"}, {"cell_id": "i2165", "color": "#440154"}, {"cell_id": "i2166", "color": "#440154"}, {"cell_id": "i2167", "color": "#440154"}, {"cell_id": "i2168", "color": "#2c728e"}, {"cell_id": "i2170", "color": "#440154"}, {"cell_id": "i2171", "color": "#89d548"}, {"cell_id": "i2181", "color": "#440154"}, {"cell_id": "i2182", "color": "#25858e"}, {"cell_id": "i2183", "color": "#38588c"}, {"cell_id": "i2184", "color": "#440154"}, {"cell_id": "i2185", "color": "#463480"}, {"cell_id": "i2187", "color": "#31678e"}, {"cell_id": "i2197", "color": "#440154"}, {"cell_id": "i2199", "color": "#440154"}, {"cell_id": "i2201", "color": "#440154"}, {"cell_id": "i2202", "color": "#277e8e"}, {"cell_id": "i2203", "color": "#26828e"}, {"cell_id": "i2213", "color": "#440154"}, {"cell_id": "i2214", "color": "#482374"}, {"cell_id": "i2215", "color": "#481769"}, {"cell_id": "i2217", "color": "#3a548c"}, {"cell_id": "i2218", "color": "#2e6d8e"}, {"cell_id": "i2219", "color": "#39558c"}, {"cell_id": "i2229", "color": "#440154"}, {"cell_id": "i2230", "color": "#440154"}, {"cell_id": "i2231", "color": "#481b6d"}, {"cell_id": "i2232", "color": "#440154"}, {"cell_id": "i2233", "color": "#440154"}, {"cell_id": "i2234", "color": "#3a548c"}, {"cell_id": "i2235", "color": "#297a8e"}, {"cell_id": "i2245", "color": "#440154"}, {"cell_id": "i2246", "color": "#7fd34e"}, {"cell_id": "i2247", "color": "#440154"}, {"cell_id": "i2248", "color": "#440154"}, {"cell_id": "i2249", "color": "#440154"}, {"cell_id": "i2250", "color": "#81d34d"}, {"cell_id": "i2251", "color": "#440154"}, {"cell_id": "i2261", "color": "#433e85"}, {"cell_id": "i2262", "color": "#440154"}, {"cell_id": "i2263", "color": "#460a5d"}, {"cell_id": "i2264", "color": "#440154"}, {"cell_id": "i2265", "color": "#27ad81"}, {"cell_id": "i2266", "color": "#23888e"}, {"cell_id": "i2267", "color": "#440154"}, {"cell_id": "i2277", "color": "#482173"}, {"cell_id": "i2278", "color": "#440154"}, {"cell_id": "i2279", "color": "#440154"}, {"cell_id": "i2280", "color": "#3d4d8a"}, {"cell_id": "i2281", "color": "#440154"}, {"cell_id": "i2282", "color": "#1fa088"}, {"cell_id": "i2283", "color": "#440154"}, {"cell_id": "i2293", "color": "#32648e"}, {"cell_id": "i2294", "color": "#471063"}, {"cell_id": "i2295", "color": "#440154"}, {"cell_id": "i2296", "color": "#2a778e"}, {"cell_id": "i2297", "color": "#440154"}, {"cell_id": "i2299", "color": "#440154"}, {"cell_id": "i2309", "color": "#440154"}, {"cell_id": "i2310", "color": "#3e4a89"}, {"cell_id": "i2311", "color": "#440154"}, {"cell_id": "i2312", "color": "#20a486"}, {"cell_id": "i2313", "color": "#440154"}, {"cell_id": "i2314", "color": "#228c8d"}, {"cell_id": "i2326", "color": "#481769"}, {"cell_id": "i2327", "color": "#440154"}, {"cell_id": "i2328", "color": "#20928c"}, {"cell_id": "i2329", "color": "#20938c"}, {"cell_id": "i2330", "color": "#440154"}, {"cell_id": "i2331", "color": "#277e8e"}, {"cell_id": "i2373", "color": "#440154"}, {"cell_id": "i2374", "color": "#482576"}, {"cell_id": "i2375", "color": "#482173"}, {"cell_id": "i2376", "color": "#453882"}, {"cell_id": "i2377", "color": "#440154"}, {"cell_id": "i2378", "color": "#21a585"}, {"cell_id": "i2379", "color": "#365d8d"}, {"cell_id": "i2389", "color": "#460b5e"}, {"cell_id": "i2390", "color": "#440154"}, {"cell_id": "i2391", "color": "#440154"}, {"cell_id": "i2392", "color": "#3c4f8a"}, {"cell_id": "i2393", "color": "#440154"}, {"cell_id": "i2394", "color": "#3f4788"}, {"cell_id": "i2395", "color": "#3c508b"}, {"cell_id": "i2405", "color": "#440154"}, {"cell_id": "i2406", "color": "#22a884"}, {"cell_id": "i2407", "color": "#3e4a89"}, {"cell_id": "i2408", "color": "#482677"}, {"cell_id": "i2409", "color": "#440154"}, {"cell_id": "i2410", "color": "#414287"}, {"cell_id": "i2411", "color": "#48186a"}, {"cell_id": "i2421", "color": "#472d7b"}, {"cell_id": "i2422", "color": "#440154"}, {"cell_id": "i2423", "color": "#440154"}, {"cell_id": "i2424", "color": "#440154"}, {"cell_id": "i2425", "color": "#365d8d"}, {"cell_id": "i2426", "color": "#1e9c89"}, {"cell_id": "i2427", "color": "#481b6d"}, {"cell_id": "i2438", "color": "#440154"}, {"cell_id": "i2439", "color": "#2a768e"}, {"cell_id": "i2440", "color": "#414487"}, {"cell_id": "i2441", "color": "#440154"}, {"cell_id": "i2442", "color": "#2c738e"}, {"cell_id": "i2443", "color": "#440154"}, {"cell_id": "i2453", "color": "#440154"}, {"cell_id": "i2455", "color": "#3d4e8a"}, {"cell_id": "i2457", "color": "#46337f"}, {"cell_id": "i2458", "color": "#34618d"}, {"cell_id": "i2459", "color": "#404688"}, {"cell_id": "i2469", "color": "#440154"}, {"cell_id": "i2470", "color": "#440154"}, {"cell_id": "i2471", "color": "#440154"}, {"cell_id": "i2472", "color": "#440154"}, {"cell_id": "i2473", "color": "#471365"}, {"cell_id": "i2474", "color": "#440154"}, {"cell_id": "i2475", "color": "#3aba76"}, {"cell_id": "i2486", "color": "#3b528b"}, {"cell_id": "i2487", "color": "#440154"}, {"cell_id": "i2488", "color": "#482475"}, {"cell_id": "i2489", "color": "#443a83"}, {"cell_id": "i2491", "color": "#2f6b8e"}, {"cell_id": "i2501", "color": "#440154"}, {"cell_id": "i2502", "color": "#471063"}, {"cell_id": "i2503", "color": "#3e4989"}, {"cell_id": "i2504", "color": "#277f8e"}, {"cell_id": "i2505", "color": "#440154"}, {"cell_id": "i2506", "color": "#440154"}, {"cell_id": "i2507", "color": "#453882"}, {"cell_id": "i2517", "color": "#440154"}, {"cell_id": "i2518", "color": "#440154"}, {"cell_id": "i2519", "color": "#440154"}, {"cell_id": "i2520", "color": "#440154"}, {"cell_id": "i2521", "color": "#dae319"}, {"cell_id": "i2522", "color": "#440154"}, {"cell_id": "i2523", "color": "#440154"}, {"cell_id": "i2534", "color": "#440154"}, {"cell_id": "i2535", "color": "#3b528b"}, {"cell_id": "i2536", "color": "#440154"}, {"cell_id": "i2537", "color": "#c5e021"}, {"cell_id": "i2538", "color": "#440154"}, {"cell_id": "i2539", "color": "#440154"}, {"cell_id": "i2549", "color": "#440154"}, {"cell_id": "i2550", "color": "#472e7c"}, {"cell_id": "i2551", "color": "#472a7a"}, {"cell_id": "i2552", "color": "#2c728e"}, {"cell_id": "i2554", "color": "#440154"}, {"cell_id": "i2555", "color": "#440154"}, {"cell_id": "i2565", "color": "#482979"}, {"cell_id": "i2567", "color": "#440154"}, {"cell_id": "i2569", "color": "#440154"}, {"cell_id": "i2570", "color": "#33638d"}, {"cell_id": "i2571", "color": "#3d4e8a"}, {"cell_id": "i2581", "color": "#440154"}, {"cell_id": "i2582", "color": "#443983"}, {"cell_id": "i2583", "color": "#2fb47c"}, {"cell_id": "i2584", "color": "#440154"}, {"cell_id": "i2585", "color": "#440154"}, {"cell_id": "i2586", "color": "#38588c"}, {"cell_id": "i2587", "color": "#440154"}, {"cell_id": "i2598", "color": "#440154"}, {"cell_id": "i2599", "color": "#26818e"}, {"cell_id": "i2600", "color": "#471164"}, {"cell_id": "i2601", "color": "#21908d"}, {"cell_id": "i2602", "color": "#440154"}, {"cell_id": "i2603", "color": "#482979"}, {"cell_id": "i2613", "color": "#440256"}, {"cell_id": "i2614", "color": "#440154"}, {"cell_id": "i2615", "color": "#2c738e"}, {"cell_id": "i2617", "color": "#440154"}, {"cell_id": "i2619", "color": "#46085c"}, {"cell_id": "i2629", "color": "#440154"}, {"cell_id": "i2630", "color": "#228b8d"}, {"cell_id": "i2632", "color": "#1f9a8a"}, {"cell_id": "i2633", "color": "#440154"}, {"cell_id": "i2634", "color": "#440154"}, {"cell_id": "i2635", "color": "#440154"}, {"cell_id": "i2646", "color": "#440154"}, {"cell_id": "i2647", "color": "#440154"}, {"cell_id": "i2648", "color": "#440154"}, {"cell_id": "i2649", "color": "#277f8e"}, {"cell_id": "i2650", "color": "#21918c"}, {"cell_id": "i2651", "color": "#440154"}, {"cell_id": "i2661", "color": "#440154"}, {"cell_id": "i2663", "color": "#3d4e8a"}, {"cell_id": "i2664", "color": "#440154"}, {"cell_id": "i2665", "color": "#470e61"}, {"cell_id": "i2666", "color": "#27808e"}, {"cell_id": "i2667", "color": "#25848e"}, {"cell_id": "i2677", "color": "#440154"}, {"cell_id": "i2679", "color": "#2f6b8e"}, {"cell_id": "i2680", "color": "#24878e"}, {"cell_id": "i2681", "color": "#440154"}, {"cell_id": "i2682", "color": "#3f4788"}, {"cell_id": "i2683", "color": "#440154"}, {"cell_id": "i2693", "color": "#482475"}, {"cell_id": "i2694", "color": "#440154"}, {"cell_id": "i2695", "color": "#440154"}, {"cell_id": "i2696", "color": "#482576"}, {"cell_id": "i2698", "color": "#482374"}, {"cell_id": "i2699", "color": "#3a548c"}, {"cell_id": "i2709", "color": "#440154"}, {"cell_id": "i2710", "color": "#414487"}, {"cell_id": "i2711", "color": "#440154"}, {"cell_id": "i2712", "color": "#2e6e8e"}, {"cell_id": "i2713", "color": "#228b8d"}, {"cell_id": "i2715", "color": "#472d7b"}, {"cell_id": "i2725", "color": "#440154"}, {"cell_id": "i2727", "color": "#297a8e"}, {"cell_id": "i2728", "color": "#58c765"}, {"cell_id": "i2729", "color": "#482374"}, {"cell_id": "i2730", "color": "#440154"}, {"cell_id": "i2731", "color": "#440154"}, {"cell_id": "i2741", "color": "#440154"}, {"cell_id": "i2742", "color": "#38588c"}, {"cell_id": "i2743", "color": "#3a538b"}, {"cell_id": "i2744", "color": "#22a785"}, {"cell_id": "i2745", "color": "#414487"}, {"cell_id": "i2746", "color": "#440154"}, {"cell_id": "i2747", "color": "#440154"}, {"cell_id": "i2757", "color": "#440154"}, {"cell_id": "i2758", "color": "#277f8e"}, {"cell_id": "i2759", "color": "#21918c"}, {"cell_id": "i2761", "color": "#2a788e"}, {"cell_id": "i2762", "color": "#440154"}, {"cell_id": "i2763", "color": "#440154"}, {"cell_id": "i2773", "color": "#440154"}, {"cell_id": "i2774", "color": "#472d7b"}, {"cell_id": "i2775", "color": "#1f958b"}, {"cell_id": "i2776", "color": "#29798e"}, {"cell_id": "i2777", "color": "#440154"}, {"cell_id": "i2778", "color": "#2e6d8e"}, {"cell_id": "i2779", "color": "#440154"}, {"cell_id": "i2789", "color": "#440154"}, {"cell_id": "i2791", "color": "#472e7c"}, {"cell_id": "i2792", "color": "#355e8d"}, {"cell_id": "i2793", "color": "#26828e"}, {"cell_id": "i2794", "color": "#440154"}, {"cell_id": "i2795", "color": "#375a8c"}, {"cell_id": "i2805", "color": "#440154"}, {"cell_id": "i2806", "color": "#38588c"}, {"cell_id": "i2807", "color": "#433e85"}, {"cell_id": "i2808", "color": "#1f948c"}, {"cell_id": "i2809", "color": "#440154"}, {"cell_id": "i2810", "color": "#440154"}, {"cell_id": "i2811", "color": "#2b758e"}, {"cell_id": "i2821", "color": "#440154"}, {"cell_id": "i2822", "color": "#440154"}, {"cell_id": "i2823", "color": "#375b8d"}, {"cell_id": "i2824", "color": "#1e9b8a"}, {"cell_id": "i2825", "color": "#440154"}, {"cell_id": "i2826", "color": "#440154"}, {"cell_id": "i2827", "color": "#481f70"}, {"cell_id": "i2837", "color": "#472e7c"}, {"cell_id": "i2838", "color": "#424086"}, {"cell_id": "i2839", "color": "#440154"}, {"cell_id": "i2840", "color": "#355f8d"}, {"cell_id": "i2841", "color": "#297b8e"}, {"cell_id": "i2842", "color": "#440154"}, {"cell_id": "i2843", "color": "#440154"}, {"cell_id": "i2854", "color": "#440154"}, {"cell_id": "i2856", "color": "#440154"}, {"cell_id": "i2857", "color": "#440154"}, {"cell_id": "i2858", "color": "#33628d"}, {"cell_id": "i2869", "color": "#440154"}, {"cell_id": "i2870", "color": "#440154"}, {"cell_id": "i2871", "color": "#2b758e"}, {"cell_id": "i2872", "color": "#28ae80"}, {"cell_id": "i2873", "color": "#433d84"}, {"cell_id": "i2874", "color": "#440154"}, {"cell_id": "i2875", "color": "#440154"}, {"cell_id": "i2885", "color": "#440154"}, {"cell_id": "i2886", "color": "#414487"}, {"cell_id": "i2887", "color": "#481c6e"}, {"cell_id": "i2888", "color": "#29798e"}, {"cell_id": "i2889", "color": "#38588c"}, {"cell_id": "i2890", "color": "#440154"}, {"cell_id": "i2891", "color": "#2b758e"}, {"cell_id": "i2901", "color": "#423f85"}, {"cell_id": "i2902", "color": "#440154"}, {"cell_id": "i2903", "color": "#440154"}, {"cell_id": "i2904", "color": "#d2e21b"}, {"cell_id": "i2905", "color": "#1f9e89"}, {"cell_id": "i2906", "color": "#440154"}, {"cell_id": "i2907", "color": "#481668"}, {"cell_id": "i2917", "color": "#440154"}, {"cell_id": "i2918", "color": "#404688"}, {"cell_id": "i2919", "color": "#482878"}, {"cell_id": "i2920", "color": "#463480"}, {"cell_id": "i2921", "color": "#440154"}, {"cell_id": "i2922", "color": "#470e61"}, {"cell_id": "i2923", "color": "#460a5d"}, {"cell_id": "i2933", "color": "#440154"}, {"cell_id": "i2934", "color": "#46085c"}, {"cell_id": "i2935", "color": "#287d8e"}, {"cell_id": "i2936", "color": "#277e8e"}, {"cell_id": "i2937", "color": "#440154"}, {"cell_id": "i2938", "color": "#440154"}, {"cell_id": "i2939", "color": "#2f6b8e"}, {"cell_id": "i2949", "color": "#440154"}, {"cell_id": "i2950", "color": "#440154"}, {"cell_id": "i2951", "color": "#2d718e"}, {"cell_id": "i2952", "color": "#2eb37c"}, {"cell_id": "i2953", "color": "#440154"}, {"cell_id": "i2954", "color": "#2f6b8e"}, {"cell_id": "i2955", "color": "#440154"}, {"cell_id": "i2965", "color": "#440154"}, {"cell_id": "i2966", "color": "#440154"}, {"cell_id": "i2969", "color": "#440154"}, {"cell_id": "i2970", "color": "#440154"}, {"cell_id": "i2971", "color": "#20928c"}, {"cell_id": "i2982", "color": "#31688e"}, {"cell_id": "i2983", "color": "#440154"}, {"cell_id": "i2984", "color": "#453882"}, {"cell_id": "i2985", "color": "#440154"}, {"cell_id": "i2986", "color": "#440154"}, {"cell_id": "i2987", "color": "#3d4d8a"}, {"cell_id": "i2997", "color": "#2f6b8e"}, {"cell_id": "i2998", "color": "#440154"}, {"cell_id": "i2999", "color": "#440154"}, {"cell_id": "i3000", "color": "#440154"}, {"cell_id": "i3002", "color": "#306a8e"}, {"cell_id": "i3003", "color": "#25838e"}, {"cell_id": "i3013", "color": "#481c6e"}, {"cell_id": "i3014", "color": "#440154"}, {"cell_id": "i3015", "color": "#29798e"}, {"cell_id": "i3016", "color": "#440154"}, {"cell_id": "i3017", "color": "#1f988b"}, {"cell_id": "i3019", "color": "#440154"}, {"cell_id": "i3029", "color": "#440154"}, {"cell_id": "i3030", "color": "#414487"}, {"cell_id": "i3031", "color": "#482878"}, {"cell_id": "i3032", "color": "#440154"}, {"cell_id": "i3033", "color": "#39558c"}, {"cell_id": "i3034", "color": "#46327e"}, {"cell_id": "i3045", "color": "#440154"}, {"cell_id": "i3046", "color": "#440154"}, {"cell_id": "i3047", "color": "#38598c"}, {"cell_id": "i3048", "color": "#ece51b"}, {"cell_id": "i3049", "color": "#440154"}, {"cell_id": "i3050", "color": "#440154"}, {"cell_id": "i3051", "color": "#440154"}, {"cell_id": "i3061", "color": "#440154"}, {"cell_id": "i3062", "color": "#67cc5c"}, {"cell_id": "i3064", "color": "#433e85"}, {"cell_id": "i3065", "color": "#472e7c"}, {"cell_id": "i3066", "color": "#440154"}, {"cell_id": "i3077", "color": "#472f7d"}, {"cell_id": "i3078", "color": "#1e9c89"}, {"cell_id": "i3079", "color": "#460a5d"}, {"cell_id": "i3080", "color": "#297a8e"}, {"cell_id": "i3081", "color": "#440154"}, {"cell_id": "i3082", "color": "#440154"}, {"cell_id": "i3083", "color": "#440154"}, {"cell_id": "i3093", "color": "#33638d"}, {"cell_id": "i3094", "color": "#440154"}, {"cell_id": "i3095", "color": "#3f4788"}, {"cell_id": "i3096", "color": "#46327e"}, {"cell_id": "i3097", "color": "#440154"}, {"cell_id": "i3098", "color": "#440154"}, {"cell_id": "i3099", "color": "#440154"}, {"cell_id": "i3109", "color": "#482677"}, {"cell_id": "i3110", "color": "#481b6d"}, {"cell_id": "i3111", "color": "#440154"}, {"cell_id": "i3112", "color": "#440154"}, {"cell_id": "i3113", "color": "#470d60"}, {"cell_id": "i3114", "color": "#440154"}, {"cell_id": "i3115", "color": "#443a83"}, {"cell_id": "i3126", "color": "#472a7a"}, {"cell_id": "i3127", "color": "#365c8d"}, {"cell_id": "i3128", "color": "#481f70"}, {"cell_id": "i3129", "color": "#440154"}, {"cell_id": "i3130", "color": "#46085c"}, {"cell_id": "i3131", "color": "#440154"}, {"cell_id": "i3141", "color": "#440154"}, {"cell_id": "i3142", "color": "#3f4889"}, {"cell_id": "i3143", "color": "#33628d"}, {"cell_id": "i3144", "color": "#482475"}, {"cell_id": "i3146", "color": "#481668"}, {"cell_id": "i3147", "color": "#440154"}, {"cell_id": "i3157", "color": "#440154"}, {"cell_id": "i3159", "color": "#440154"}, {"cell_id": "i3161", "color": "#355e8d"}, {"cell_id": "i3162", "color": "#440154"}, {"cell_id": "i3163", "color": "#218f8d"}, {"cell_id": "i3175", "color": "#31688e"}, {"cell_id": "i3176", "color": "#228d8d"}, {"cell_id": "i3177", "color": "#440154"}, {"cell_id": "i3178", "color": "#440154"}, {"cell_id": "i3179", "color": "#440154"}]