[{"cell_id": "JC4_360_HSC_FE_S13_", "color": "#440154"}, {"cell_id": "JC4_363_HSC_FE_S13_", "color": "#440154"}, {"cell_id": "JC4_366_HSC_FE_S13_", "color": "#440154"}, {"cell_id": "JC4_373_HSC_FE_S13_", "color": "#440154"}, {"cell_id": "JC4_384_HSC_FE_S13_", "color": "#440154"}, {"cell_id": "JC4_397_HSC_FE_S13_", "color": "#440154"}, {"cell_id": "JC4_399_HSC_FE_S13_", "color": "#440154"}, {"cell_id": "JC4_400_HSC_FE_S13_", "color": "#440154"}, {"cell_id": "JC20_5.2_FE_S25_", "color": "#7cd250"}, {"cell_id": "JC20_11.2_FE_S25_", "color": "#440154"}, {"cell_id": "JC20_18.1_FE_S25_", "color": "#4cc26c"}, {"cell_id": "JC20_23.1_FE_S25_", "color": "#440154"}, {"cell_id": "JC20_20.2_FE_S25_", "color": "#20928c"}, {"cell_id": "JC20_26.1_FE_S25_", "color": "#3e4c8a"}, {"cell_id": "JC20_29.1_FE_S25_", "color": "#453882"}, {"cell_id": "JC20_33.1_FE_S25_", "color": "#440154"}, {"cell_id": "JC20_48.1.2_FE_S25_", "color": "#440154"}, {"cell_id": "JC20_41.2_FE_S25_", "color": "#440154"}, {"cell_id": "JC20_42.2.1_FE_S25_", "color": "#440154"}, {"cell_id": "JC20_43.2.1_FE_S25_", "color": "#440154"}, {"cell_id": "JC20_46.2.2_FE_S25_", "color": "#440154"}, {"cell_id": "JC20_47.2.2_FE_S25_", "color": "#440154"}, {"cell_id": "JC21_50.1_FE_S25_", "color": "#f4e61e"}, {"cell_id": "JC21_51.1_FE_S25_", "color": "#7cd250"}, {"cell_id": "JC21_53.1_FE_S25_", "color": "#70cf57"}, {"cell_id": "JC21_55.1_FE_S25_", "color": "#fde725"}, {"cell_id": "JC21_56.1_FE_S25_", "color": "#8ed645"}, {"cell_id": "JC21_49.2_FE_S25_", "color": "#6ccd5a"}, {"cell_id": "JC21_51.2_FE_S25_", "color": "#a2da37"}, {"cell_id": "JC21_53.2_FE_S25_", "color": "#7fd34e"}, {"cell_id": "JC21_55.2_FE_S25_", "color": "#dfe318"}, {"cell_id": "JC21_56.2_FE_S25_", "color": "#34618d"}, {"cell_id": "JC21_57.2_FE_S25_", "color": "#d2e21b"}, {"cell_id": "JC21_59.2_FE_S25_", "color": "#a2da37"}, {"cell_id": "JC21_60.2_FE_S25_", "color": "#38588c"}, {"cell_id": "JC21_61.1_FE_S25_", "color": "#bddf26"}, {"cell_id": "JC21_62.1_FE_S25_", "color": "#c2df23"}, {"cell_id": "JC21_63.1_FE_S25_", "color": "#440154"}, {"cell_id": "JC21_64.1_FE_S25_", "color": "#2db27d"}, {"cell_id": "JC21_69.1_FE_S25_", "color": "#440154"}, {"cell_id": "JC21_71.1_FE_S25_", "color": "#440154"}, {"cell_id": "JC21_61.2_FE_S25_", "color": "#69cd5b"}, {"cell_id": "JC21_62.2_FE_S25_", "color": "#d8e219"}, {"cell_id": "JC21_64.2_FE_S25_", "color": "#6ece58"}, {"cell_id": "JC21_65.2_FE_S25_", "color": "#f4e61e"}, {"cell_id": "JC21_66.2_FE_S25_", "color": "#355f8d"}, {"cell_id": "JC21_67.2_FE_S25_", "color": "#440154"}, {"cell_id": "JC21_68.2_FE_S25_", "color": "#287d8e"}, {"cell_id": "JC21_74.1_FE_S25_", "color": "#440154"}, {"cell_id": "JC21_76.1_FE_S25_", "color": "#e2e418"}, {"cell_id": "JC21_78.1_FE_S25_", "color": "#440154"}, {"cell_id": "JC21_81.1_FE_S25_", "color": "#440154"}, {"cell_id": "JC21_83.1_FE_S25_", "color": "#440154"}, {"cell_id": "JC21_84.1_FE_S25_", "color": "#440154"}, {"cell_id": "JC21_73.2_FE_S25_", "color": "#440154"}, {"cell_id": "JC21_74.2_FE_S25_", "color": "#d2e21b"}, {"cell_id": "JC21_76.2_FE_S25_", "color": "#440154"}, {"cell_id": "JC21_80.2_FE_S25_", "color": "#33638d"}, {"cell_id": "JC21_85.2_FE_S25_", "color": "#cde11d"}, {"cell_id": "JC26_99.1_S32_", "color": "#440154"}, {"cell_id": "JC26_100.1_W_S32_", "color": "#34618d"}, {"cell_id": "JC26_101.1_S32_", "color": "#93d741"}, {"cell_id": "JC26_102.1_S32_", "color": "#22a884"}, {"cell_id": "JC26_103.1_S32_", "color": "#440154"}, {"cell_id": "JC26_104.1_S32_", "color": "#26818e"}, {"cell_id": "JC26_106.1.3_S32_", "color": "#3aba76"}, {"cell_id": "JC26_146_S32_", "color": "#1f958b"}, {"cell_id": "JC26_99.2_S32_", "color": "#2d708e"}, {"cell_id": "JC26_100.2_W_S32_", "color": "#77d153"}, {"cell_id": "JC26_101.2_S32_", "color": "#1e9b8a"}, {"cell_id": "JC26_102.2_S32_", "color": "#440154"}, {"cell_id": "JC26_103.2_S32_", "color": "#50c46a"}, {"cell_id": "JC26_104.2_S32_", "color": "#3b518b"}, {"cell_id": "JC26_105.2.3_S32_", "color": "#42be71"}, {"cell_id": "JC26_107.2.3_S32_", "color": "#77d153"}, {"cell_id": "JC26_108.2.3_S32_", "color": "#2cb17e"}, {"cell_id": "JC26_109.1.3_S32_", "color": "#440154"}, {"cell_id": "JC26_112.1.4_S32_", "color": "#440154"}, {"cell_id": "JC26_113.1.4_S32_", "color": "#a2da37"}, {"cell_id": "JC26_114.1_S32_", "color": "#65cb5e"}, {"cell_id": "JC26_115.1.5_S32_", "color": "#1f9a8a"}, {"cell_id": "JC26_116.1.5_S32_", "color": "#440154"}, {"cell_id": "JC26_118.1_S32_", "color": "#404588"}, {"cell_id": "JC26_119.1_W.6_S32_", "color": "#440154"}, {"cell_id": "JC26_120.1.6_S32_", "color": "#440154"}, {"cell_id": "JC26_109.2.3_S32_", "color": "#440154"}, {"cell_id": "JC26_111.2.4_S32_", "color": "#addc30"}, {"cell_id": "JC26_112.2.4_S32_", "color": "#440154"}, {"cell_id": "JC26_113.2.4_S32_", "color": "#440154"}, {"cell_id": "JC26_114.2_S32_", "color": "#228b8d"}, {"cell_id": "JC26_115.2.5_S32_", "color": "#297a8e"}, {"cell_id": "JC26_116.2.5_S32_", "color": "#7cd250"}, {"cell_id": "JC26_117.2.5_S32_", "color": "#25858e"}, {"cell_id": "JC26_119.2_W.6_S32_", "color": "#440154"}, {"cell_id": "JC26_121.1.6_S32_", "color": "#7fd34e"}, {"cell_id": "JC26_125.1.6_S32_", "color": "#34608d"}, {"cell_id": "JC26_127.1_S32_", "color": "#440154"}, {"cell_id": "JC26_128.1.7_S32_", "color": "#28ae80"}, {"cell_id": "JC26_129.1_W.7_S32_", "color": "#2a778e"}, {"cell_id": "JC26_130.1.7_S32_", "color": "#1fa188"}, {"cell_id": "JC26_131.1.7_S32_", "color": "#3d4e8a"}, {"cell_id": "JC26_132.1.7_S32_", "color": "#34618d"}, {"cell_id": "JC26_121.2.6_S32_", "color": "#34618d"}, {"cell_id": "JC26_122.2.6_S32_", "color": "#440154"}, {"cell_id": "JC26_123.2.6_S32_", "color": "#29798e"}, {"cell_id": "JC26_124.2.6_S32_", "color": "#21918c"}, {"cell_id": "JC26_125.2.6_S32_", "color": "#38b977"}, {"cell_id": "JC26_127.2_S32_", "color": "#2a788e"}, {"cell_id": "JC26_128.2.7_S32_", "color": "#5cc863"}, {"cell_id": "JC26_136.1.7_S32_", "color": "#440154"}, {"cell_id": "JC26_140.1.8_S32_", "color": "#1f9e89"}, {"cell_id": "JC26_143.1_W_S32_", "color": "#67cc5c"}, {"cell_id": "JC26_135.2.7_S32_", "color": "#440154"}, {"cell_id": "JC26_136.2.7_S32_", "color": "#440154"}, {"cell_id": "JC26_137.2.8_S32_", "color": "#21918c"}, {"cell_id": "JC26_143.2_W_S32_", "color": "#440154"}, {"cell_id": "JC27_152.1.9_MA_S33_", "color": "#1f9e89"}, {"cell_id": "JC27_153.1.9_MA_S33_", "color": "#48c16e"}, {"cell_id": "JC27_157.1_MA_S33_", "color": "#25ab82"}, {"cell_id": "JC27_158.1_MA_S33_", "color": "#1f998a"}, {"cell_id": "JC27_160.1_MA_S33_", "color": "#1e9c89"}, {"cell_id": "JC27_149.2_W.9_MA_S33_", "color": "#228d8d"}, {"cell_id": "JC27_150.2.9_MA_S33_", "color": "#2db27d"}, {"cell_id": "JC27_151.2_big.9_MA_S33_", "color": "#440154"}, {"cell_id": "JC27_152.2.9_MA_S33_", "color": "#277f8e"}, {"cell_id": "JC27_153.2.9_MA_S33_", "color": "#297b8e"}, {"cell_id": "JC27_155.2.9_MA_S33_", "color": "#4cc26c"}, {"cell_id": "JC27_156.2.9_MA_S33_", "color": "#440154"}, {"cell_id": "JC27_157.2_MA_S33_", "color": "#26ad81"}, {"cell_id": "JC27_159.2_MA_S33_", "color": "#3d4d8a"}, {"cell_id": "JC27_160.2_MA_S33_", "color": "#440154"}, {"cell_id": "JC27_162.1_MA_S33_", "color": "#440154"}, {"cell_id": "JC27_163.1_MA_S33_", "color": "#7cd250"}, {"cell_id": "JC27_164.1_MA_S33_", "color": "#440154"}, {"cell_id": "JC27_165.1_MA_S33_", "color": "#3bbb75"}, {"cell_id": "JC27_166.1_MA_S33_", "color": "#2cb17e"}, {"cell_id": "JC27_168.1_MA_S33_", "color": "#5cc863"}, {"cell_id": "JC27_169.1_MA_S33_", "color": "#54c568"}, {"cell_id": "JC27_170.1_MA_S33_", "color": "#7ad151"}, {"cell_id": "JC27_171.1_MA_S33_", "color": "#440154"}, {"cell_id": "JC27_172.1_MA_S33_", "color": "#440154"}, {"cell_id": "JC27_161.2_MA_S33_", "color": "#d0e11c"}, {"cell_id": "JC27_163.2_MA_S33_", "color": "#54c568"}, {"cell_id": "JC27_164.2_MA_S33_", "color": "#440154"}, {"cell_id": "JC27_165.2_MA_S33_", "color": "#24878e"}, {"cell_id": "JC27_166.2_MA_S33_", "color": "#31678e"}, {"cell_id": "JC27_167.2_MA_S33_", "color": "#440154"}, {"cell_id": "JC27_168.2_MA_S33_", "color": "#440154"}, {"cell_id": "JC27_169.2_MA_S33_", "color": "#355f8d"}, {"cell_id": "JC27_170.2_MA_S33_", "color": "#aadc32"}, {"cell_id": "JC27_172.2_MA_S33_", "color": "#aadc32"}, {"cell_id": "JC27_173.1_MA_S33_", "color": "#25ab82"}, {"cell_id": "JC27_174.1_MA_S33_", "color": "#440154"}, {"cell_id": "JC27_175.1_MA_S33_", "color": "#70cf57"}, {"cell_id": "JC27_177.1_big_MA_S33_", "color": "#23a983"}, {"cell_id": "JC27_178.1_MA_S33_", "color": "#2fb47c"}, {"cell_id": "JC27_181.1_MA_S33_", "color": "#2cb17e"}, {"cell_id": "JC27_182.1_W_MA_S33_", "color": "#1f9e89"}, {"cell_id": "JC27_183.1_MA_S33_", "color": "#b5de2b"}, {"cell_id": "JC27_184.1_MA_S33_", "color": "#1fa287"}, {"cell_id": "JC27_173.2_big_MA_S33_", "color": "#228b8d"}, {"cell_id": "JC27_174.2_MA_S33_", "color": "#27808e"}, {"cell_id": "JC27_175.2_MA_S33_", "color": "#440154"}, {"cell_id": "JC27_176.2_W_MA_S33_", "color": "#2eb37c"}, {"cell_id": "JC27_180.2_W_MA_S33_", "color": "#23a983"}, {"cell_id": "JC27_184.2_MA_S33_", "color": "#d0e11c"}, {"cell_id": "JC27_185.1_MA_S33_", "color": "#93d741"}, {"cell_id": "JC27_187.1_MA_S33_", "color": "#440154"}, {"cell_id": "JC27_189.1_MA_S33_", "color": "#1f948c"}, {"cell_id": "JC27_190.1_MA_S33_", "color": "#addc30"}, {"cell_id": "JC27_191.1_MA_S33_", "color": "#440154"}, {"cell_id": "JC27_192.1_W_MA_S33_", "color": "#46327e"}, {"cell_id": "JC27_193.1_._big_MA_S33_", "color": "#440154"}, {"cell_id": "JC27_193.3_MA_S33_", "color": "#cae11f"}, {"cell_id": "JC27_195.1_MA_S33_", "color": "#424086"}, {"cell_id": "JC27_196.1_MA_S33_", "color": "#355e8d"}, {"cell_id": "JC27_187.2_MA_S33_", "color": "#453781"}, {"cell_id": "JC27_188.2_MA_S33_", "color": "#34618d"}, {"cell_id": "JC27_189.2_MA_S33_", "color": "#2eb37c"}, {"cell_id": "JC27_190.2_MA_S33_", "color": "#440154"}, {"cell_id": "JC27_191.2_MA_S33_", "color": "#287d8e"}, {"cell_id": "JC27_193.2_MA_S33_", "color": "#37b878"}, {"cell_id": "JC27_193.4_MA_S33_", "color": "#440154"}, {"cell_id": "JC27_195.2_MA_S33_", "color": "#440154"}, {"cell_id": "JC28_197.1_FE_S33_", "color": "#2ab07f"}, {"cell_id": "JC28_202.1_FE_S33_", "color": "#2ab07f"}, {"cell_id": "JC28_207.1_FE_S33_", "color": "#60ca60"}, {"cell_id": "JC28_202.2_FE_S33_", "color": "#40bd72"}, {"cell_id": "JC28_203.2_FE_S33_", "color": "#440154"}, {"cell_id": "JC28_204.2_FE_S33_", "color": "#58c765"}, {"cell_id": "JC28_206.2_FE_S33_", "color": "#25ab82"}, {"cell_id": "JC28_211.1_FE_S33_", "color": "#2f6c8e"}, {"cell_id": "JC28_212.1_FE_S33_", "color": "#2c738e"}, {"cell_id": "JC28_214.1.26_FE_S33_", "color": "#440154"}, {"cell_id": "JC28_215.1.26_FE_S33_", "color": "#440154"}, {"cell_id": "JC28_216.1.26_FE_S33_", "color": "#23898e"}, {"cell_id": "JC28_217.1.26_FE_S33_", "color": "#440154"}, {"cell_id": "JC28_218.1_FE_S33_", "color": "#35b779"}, {"cell_id": "JC28_210.2_FE_S33_", "color": "#2c718e"}, {"cell_id": "JC28_211.2_FE_S33_", "color": "#414487"}, {"cell_id": "JC28_212.2_FE_S33_", "color": "#440154"}, {"cell_id": "JC28_214.2.26_FE_S33_", "color": "#1fa287"}, {"cell_id": "JC28_217.2.26_FE_S33_", "color": "#37b878"}, {"cell_id": "JC28_218.2_FE_S33_", "color": "#25ac82"}, {"cell_id": "JC28_219.2_FE_S33_", "color": "#addc30"}, {"cell_id": "JC28_220.2_FE_S33_", "color": "#2f6c8e"}, {"cell_id": "JC28_223.1_FE_S33_", "color": "#21a585"}, {"cell_id": "JC28_228.1.29_FE_S33_", "color": "#20a486"}, {"cell_id": "JC28_229.1.29_FE_S33_", "color": "#440154"}, {"cell_id": "JC28_230.1.29_FE_S33_", "color": "#440154"}, {"cell_id": "JC28_224.2_FE_S33_", "color": "#8bd646"}, {"cell_id": "JC28_232.2_FE_S33_", "color": "#7fd34e"}, {"cell_id": "JC28_233.3_T_FE_S33_", "color": "#44bf70"}, {"cell_id": "JC30_245.1_MA", "color": "#54c568"}, {"cell_id": "JC30_248.1.32_MA", "color": "#440154"}, {"cell_id": "JC30_249.1.32_MA", "color": "#ece51b"}, {"cell_id": "JC30_252.1_T_MA", "color": "#440154"}, {"cell_id": "JC30_252.3_T_MA", "color": "#440154"}, {"cell_id": "JC30_254.1_MA", "color": "#440154"}, {"cell_id": "JC30_255.1_MA", "color": "#29af7f"}, {"cell_id": "JC30_246.2_MA", "color": "#3a548c"}, {"cell_id": "JC30_247.2_MA", "color": "#efe51c"}, {"cell_id": "JC30_250.2.32_MA", "color": "#73d056"}, {"cell_id": "JC30_254.2_._MA", "color": "#440154"}, {"cell_id": "JC30_255.2_MA", "color": "#20a386"}, {"cell_id": "JC30_265.1_MA", "color": "#b0dd2f"}, {"cell_id": "JC30_265.3_._big_MA", "color": "#440154"}, {"cell_id": "JC30_268.1_MA", "color": "#440154"}, {"cell_id": "JC30_265.6_MA", "color": "#1f9a8a"}, {"cell_id": "JC30_268.2_MA", "color": "#440154"}, {"cell_id": "JC30_272.1_W_MA", "color": "#c2df23"}, {"cell_id": "JC30_273.3_MA", "color": "#4ec36b"}, {"cell_id": "JC30_272.2_W_MA", "color": "#e2e418"}, {"cell_id": "JC30_281.1_MA", "color": "#c0df25"}, {"cell_id": "JC30_286.1_MA", "color": "#1f998a"}, {"cell_id": "JC30_288.1_._MA", "color": "#21908d"}, {"cell_id": "JC30_283.2_MA", "color": "#440154"}, {"cell_id": "JC30_289.1_MA", "color": "#440154"}, {"cell_id": "JC32_294.1.37_", "color": "#440154"}, {"cell_id": "JC32_296.1_T.37_", "color": "#440154"}, {"cell_id": "JC32_296.3_T.37_", "color": "#440154"}, {"cell_id": "JC32_298.1.37_", "color": "#440154"}, {"cell_id": "JC32_300.2_..38_", "color": "#440154"}, {"cell_id": "JC32_303.1.38_", "color": "#440154"}, {"cell_id": "JC32_293.2_W_", "color": "#440154"}, {"cell_id": "JC32_315.1_T.41_", "color": "#453581"}, {"cell_id": "JC32_315.3_T.41_", "color": "#440154"}, {"cell_id": "JC32_307.2.39_", "color": "#440154"}, {"cell_id": "JC32_309.2.40_", "color": "#440154"}, {"cell_id": "JC32_313.2.40_", "color": "#440154"}, {"cell_id": "JC32_315.2_T.41_", "color": "#440154"}, {"cell_id": "JC32_319.1.41_", "color": "#440154"}, {"cell_id": "JC32_320.1.41_", "color": "#2e6e8e"}, {"cell_id": "JC32_322.1.41_", "color": "#472e7c"}, {"cell_id": "JC32_323.1.42_", "color": "#440154"}, {"cell_id": "JC32_326.3.42_", "color": "#218f8d"}, {"cell_id": "JC32_328.1.43_", "color": "#3a548c"}, {"cell_id": "JC32_324.2.42_", "color": "#440154"}, {"cell_id": "JC32_329.1.43_", "color": "#2c718e"}, {"cell_id": "JC32_330.1.43_", "color": "#440154"}, {"cell_id": "JC32_338.1.44_", "color": "#1fa188"}, {"cell_id": "JC32_338.3_._big.44_", "color": "#440154"}, {"cell_id": "JC32_329.2.43_", "color": "#440154"}, {"cell_id": "JC32_330.2.43_", "color": "#3c4f8a"}, {"cell_id": "JC32_333.2.43_", "color": "#2d718e"}, {"cell_id": "JC32_335.2.44_", "color": "#440154"}, {"cell_id": "JC32_338.2.44_", "color": "#440154"}, {"cell_id": "JC32_340.3_T_", "color": "#c8e020"}, {"cell_id": "JC32_340.2_T_", "color": "#440154"}, {"cell_id": "JC35_437.3_._big.45_MA_S45_", "color": "#440154"}, {"cell_id": "JC35_446.1.48_MA_S45_", "color": "#c8e020"}, {"cell_id": "JC35_446.2.48_MA_S45_", "color": "#84d44b"}, {"cell_id": "JC35_447.2.48_MA_S45_", "color": "#c0df25"}, {"cell_id": "JC35_448.2.48_MA_S45_", "color": "#4ec36b"}, {"cell_id": "JC35_449.1.48_MA_S45_", "color": "#440154"}, {"cell_id": "JC35_450.1.48_MA_S45_", "color": "#440154"}, {"cell_id": "JC35_453.1_._MA_S45_", "color": "#5ac864"}, {"cell_id": "JC35_456.1.49_MA_S45_", "color": "#440154"}, {"cell_id": "JC35_457.1.49_MA_S45_", "color": "#440154"}, {"cell_id": "JC35_458.1.49_MA_S45_", "color": "#28ae80"}, {"cell_id": "JC35_459.1.50_MA_S45_", "color": "#65cb5e"}, {"cell_id": "JC35_460.1.50_MA_S45_", "color": "#6ccd5a"}, {"cell_id": "JC35_451.2.48_MA_S45_", "color": "#440154"}, {"cell_id": "JC35_453.2_MA_S45_", "color": "#89d548"}, {"cell_id": "JC35_455.2_T_MA_S45_", "color": "#440154"}, {"cell_id": "JC35_456.2.49_MA_S45_", "color": "#440154"}, {"cell_id": "JC35_457.2.49_MA_S45_", "color": "#440154"}, {"cell_id": "JC35_458.2.49_MA_S45_", "color": "#440154"}, {"cell_id": "JC35_459.2.50_MA_S45_", "color": "#440154"}, {"cell_id": "JC35_460.2.50_MA_S45_", "color": "#1e9d89"}, {"cell_id": "JC35_461.1_._MA_S45_", "color": "#440154"}, {"cell_id": "JC35_464.1.51_MA_S45_", "color": "#2d718e"}, {"cell_id": "JC35_465.1_T.51_MA_S45_", "color": "#440154"}, {"cell_id": "JC35_467.4_..52_MA_S45_", "color": "#440154"}, {"cell_id": "JC35_469.1_T.52_MA_S45_", "color": "#440154"}, {"cell_id": "JC35_470.1_._MA_S45_", "color": "#69cd5b"}, {"cell_id": "JC35_472.1_MA_S45_", "color": "#6ece58"}, {"cell_id": "JC35_461.3_._MA_S45_", "color": "#32648e"}, {"cell_id": "JC35_464.2.51_MA_S45_", "color": "#52c569"}, {"cell_id": "JC35_469.3_T.52_MA_S45_", "color": "#440154"}, {"cell_id": "JC35_473.1_MA_S45_", "color": "#22a884"}, {"cell_id": "JC35_474.1_MA_S45_", "color": "#34b679"}, {"cell_id": "JC35_476.1_W.53_MA_S45_", "color": "#54c568"}, {"cell_id": "JC35_479.1_MA_S45_", "color": "#1fa088"}, {"cell_id": "JC35_480.1_W.54_MA_S45_", "color": "#440154"}, {"cell_id": "JC35_482.1.55_MA_S45_", "color": "#440154"}, {"cell_id": "JC35_474.2_MA_S45_", "color": "#26ad81"}, {"cell_id": "JC35_477.2.53_MA_S45_", "color": "#440154"}, {"cell_id": "JC35_478.2.53_MA_S45_", "color": "#26818e"}, {"cell_id": "JC35_480.2_W.54_MA_S45_", "color": "#440154"}, {"cell_id": "JC35_482.2.55_MA_S45_", "color": "#a2da37"}, {"cell_id": "JC36_486.1_T.56_MA_S46_", "color": "#3dbc74"}, {"cell_id": "JC36_486.3_T.56_MA_S46_", "color": "#7cd250"}, {"cell_id": "JC36_488.1.56_MA_S46_", "color": "#440154"}, {"cell_id": "JC36_490.4_._W.57_MA_S46_", "color": "#84d44b"}, {"cell_id": "JC36_492.3.57_MA_S46_", "color": "#34b679"}, {"cell_id": "JC36_494.1.58_MA_S46_", "color": "#375b8d"}, {"cell_id": "JC36_495.1.58_MA_S46_", "color": "#5ac864"}, {"cell_id": "JC36_488.3_..56_MA_S46_", "color": "#67cc5c"}, {"cell_id": "JC36_488.2.56_MA_S46_", "color": "#42be71"}, {"cell_id": "JC36_489.2.56_MA_S46_", "color": "#9dd93b"}, {"cell_id": "JC36_490.2_._W.57_MA_S46_", "color": "#1fa187"}, {"cell_id": "JC36_490.3_._W.57_MA_S46_", "color": "#35b779"}, {"cell_id": "JC36_492.2.57_MA_S46_", "color": "#440154"}, {"cell_id": "JC36_495.3_..58_MA_S46_", "color": "#26ad81"}, {"cell_id": "JC36_494.2.58_MA_S46_", "color": "#34b679"}, {"cell_id": "JC36_495.2.58_MA_S46_", "color": "#70cf57"}, {"cell_id": "JC36_497.1_W.58_MA_S46_", "color": "#440154"}, {"cell_id": "JC36_499.1_W_MA_S46_", "color": "#2e6d8e"}, {"cell_id": "JC36_500.1_MA_S46_", "color": "#2cb17e"}, {"cell_id": "JC36_501.1_._MA_S46_", "color": "#481d6f"}, {"cell_id": "JC36_501.3_MA_S46_", "color": "#20a486"}, {"cell_id": "JC36_503.1_._adi_MA_S46_", "color": "#2e6e8e"}, {"cell_id": "JC36_505.1.59_MA_S46_", "color": "#2d718e"}, {"cell_id": "JC36_506.1.59_MA_S46_", "color": "#33638d"}, {"cell_id": "JC36_507.3.59_MA_S46_", "color": "#440154"}, {"cell_id": "JC36_497.2_W.58_MA_S46_", "color": "#2f6b8e"}, {"cell_id": "JC36_499.2_W_MA_S46_", "color": "#3fbc73"}, {"cell_id": "JC36_500.2_MA_S46_", "color": "#1f978b"}, {"cell_id": "JC36_501.2_MA_S46_", "color": "#60ca60"}, {"cell_id": "JC36_503.3_MA_S46_", "color": "#1e9c89"}, {"cell_id": "JC36_503.2_MA_S46_", "color": "#20a386"}, {"cell_id": "JC36_504.2.59_MA_S46_", "color": "#1f948c"}, {"cell_id": "JC36_505.2.59_MA_S46_", "color": "#75d054"}, {"cell_id": "JC36_506.2.59_MA_S46_", "color": "#93d741"}, {"cell_id": "JC36_507.2.59_MA_S46_", "color": "#1e9b8a"}, {"cell_id": "JC36_520.3_T_MA_S46_", "color": "#6ccd5a"}, {"cell_id": "JC36_511.1_W.61_MA_S46_", "color": "#9dd93b"}, {"cell_id": "JC36_513.1_MA_S46_", "color": "#70cf57"}, {"cell_id": "JC36_514.1.62_MA_S46_", "color": "#29798e"}, {"cell_id": "JC36_515.1_._big.62_MA_S46_", "color": "#472a7a"}, {"cell_id": "JC36_515.3.62_MA_S46_", "color": "#67cc5c"}, {"cell_id": "JC36_515.5.62_MA_S46_", "color": "#440154"}, {"cell_id": "JC36_518.1_._MA_S46_", "color": "#2a768e"}, {"cell_id": "JC36_519.3_._MA_S46_", "color": "#481a6c"}, {"cell_id": "JC36_520.1_T_MA_S46_", "color": "#90d743"}, {"cell_id": "JC36_511.2_W.61_MA_S46_", "color": "#440154"}, {"cell_id": "JC36_512.2_W.61_MA_S46_", "color": "#238a8d"}, {"cell_id": "JC36_513.2_MA_S46_", "color": "#86d549"}, {"cell_id": "JC36_515.4.62_MA_S46_", "color": "#21908d"}, {"cell_id": "JC36_515.6.62_MA_S46_", "color": "#440154"}, {"cell_id": "JC36_519.4_._MA_S46_", "color": "#440154"}, {"cell_id": "JC36_520.2_T_MA_S46_", "color": "#440154"}, {"cell_id": "JC36_521.1_MA_S46_", "color": "#84d44b"}, {"cell_id": "JC36_524.1_..63_MA_S46_", "color": "#1e9b8a"}, {"cell_id": "JC36_524.5.63_MA_S46_", "color": "#440154"}, {"cell_id": "JC36_527.1_MA_S46_", "color": "#65cb5e"}, {"cell_id": "JC36_528.1_MA_S46_", "color": "#297a8e"}, {"cell_id": "JC36_529.1_._MA_S46_", "color": "#1f998a"}, {"cell_id": "JC36_530.1_._MA_S46_", "color": "#75d054"}, {"cell_id": "JC36_531.1_MA_S46_", "color": "#440154"}, {"cell_id": "JC36_532.1_MA_S46_", "color": "#5ec962"}, {"cell_id": "JC36_521.2_MA_S46_", "color": "#1f9f88"}, {"cell_id": "JC36_522.2_MA_S46_", "color": "#3aba76"}, {"cell_id": "JC36_523.2.63_MA_S46_", "color": "#440154"}, {"cell_id": "JC36_524.2.63_MA_S46_", "color": "#277f8e"}, {"cell_id": "JC36_524.4.63_MA_S46_", "color": "#3a538b"}, {"cell_id": "JC36_531.3_._MA_S46_", "color": "#25858e"}, {"cell_id": "JC36_527.2_MA_S46_", "color": "#93d741"}, {"cell_id": "JC36_528.2_MA_S46_", "color": "#75d054"}, {"cell_id": "JC36_529.2_._MA_S46_", "color": "#453781"}, {"cell_id": "JC36_530.2_._MA_S46_", "color": "#31688e"}, {"cell_id": "JC36_531.2_MA_S46_", "color": "#482071"}, {"cell_id": "JC36_532.2_MA_S46_", "color": "#b2dd2d"}, {"cell_id": "JC37_533.1_W.64_MA_S46_", "color": "#306a8e"}, {"cell_id": "JC37_533.3.64_MA_S46_", "color": "#2f6c8e"}, {"cell_id": "JC37_534.1.64_MA_S46_", "color": "#26ad81"}, {"cell_id": "JC37_534.4.64_MA_S46_", "color": "#440154"}, {"cell_id": "JC37_537.1_MA_S46_", "color": "#2d718e"}, {"cell_id": "JC37_538.1_MA_S46_", "color": "#414487"}, {"cell_id": "JC37_539.1_..65_MA_S46_", "color": "#440154"}, {"cell_id": "JC37_539.3.65_MA_S46_", "color": "#37b878"}, {"cell_id": "JC37_541.1.65_MA_S46_", "color": "#1f9e89"}, {"cell_id": "JC37_542.1.65_MA_S46_", "color": "#355f8d"}, {"cell_id": "JC37_543.1.65_MA_S46_", "color": "#287c8e"}, {"cell_id": "JC37_544.1_..65_MA_S46_", "color": "#3e4989"}, {"cell_id": "JC37_533.2_._W.64_MA_S46_", "color": "#34608d"}, {"cell_id": "JC37_534.3.64_MA_S46_", "color": "#32658e"}, {"cell_id": "JC37_534.5.64_MA_S46_", "color": "#440154"}, {"cell_id": "JC37_537.2_MA_S46_", "color": "#2c738e"}, {"cell_id": "JC37_538.2_MA_S46_", "color": "#23a983"}, {"cell_id": "JC37_539.2.65_MA_S46_", "color": "#440154"}, {"cell_id": "JC37_544.3.65_MA_S46_", "color": "#2a788e"}, {"cell_id": "JC37_541.2.65_MA_S46_", "color": "#2a778e"}, {"cell_id": "JC37_542.2.65_MA_S46_", "color": "#440154"}, {"cell_id": "JC37_544.2.65_MA_S46_", "color": "#440154"}, {"cell_id": "JC37_545.1_T.65_MA_S46_", "color": "#433d84"}, {"cell_id": "JC37_545.3_T.65_MA_S46_", "color": "#440154"}, {"cell_id": "JC37_547.1_MA_S46_", "color": "#453882"}, {"cell_id": "JC37_548.1_MA_S46_", "color": "#34618d"}, {"cell_id": "JC37_550.1_._MA_S46_", "color": "#404588"}, {"cell_id": "JC37_551.1_MA_S46_", "color": "#33628d"}, {"cell_id": "JC37_553.3_MA_S46_", "color": "#463480"}, {"cell_id": "JC37_553.1_._big_adi_MA_S46_", "color": "#33638d"}, {"cell_id": "JC37_554.1_MA_S46_", "color": "#440154"}, {"cell_id": "JC37_555.1.66_MA_S46_", "color": "#95d840"}, {"cell_id": "JC37_556.1.66_MA_S46_", "color": "#75d054"}, {"cell_id": "JC37_545.2_T.65_MA_S46_", "color": "#24878e"}, {"cell_id": "JC37_550.3_MA_S46_", "color": "#67cc5c"}, {"cell_id": "JC37_547.2_MA_S46_", "color": "#3fbc73"}, {"cell_id": "JC37_548.2_MA_S46_", "color": "#69cd5b"}, {"cell_id": "JC37_549.2_MA_S46_", "color": "#75d054"}, {"cell_id": "JC37_550.2_MA_S46_", "color": "#440154"}, {"cell_id": "JC37_551.2_MA_S46_", "color": "#440154"}, {"cell_id": "JC37_553.4_MA_S46_", "color": "#440154"}, {"cell_id": "JC37_553.2_MA_S46_", "color": "#423f85"}, {"cell_id": "JC37_554.2_MA_S46_", "color": "#5cc863"}, {"cell_id": "JC37_555.2.66_MA_S46_", "color": "#a5db36"}, {"cell_id": "JC37_556.2.66_MA_S46_", "color": "#440154"}, {"cell_id": "JC37_557.1_ery.66_MA_S46_", "color": "#25858e"}, {"cell_id": "JC37_558.1.66_MA_S46_", "color": "#bddf26"}, {"cell_id": "JC37_560.1_MA_S46_", "color": "#93d741"}, {"cell_id": "JC37_561.1_ery_MA_S46_", "color": "#32648e"}, {"cell_id": "JC37_562.4_..67_MA_S46_", "color": "#440154"}, {"cell_id": "JC37_564.1.67_MA_S46_", "color": "#75d054"}, {"cell_id": "JC37_567.1_ery.67_MA_S46_", "color": "#25848e"}, {"cell_id": "JC37_568.1_MA_S46_", "color": "#5ec962"}, {"cell_id": "JC37_558.2_ery.66_MA_S46_", "color": "#440154"}, {"cell_id": "JC37_560.2_MA_S46_", "color": "#65cb5e"}, {"cell_id": "JC37_561.2_MA_S46_", "color": "#48c16e"}, {"cell_id": "JC37_562.3_..67_MA_S46_", "color": "#440154"}, {"cell_id": "JC37_564.2.67_MA_S46_", "color": "#2f6c8e"}, {"cell_id": "JC37_565.2.67_MA_S46_", "color": "#440154"}, {"cell_id": "JC37_567.2.67_MA_S46_", "color": "#440154"}, {"cell_id": "JC37_570.1.68_MA_S46_", "color": "#69cd5b"}, {"cell_id": "JC37_571.4_..68_MA_S46_", "color": "#472f7d"}, {"cell_id": "JC37_573.1_MA_S46_", "color": "#1fa188"}, {"cell_id": "JC37_574.1_T_MA_S46_", "color": "#440154"}, {"cell_id": "JC37_576.1_T_W.69_MA_S46_", "color": "#440154"}, {"cell_id": "JC37_577.1.69_MA_S46_", "color": "#440154"}, {"cell_id": "JC37_578.1_MA_S46_", "color": "#67cc5c"}, {"cell_id": "JC37_579.1_._MA_S46_", "color": "#1f9a8a"}, {"cell_id": "JC37_579.3_MA_S46_", "color": "#423f85"}, {"cell_id": "JC37_570.2.68_MA_S46_", "color": "#44bf70"}, {"cell_id": "JC37_571.3_..68_MA_S46_", "color": "#440154"}, {"cell_id": "JC37_573.2_MA_S46_", "color": "#440154"}, {"cell_id": "JC37_574.2_T_MA_S46_", "color": "#39568c"}, {"cell_id": "JC37_576.3_T_W.69_MA_S46_", "color": "#29798e"}, {"cell_id": "JC37_576.2_T.69_MA_S46_", "color": "#440154"}, {"cell_id": "JC37_577.2.69_MA_S46_", "color": "#482475"}, {"cell_id": "JC37_578.2_MA_S46_", "color": "#27ad81"}, {"cell_id": "JC37_579.2_MA_S46_", "color": "#3a548c"}, {"cell_id": "JC39_581.3.70_FE_S23_", "color": "#404688"}, {"cell_id": "JC39_583.1.70_FE_S23_", "color": "#34618d"}, {"cell_id": "JC39_585.1_T.70_FE_S23_", "color": "#440154"}, {"cell_id": "JC39_585.3_T.70_FE_S23_", "color": "#440154"}, {"cell_id": "JC39_587.1.70_FE_S23_", "color": "#3a538b"}, {"cell_id": "JC39_588.1.70_FE_S23_", "color": "#34608d"}, {"cell_id": "JC39_589.3.71_FE_S23_", "color": "#2c738e"}, {"cell_id": "JC39_591.3_..71_FE_S23_", "color": "#2b758e"}, {"cell_id": "JC39_591.4_..71_FE_S23_", "color": "#34618d"}, {"cell_id": "JC39_581.2.70_FE_S23_", "color": "#440154"}, {"cell_id": "JC39_581.4.70_FE_S23_", "color": "#440154"}, {"cell_id": "JC39_583.2.70_FE_S23_", "color": "#440154"}, {"cell_id": "JC39_584.2_div.70_FE_S23_", "color": "#440154"}, {"cell_id": "JC39_585.2_T.70_FE_S23_", "color": "#414487"}, {"cell_id": "JC39_588.3.70_FE_S23_", "color": "#440154"}, {"cell_id": "JC39_587.2.70_FE_S23_", "color": "#440154"}, {"cell_id": "JC39_588.2_..70_FE_S23_", "color": "#453581"}, {"cell_id": "JC39_589.2.71_FE_S23_", "color": "#440154"}, {"cell_id": "JC39_591.1_..71_FE_S23_", "color": "#440154"}, {"cell_id": "JC39_591.2_..71_FE_S23_", "color": "#440154"}, {"cell_id": "JC39_594.3.71_FE_S23_", "color": "#32658e"}, {"cell_id": "JC39_593.1.71_FE_S23_", "color": "#2d718e"}, {"cell_id": "JC39_594.1_..71_FE_S23_", "color": "#25838e"}, {"cell_id": "JC39_595.1.72_FE_S23_", "color": "#73d056"}, {"cell_id": "JC39_596.1.72_FE_S23_", "color": "#33638d"}, {"cell_id": "JC39_597.3_T_FE_S23_", "color": "#440154"}, {"cell_id": "JC39_599.1_FE_S23_", "color": "#65cb5e"}, {"cell_id": "JC39_600.1_._FE_S23_", "color": "#58c765"}, {"cell_id": "JC39_601.1_FE_S23_", "color": "#73d056"}, {"cell_id": "JC39_602.1_FE_S23_", "color": "#addc30"}, {"cell_id": "JC39_603.1_T_FE_S23_", "color": "#4ac16d"}, {"cell_id": "JC39_604.1_FE_S23_", "color": "#375b8d"}, {"cell_id": "JC39_593.2.71_FE_S23_", "color": "#440154"}, {"cell_id": "JC39_594.2.71_FE_S23_", "color": "#433d84"}, {"cell_id": "JC39_595.2.72_FE_S23_", "color": "#95d840"}, {"cell_id": "JC39_596.2.72_FE_S23_", "color": "#a8db34"}, {"cell_id": "JC39_597.2_T_FE_S23_", "color": "#440154"}, {"cell_id": "JC39_603.3_T_FE_S23_", "color": "#23898e"}, {"cell_id": "JC39_599.2_FE_S23_", "color": "#440154"}, {"cell_id": "JC39_600.2_FE_S23_", "color": "#52c569"}, {"cell_id": "JC39_601.2_FE_S23_", "color": "#218f8d"}, {"cell_id": "JC39_602.2_FE_S23_", "color": "#84d44b"}, {"cell_id": "JC39_603.2_T_FE_S23_", "color": "#218e8d"}, {"cell_id": "JC39_604.2_FE_S23_", "color": "#443a83"}, {"cell_id": "JC39_605.1_FE_S23_", "color": "#443a83"}, {"cell_id": "JC39_606.1_FE_S23_", "color": "#482878"}, {"cell_id": "JC39_607.1_FE_S23_", "color": "#440154"}, {"cell_id": "JC39_608.1_._FE_S23_", "color": "#67cc5c"}, {"cell_id": "JC39_608.3_FE_S23_", "color": "#472c7a"}, {"cell_id": "JC39_610.1_FE_S23_", "color": "#440154"}, {"cell_id": "JC39_611.1_FE_S23_", "color": "#440154"}, {"cell_id": "JC39_612.1.73_FE_S23_", "color": "#440154"}, {"cell_id": "JC39_613.1_..73_FE_S23_", "color": "#440154"}, {"cell_id": "JC39_613.3.73_FE_S23_", "color": "#3e4a89"}, {"cell_id": "JC39_615.1_FE_S23_", "color": "#c0df25"}, {"cell_id": "JC39_616.1_FE_S23_", "color": "#24868e"}, {"cell_id": "JC39_605.2_FE_S23_", "color": "#63cb5f"}, {"cell_id": "JC39_606.2_FE_S23_", "color": "#440154"}, {"cell_id": "JC39_607.2_FE_S23_", "color": "#433e85"}, {"cell_id": "JC39_608.2_FE_S23_", "color": "#32658e"}, {"cell_id": "JC39_610.2_FE_S23_", "color": "#440154"}, {"cell_id": "JC39_612.2.73_FE_S23_", "color": "#2e6e8e"}, {"cell_id": "JC39_613.4.73_FE_S23_", "color": "#440154"}, {"cell_id": "JC39_615.2_FE_S23_", "color": "#440154"}, {"cell_id": "JC39_616.2_FE_S23_", "color": "#3e4c8a"}, {"cell_id": "JC39_617.1_FE_S23_", "color": "#34618d"}, {"cell_id": "JC39_618.3_._FE_S23_", "color": "#9bd93c"}, {"cell_id": "JC39_620.1_FE_S23_", "color": "#440154"}, {"cell_id": "JC39_623.1_FE_S23_", "color": "#440154"}, {"cell_id": "JC39_624.1_T_FE_S23_", "color": "#2e6f8e"}, {"cell_id": "JC39_626.1_T_FE_S23_", "color": "#440154"}, {"cell_id": "JC39_627.1_FE_S23_", "color": "#34b679"}, {"cell_id": "JC39_628.1_FE_S23_", "color": "#8ed645"}, {"cell_id": "JC39_618.1_._FE_S23_", "color": "#c5e021"}, {"cell_id": "JC39_618.2_._FE_S23_", "color": "#25848e"}, {"cell_id": "JC39_619.2_FE_S23_", "color": "#440154"}, {"cell_id": "JC39_620.2_FE_S23_", "color": "#aadc32"}, {"cell_id": "JC39_621.2_FE_S23_", "color": "#440154"}, {"cell_id": "JC39_623.3_FE_S23_", "color": "#228b8d"}, {"cell_id": "JC39_623.2_._FE_S23_", "color": "#453581"}, {"cell_id": "JC39_624.2_T_FE_S23_", "color": "#2b748e"}, {"cell_id": "JC39_626.3_T_FE_S23_", "color": "#32658e"}, {"cell_id": "JC39_626.2_T_FE_S23_", "color": "#4ec36b"}, {"cell_id": "JC39_627.2_FE_S23_", "color": "#7cd250"}, {"cell_id": "JC39_628.2_FE_S23_", "color": "#56c667"}, {"cell_id": "JC40_630.1.74_FE_S23_", "color": "#440154"}, {"cell_id": "JC40_631.1.74_FE_S23_", "color": "#440154"}, {"cell_id": "JC40_632.1.75_FE_S23_", "color": "#440154"}, {"cell_id": "JC40_633.1.75_FE_S23_", "color": "#440154"}, {"cell_id": "JC40_637.1.76_FE_S23_", "color": "#dae319"}, {"cell_id": "JC40_638.1_T.76_FE_S23_", "color": "#a2da37"}, {"cell_id": "JC40_639.1_FE_S23_", "color": "#c2df23"}, {"cell_id": "JC40_640.1_FE_S23_", "color": "#440154"}, {"cell_id": "JC40_629.2.74_FE_S23_", "color": "#440154"}, {"cell_id": "JC40_630.2.74_FE_S23_", "color": "#95d840"}, {"cell_id": "JC40_632.2.75_FE_S23_", "color": "#218e8d"}, {"cell_id": "JC40_633.2.75_FE_S23_", "color": "#2d708e"}, {"cell_id": "JC40_634.2.75_FE_S23_", "color": "#2cb17e"}, {"cell_id": "JC40_637.2.76_FE_S23_", "color": "#440154"}, {"cell_id": "JC40_638.2_T.76_FE_S23_", "color": "#440154"}, {"cell_id": "JC40_639.2_FE_S23_", "color": "#3fbc73"}, {"cell_id": "JC40_640.2_FE_S23_", "color": "#3dbc74"}, {"cell_id": "JC40_642.1_FE_S23_", "color": "#440154"}, {"cell_id": "JC40_644.1.77_FE_S23_", "color": "#453781"}, {"cell_id": "JC40_648.1.78_FE_S23_", "color": "#a2da37"}, {"cell_id": "JC40_649.1_T.78_FE_S23_", "color": "#440154"}, {"cell_id": "JC40_649.3_T.78_FE_S23_", "color": "#440154"}, {"cell_id": "JC40_651.1.78_FE_S23_", "color": "#440154"}, {"cell_id": "JC40_652.1_FE_S23_", "color": "#90d743"}, {"cell_id": "JC40_641.2_FE_S23_", "color": "#440154"}, {"cell_id": "JC40_642.2_FE_S23_", "color": "#440154"}, {"cell_id": "JC40_643.2.77_FE_S23_", "color": "#440154"}, {"cell_id": "JC40_644.2.77_FE_S23_", "color": "#440154"}, {"cell_id": "JC40_645.2.77_FE_S23_", "color": "#2a778e"}, {"cell_id": "JC40_646.2.77_FE_S23_", "color": "#93d741"}, {"cell_id": "JC40_647.2_FE_S23_", "color": "#70cf57"}, {"cell_id": "JC40_648.2.78_FE_S23_", "color": "#b0dd2f"}, {"cell_id": "JC40_649.2_T.78_FE_S23_", "color": "#bddf26"}, {"cell_id": "JC40_652.3_._FE_S23_", "color": "#b5de2b"}, {"cell_id": "JC40_651.2.78_FE_S23_", "color": "#424086"}, {"cell_id": "JC40_652.2_FE_S23_", "color": "#65cb5e"}, {"cell_id": "JC40_653.1_W_FE_S23_", "color": "#81d34d"}, {"cell_id": "JC40_655.1.79_FE_S23_", "color": "#2b758e"}, {"cell_id": "JC40_656.1.79_FE_S23_", "color": "#440154"}, {"cell_id": "JC40_657.1_..79_FE_S23_", "color": "#30698e"}, {"cell_id": "JC40_659.1.79_FE_S23_", "color": "#39568c"}, {"cell_id": "JC40_660.1.79_FE_S23_", "color": "#440154"}, {"cell_id": "JC40_660.5.79_FE_S23_", "color": "#25838e"}, {"cell_id": "JC40_662.1_FE_S23_", "color": "#69cd5b"}, {"cell_id": "JC40_663.1_FE_S23_", "color": "#42be71"}, {"cell_id": "JC40_664.1.80_FE_S23_", "color": "#34b679"}, {"cell_id": "JC40_653.2_W_FE_S23_", "color": "#d0e11c"}, {"cell_id": "JC40_654.2_FE_S23_", "color": "#440154"}, {"cell_id": "JC40_656.2.79_FE_S23_", "color": "#440154"}, {"cell_id": "JC40_657.2.79_FE_S23_", "color": "#277e8e"}, {"cell_id": "JC40_660.3_..79_FE_S23_", "color": "#440154"}, {"cell_id": "JC40_659.2.79_FE_S23_", "color": "#2d718e"}, {"cell_id": "JC40_660.2.79_FE_S23_", "color": "#440154"}, {"cell_id": "JC40_660.4.79_FE_S23_", "color": "#440154"}, {"cell_id": "JC40_662.2_FE_S23_", "color": "#6ccd5a"}, {"cell_id": "JC40_664.2.80_FE_S23_", "color": "#a8db34"}, {"cell_id": "JC40_665.1.80_FE_S23_", "color": "#32658e"}, {"cell_id": "JC40_666.1.81_FE_S23_", "color": "#440154"}, {"cell_id": "JC40_668.1.81_FE_S23_", "color": "#440154"}, {"cell_id": "JC40_672.1.82_FE_S23_", "color": "#440154"}, {"cell_id": "JC40_674.1_T_FE_S23_", "color": "#3aba76"}, {"cell_id": "JC40_674.3_T_FE_S23_", "color": "#42be71"}, {"cell_id": "JC40_666.2.81_FE_S23_", "color": "#440154"}, {"cell_id": "JC40_670.2_W.81_FE_S23_", "color": "#440154"}, {"cell_id": "JC40_673.2.82_FE_S23_", "color": "#440154"}, {"cell_id": "JC40_674.2_T_FE_S23_", "color": "#addc30"}, {"cell_id": "JC40_676.3_T_FE_S23_", "color": "#287c8e"}, {"cell_id": "JC41_677.1.83_FE_S52_", "color": "#5ac864"}, {"cell_id": "JC41_678.1_..83_FE_S52_", "color": "#37b878"}, {"cell_id": "JC41_678.3.83_FE_S52_", "color": "#4ec36b"}, {"cell_id": "JC41_680.1_FE_S52_", "color": "#4ec36b"}, {"cell_id": "JC41_681.1.84_FE_S52_", "color": "#21a585"}, {"cell_id": "JC41_682.1.84_FE_S52_", "color": "#440154"}, {"cell_id": "JC41_683.1.85_FE_S52_", "color": "#440154"}, {"cell_id": "JC41_684.1.85_FE_S52_", "color": "#440154"}, {"cell_id": "JC41_685.1.85_FE_S52_", "color": "#440154"}, {"cell_id": "JC41_686.1_..85_FE_S52_", "color": "#440154"}, {"cell_id": "JC41_686.3.85_FE_S52_", "color": "#1f9f88"}, {"cell_id": "JC41_688.3_._FE_S52_", "color": "#58c765"}, {"cell_id": "JC41_677.2.83_FE_S52_", "color": "#37b878"}, {"cell_id": "JC41_678.2.83_FE_S52_", "color": "#75d054"}, {"cell_id": "JC41_680.3_FE_S52_", "color": "#440154"}, {"cell_id": "JC41_680.2_._FE_S52_", "color": "#3b518b"}, {"cell_id": "JC41_682.2.84_FE_S52_", "color": "#1fa088"}, {"cell_id": "JC41_683.2.85_FE_S52_", "color": "#440154"}, {"cell_id": "JC41_684.2.85_FE_S52_", "color": "#440154"}, {"cell_id": "JC41_685.2.85_FE_S52_", "color": "#440154"}, {"cell_id": "JC41_688.1_._FE_S52_", "color": "#1f948c"}, {"cell_id": "JC41_688.2_._FE_S52_", "color": "#addc30"}, {"cell_id": "JC41_688.4_._FE_S52_", "color": "#440154"}, {"cell_id": "JC41_690.1.86_FE_S52_", "color": "#29798e"}, {"cell_id": "JC41_691.1.86_FE_S52_", "color": "#a0da39"}, {"cell_id": "JC41_693.1_FE_S52_", "color": "#440154"}, {"cell_id": "JC41_694.1_FE_S52_", "color": "#440154"}, {"cell_id": "JC41_695.1_W.87_FE_S52_", "color": "#1fa187"}, {"cell_id": "JC41_696.1.87_FE_S52_", "color": "#30698e"}, {"cell_id": "JC41_697.1_._FE_S52_", "color": "#440154"}, {"cell_id": "JC41_697.4_._FE_S52_", "color": "#32658e"}, {"cell_id": "JC41_699.1.88_FE_S52_", "color": "#440154"}, {"cell_id": "JC41_700.1_T.88_FE_S52_", "color": "#297a8e"}, {"cell_id": "JC41_700.3_T.88_FE_S52_", "color": "#7ad151"}, {"cell_id": "JC41_690.2.86.88_FE_S52_", "color": "#440154"}, {"cell_id": "JC41_691.2.86_FE_S52_", "color": "#93d741"}, {"cell_id": "JC41_692.2_FE_S52_", "color": "#4ec36b"}, {"cell_id": "JC41_693.2_FE_S52_", "color": "#3d4e8a"}, {"cell_id": "JC41_694.2_FE_S52_", "color": "#7cd250"}, {"cell_id": "JC41_695.2_W.87_FE_S52_", "color": "#2a778e"}, {"cell_id": "JC41_696.2_div.87_FE_S52_", "color": "#2f6c8e"}, {"cell_id": "JC41_697.2_._FE_S52_", "color": "#25848e"}, {"cell_id": "JC41_697.3_._FE_S52_", "color": "#26828e"}, {"cell_id": "JC41_699.2_FE_S52_", "color": "#443983"}, {"cell_id": "JC41_700.2_T_FE_S52_", "color": "#29798e"}, {"cell_id": "JC41_701.1_W_FE_S52_", "color": "#365c8d"}, {"cell_id": "JC41_702.1_._FE_S52_", "color": "#482374"}, {"cell_id": "JC41_702.3_FE_S52_", "color": "#440154"}, {"cell_id": "JC41_704.1_FE_S52_", "color": "#1fa088"}, {"cell_id": "JC41_705.1_._FE_S52_", "color": "#20938c"}, {"cell_id": "JC41_705.3_FE_S52_", "color": "#440154"}, {"cell_id": "JC41_707.1.89_FE_S52_", "color": "#440154"}, {"cell_id": "JC41_708.1_T.89_FE_S52_", "color": "#440154"}, {"cell_id": "JC41_709.1.90_FE_S52_", "color": "#440154"}, {"cell_id": "JC41_710.1_W.90_FE_S52_", "color": "#481769"}, {"cell_id": "JC41_711.1.90_FE_S52_", "color": "#20a486"}, {"cell_id": "JC41_712.1.90_FE_S52_", "color": "#440154"}, {"cell_id": "JC41_701.2_W_FE_S52_", "color": "#31678e"}, {"cell_id": "JC41_702.2_FE_S52_", "color": "#2f6c8e"}, {"cell_id": "JC41_708.3_T.89_FE_S52_", "color": "#440154"}, {"cell_id": "JC41_704.2_FE_S52_", "color": "#440154"}, {"cell_id": "JC41_705.2_FE_S52_", "color": "#440154"}, {"cell_id": "JC41_705.4_FE_S52_", "color": "#482475"}, {"cell_id": "JC41_708.2_T.89_FE_S52_", "color": "#440154"}, {"cell_id": "JC41_709.2.90_FE_S52_", "color": "#2c738e"}, {"cell_id": "JC41_710.2_W.90_FE_S52_", "color": "#1f958b"}, {"cell_id": "JC41_711.2.90_FE_S52_", "color": "#2f6c8e"}, {"cell_id": "JC41_712.2.90_FE_S52_", "color": "#228b8d"}, {"cell_id": "JC41_713.1.90_FE_S52_", "color": "#440154"}, {"cell_id": "JC41_714.1_FE_S52_", "color": "#3e4a89"}, {"cell_id": "JC41_715.1_FE_S52_", "color": "#440154"}, {"cell_id": "JC41_716.1_FE_S52_", "color": "#50c46a"}, {"cell_id": "JC41_717.1_FE_S52_", "color": "#2e6d8e"}, {"cell_id": "JC41_718.1.91_FE_S52_", "color": "#22a884"}, {"cell_id": "JC41_719.1.91_FE_S52_", "color": "#22a785"}, {"cell_id": "JC41_719.3_..91_FE_S52_", "color": "#440154"}, {"cell_id": "JC41_721.1.91_FE_S52_", "color": "#228d8d"}, {"cell_id": "JC41_722.1_T.91_FE_S52_", "color": "#44bf70"}, {"cell_id": "JC41_723.1.91_FE_S52_", "color": "#228d8d"}, {"cell_id": "JC41_724.1_FE_S52_", "color": "#440154"}, {"cell_id": "JC41_714.2_FE_S52_", "color": "#32648e"}, {"cell_id": "JC41_715.2_FE_S52_", "color": "#440154"}, {"cell_id": "JC41_717.2_FE_S52_", "color": "#48c16e"}, {"cell_id": "JC41_718.2.91_FE_S52_", "color": "#31b57b"}, {"cell_id": "JC41_719.2.91_FE_S52_", "color": "#440154"}, {"cell_id": "JC41_722.3_T.91_FE_S52_", "color": "#31678e"}, {"cell_id": "JC41_721.2.91_FE_S52_", "color": "#1f948c"}, {"cell_id": "JC41_722.2_T.91_FE_S52_", "color": "#34b679"}, {"cell_id": "JC41_723.2.91_FE_S52_", "color": "#60ca60"}, {"cell_id": "JC41_724.2_FE_S52_", "color": "#440154"}, {"cell_id": "JC43_725.1_T.92_FE_S27_", "color": "#277e8e"}, {"cell_id": "JC43_725.3_T.92_FE_S27_", "color": "#440154"}, {"cell_id": "JC43_727.1_T.92_FE_S27_", "color": "#25838e"}, {"cell_id": "JC43_728.1.92_FE_S27_", "color": "#404688"}, {"cell_id": "JC43_729.3_T.92_FE_S27_", "color": "#a0da39"}, {"cell_id": "JC43_731.1.92_FE_S27_", "color": "#440154"}, {"cell_id": "JC43_732.1.93_FE_S27_", "color": "#2db27d"}, {"cell_id": "JC43_733.1_big_adipo.93_FE_S27_", "color": "#440154"}, {"cell_id": "JC43_734.1_T.94_FE_S27_", "color": "#5ac864"}, {"cell_id": "JC43_735.1.94_FE_S27_", "color": "#440154"}, {"cell_id": "JC43_736.1.94_FE_S27_", "color": "#440154"}, {"cell_id": "JC43_725.2_T.92_FE_S27_", "color": "#218f8d"}, {"cell_id": "JC43_727.3_T.92_FE_S27_", "color": "#440154"}, {"cell_id": "JC43_727.2_T.92_FE_S27_", "color": "#67cc5c"}, {"cell_id": "JC43_728.2.92_FE_S27_", "color": "#440154"}, {"cell_id": "JC43_729.2_T.92_FE_S27_", "color": "#2e6e8e"}, {"cell_id": "JC43_734.3_T.92_FE_S27_", "color": "#77d153"}, {"cell_id": "JC43_731.2.92_FE_S27_", "color": "#22a785"}, {"cell_id": "JC43_732.2_big_adipo.93_FE_S27_", "color": "#39568c"}, {"cell_id": "JC43_733.2.93_FE_S27_", "color": "#440154"}, {"cell_id": "JC43_734.2_T.94_FE_S27_", "color": "#1f9e89"}, {"cell_id": "JC43_735.2.94_FE_S27_", "color": "#3b528b"}, {"cell_id": "JC43_738.1_T.95_FE_S27_", "color": "#65cb5e"}, {"cell_id": "JC43_738.3_T.95_FE_S27_", "color": "#440154"}, {"cell_id": "JC43_740.1.95_FE_S27_", "color": "#20928c"}, {"cell_id": "JC43_740.3.95_FE_S27_", "color": "#65cb5e"}, {"cell_id": "JC43_742.1.95_FE_S27_", "color": "#440154"}, {"cell_id": "JC43_743.1_..95_FE_S27_", "color": "#228c8d"}, {"cell_id": "JC43_743.4_..95_FE_S27_", "color": "#440154"}, {"cell_id": "JC43_745.1_big.95_FE_S27_", "color": "#3f4889"}, {"cell_id": "JC43_746.1_T.95_FE_S27_", "color": "#98d83e"}, {"cell_id": "JC43_747.1_..95_FE_S27_", "color": "#75d054"}, {"cell_id": "JC43_747.3.95_FE_S27_", "color": "#440154"}, {"cell_id": "JC43_737.2.95_FE_S27_", "color": "#4ac16d"}, {"cell_id": "JC43_738.2_T.95_FE_S27_", "color": "#440154"}, {"cell_id": "JC43_746.3_T.95_FE_S27_", "color": "#27808e"}, {"cell_id": "JC43_740.2_..95_FE_S27_", "color": "#4ec36b"}, {"cell_id": "JC43_740.4.95_FE_S27_", "color": "#440154"}, {"cell_id": "JC43_743.2_..95_FE_S27_", "color": "#31678e"}, {"cell_id": "JC43_743.3_..95_FE_S27_", "color": "#440154"}, {"cell_id": "JC43_745.2.95_FE_S27_", "color": "#238a8d"}, {"cell_id": "JC43_746.2_T.95_FE_S27_", "color": "#31b57b"}, {"cell_id": "JC43_747.2.95_FE_S27_", "color": "#1e9b8a"}, {"cell_id": "JC43_749.3.95_FE_S27_", "color": "#440154"}, {"cell_id": "JC43_749.1_..95_FE_S27_", "color": "#46337f"}, {"cell_id": "JC43_751.1_FE_S27_", "color": "#1f958b"}, {"cell_id": "JC43_752.1_._FE_S27_", "color": "#440154"}, {"cell_id": "JC43_752.3_FE_S27_", "color": "#32648e"}, {"cell_id": "JC43_754.1_T.96_FE_S27_", "color": "#440154"}, {"cell_id": "JC43_755.1_..96_FE_S27_", "color": "#440154"}, {"cell_id": "JC43_755.3.96_FE_S27_", "color": "#440154"}, {"cell_id": "JC43_757.1.96_FE_S27_", "color": "#3f4889"}, {"cell_id": "JC43_758.1.97_FE_S27_", "color": "#a0da39"}, {"cell_id": "JC43_759.1_T.97_FE_S27_", "color": "#3dbc74"}, {"cell_id": "JC43_759.3_T.97_FE_S27_", "color": "#440154"}, {"cell_id": "JC43_751.2_._big_FE_S27_", "color": "#440154"}, {"cell_id": "JC43_752.2_FE_S27_", "color": "#440154"}, {"cell_id": "JC43_754.3_T.96_FE_S27_", "color": "#2e6d8e"}, {"cell_id": "JC43_754.2_T.96_FE_S27_", "color": "#440154"}, {"cell_id": "JC43_755.2.96_FE_S27_", "color": "#8bd646"}, {"cell_id": "JC43_757.3.96_FE_S27_", "color": "#440154"}, {"cell_id": "JC43_757.2_..96_FE_S27_", "color": "#440154"}, {"cell_id": "JC43_758.2.97_FE_S27_", "color": "#a0da39"}, {"cell_id": "JC43_761.1_T.97_FE_S27_", "color": "#440154"}, {"cell_id": "JC43_762.1_FE_S27_", "color": "#440154"}, {"cell_id": "JC43_763.1.98_FE_S27_", "color": "#440154"}, {"cell_id": "JC43_764.1.98_FE_S27_", "color": "#20928c"}, {"cell_id": "JC43_765.1.98_FE_S27_", "color": "#440154"}, {"cell_id": "JC43_766.1.98_FE_S27_", "color": "#440154"}, {"cell_id": "JC43_767.1_FE_S27_", "color": "#63cb5f"}, {"cell_id": "JC43_768.1_FE_S27_", "color": "#440154"}, {"cell_id": "JC43_769.1_FE_S27_", "color": "#8ed645"}, {"cell_id": "JC43_771.3_FE_S27_", "color": "#440154"}, {"cell_id": "JC43_771.1_._FE_S27_", "color": "#440154"}, {"cell_id": "JC43_761.2_T.97_FE_S27_", "color": "#440154"}, {"cell_id": "JC43_762.2_FE_S27_", "color": "#440154"}, {"cell_id": "JC43_763.2.98_FE_S27_", "color": "#440154"}, {"cell_id": "JC43_764.2.98_FE_S27_", "color": "#31668e"}, {"cell_id": "JC43_765.2.98_FE_S27_", "color": "#440154"}, {"cell_id": "JC43_767.2_FE_S27_", "color": "#a5db36"}, {"cell_id": "JC43_768.2_FE_S27_", "color": "#5ac864"}, {"cell_id": "JC43_769.2_FE_S27_", "color": "#89d548"}, {"cell_id": "JC43_771.4_FE_S27_", "color": "#32648e"}, {"cell_id": "JC43_771.2_FE_S27_", "color": "#26ad81"}, {"cell_id": "JC43_772.2_FE_S27_", "color": "#73d056"}, {"cell_id": "JC44_773.1_W.99_FE_S27_", "color": "#69cd5b"}, {"cell_id": "JC44_774.1.99_FE_S27_", "color": "#440154"}, {"cell_id": "JC44_775.1.99_FE_S27_", "color": "#440154"}, {"cell_id": "JC44_776.1_._FE_S27_", "color": "#440154"}, {"cell_id": "JC44_776.3_FE_S27_", "color": "#2e6f8e"}, {"cell_id": "JC44_778.3_FE_S27_", "color": "#35b779"}, {"cell_id": "JC44_780.1_FE_S27_", "color": "#b5de2b"}, {"cell_id": "JC44_781.1_FE_S27_", "color": "#3bbb75"}, {"cell_id": "JC44_782.1.100_FE_S27_", "color": "#32658e"}, {"cell_id": "JC44_773.2_W.99_FE_S27_", "color": "#3b528b"}, {"cell_id": "JC44_774.2.99_FE_S27_", "color": "#24878e"}, {"cell_id": "JC44_775.2.99_FE_S27_", "color": "#440154"}, {"cell_id": "JC44_776.2_FE_S27_", "color": "#440154"}, {"cell_id": "JC44_776.4_FE_S27_", "color": "#482576"}, {"cell_id": "JC44_778.2_FE_S27_", "color": "#63cb5f"}, {"cell_id": "JC44_778.4_FE_S27_", "color": "#440154"}, {"cell_id": "JC44_780.2_FE_S27_", "color": "#440154"}, {"cell_id": "JC44_781.2_FE_S27_", "color": "#440154"}, {"cell_id": "JC44_782.2.100_FE_S27_", "color": "#33628d"}, {"cell_id": "JC44_783.2.100_FE_S27_", "color": "#440154"}, {"cell_id": "JC44_784.2.100_FE_S27_", "color": "#443a83"}, {"cell_id": "JC44_785.1_..100_FE_S27_", "color": "#95d840"}, {"cell_id": "JC44_785.3.100_FE_S27_", "color": "#472f7d"}, {"cell_id": "JC44_787.1_T_FE_S27_", "color": "#75d054"}, {"cell_id": "JC44_788.1_big_adipo_FE_S27_", "color": "#440154"}, {"cell_id": "JC44_789.1_._FE_S27_", "color": "#472d7b"}, {"cell_id": "JC44_789.3_FE_S27_", "color": "#440154"}, {"cell_id": "JC44_791.1_T_FE_S27_", "color": "#440154"}, {"cell_id": "JC44_792.1_FE_S27_", "color": "#440154"}, {"cell_id": "JC44_793.1_._FE_S27_", "color": "#46c06f"}, {"cell_id": "JC44_793.3_FE_S27_", "color": "#26818e"}, {"cell_id": "JC44_796.1_._FE_S27_", "color": "#440154"}, {"cell_id": "JC44_787.3_T_FE_S27_", "color": "#23888e"}, {"cell_id": "JC44_787.2_T_FE_S27_", "color": "#38b977"}, {"cell_id": "JC44_788.2_FE_S27_", "color": "#21a585"}, {"cell_id": "JC44_789.2_FE_S27_", "color": "#3e4989"}, {"cell_id": "JC44_791.3_T_FE_S27_", "color": "#40bd72"}, {"cell_id": "JC44_791.2_T_FE_S27_", "color": "#32b67a"}, {"cell_id": "JC44_792.2_FE_S27_", "color": "#77d153"}, {"cell_id": "JC44_793.2_FE_S27_", "color": "#5cc863"}, {"cell_id": "JC44_795.3_FE_S27_", "color": "#38b977"}, {"cell_id": "JC44_795.2_._FE_S27_", "color": "#440154"}, {"cell_id": "JC44_796.2_._FE_S27_", "color": "#21a585"}, {"cell_id": "JC44_796.3_._FE_S27_", "color": "#38b977"}, {"cell_id": "JC44_798.1.101_FE_S27_", "color": "#440154"}, {"cell_id": "JC44_799.1.101_FE_S27_", "color": "#440154"}, {"cell_id": "JC44_800.1_FE_S27_", "color": "#453882"}, {"cell_id": "JC44_801.1.102_FE_S27_", "color": "#472e7c"}, {"cell_id": "JC44_802.1.102_FE_S27_", "color": "#453882"}, {"cell_id": "JC44_803.1.102_FE_S27_", "color": "#90d743"}, {"cell_id": "JC44_804.1_T_FE_S27_", "color": "#2e6e8e"}, {"cell_id": "JC44_804.3_T_FE_S27_", "color": "#440154"}, {"cell_id": "JC44_806.1_FE_S27_", "color": "#65cb5e"}, {"cell_id": "JC44_807.1.103_FE_S27_", "color": "#440154"}, {"cell_id": "JC44_808.1.103_FE_S27_", "color": "#3d4e8a"}, {"cell_id": "JC44_798.2.101_FE_S27_", "color": "#440154"}, {"cell_id": "JC44_799.2.101_FE_S27_", "color": "#306a8e"}, {"cell_id": "JC44_800.2_FE_S27_", "color": "#472c7a"}, {"cell_id": "JC44_801.2.102_FE_S27_", "color": "#9dd93b"}, {"cell_id": "JC44_802.2.102_FE_S27_", "color": "#440154"}, {"cell_id": "JC44_803.2.102_FE_S27_", "color": "#440154"}, {"cell_id": "JC44_804.2_T_FE_S27_", "color": "#90d743"}, {"cell_id": "JC44_808.3_..103_FE_S27_", "color": "#481769"}, {"cell_id": "JC44_806.2_FE_S27_", "color": "#9dd93b"}, {"cell_id": "JC44_807.2.103_FE_S27_", "color": "#23898e"}, {"cell_id": "JC44_808.2.103_FE_S27_", "color": "#bade28"}, {"cell_id": "JC44_808.4.103_FE_S27_", "color": "#440154"}, {"cell_id": "JC44_810.1_T.103_FE_S27_", "color": "#440154"}, {"cell_id": "JC44_810.3_T.103_FE_S27_", "color": "#2e6d8e"}, {"cell_id": "JC44_812.1.103_FE_S27_", "color": "#86d549"}, {"cell_id": "JC44_813.1_T.104_FE_S27_", "color": "#1f9e89"}, {"cell_id": "JC44_814.1.104_FE_S27_", "color": "#22a785"}, {"cell_id": "JC44_815.1.105_FE_S27_", "color": "#2e6e8e"}, {"cell_id": "JC44_816.1.105_FE_S27_", "color": "#26828e"}, {"cell_id": "JC44_817.3_FE_S27_", "color": "#4ac16d"}, {"cell_id": "JC44_819.1_big_FE_S27_", "color": "#440154"}, {"cell_id": "JC44_820.1_FE_S27_", "color": "#440154"}, {"cell_id": "JC44_808.5.103_FE_S27_", "color": "#440154"}, {"cell_id": "JC44_810.2_T.103_FE_S27_", "color": "#440154"}, {"cell_id": "JC44_813.3_T_FE_S27_", "color": "#440154"}, {"cell_id": "JC44_812.2.103_FE_S27_", "color": "#1f978b"}, {"cell_id": "JC44_813.2_T.104_FE_S27_", "color": "#46c06f"}, {"cell_id": "JC44_814.2.104_FE_S27_", "color": "#440154"}, {"cell_id": "JC44_815.2.105_FE_S27_", "color": "#21918c"}, {"cell_id": "JC44_817.2_FE_S27_", "color": "#9dd93b"}, {"cell_id": "JC44_818.2_FE_S27_", "color": "#75d054"}, {"cell_id": "JC44_819.2_FE_S27_", "color": "#3f4889"}, {"cell_id": "JC45_821.1.106_FE_S30_", "color": "#440154"}, {"cell_id": "JC45_822.1.106_FE_S30_", "color": "#440154"}, {"cell_id": "JC45_823.1.106_FE_S30_", "color": "#52c569"}, {"cell_id": "JC45_824.1.106_FE_S30_", "color": "#2c738e"}, {"cell_id": "JC45_825.1_FE_S30_", "color": "#375a8c"}, {"cell_id": "JC45_826.1.107_FE_S30_", "color": "#440154"}, {"cell_id": "JC45_827.1.107_FE_S30_", "color": "#440154"}, {"cell_id": "JC45_828.1.107_FE_S30_", "color": "#440154"}, {"cell_id": "JC45_829.1.107_FE_S30_", "color": "#440154"}, {"cell_id": "JC45_830.1_._big_FE_S30_", "color": "#472a7a"}, {"cell_id": "JC45_830.5_FE_S30_", "color": "#440154"}, {"cell_id": "JC45_830.3_FE_S30_", "color": "#440154"}, {"cell_id": "JC45_821.2.106_FE_S30_", "color": "#440154"}, {"cell_id": "JC45_822.2.106_FE_S30_", "color": "#24868e"}, {"cell_id": "JC45_823.2.106_FE_S30_", "color": "#440154"}, {"cell_id": "JC45_825.2_FE_S30_", "color": "#440154"}, {"cell_id": "JC45_826.2.107_FE_S30_", "color": "#440154"}, {"cell_id": "JC45_827.2.107_FE_S30_", "color": "#26828e"}, {"cell_id": "JC45_828.2.107_FE_S30_", "color": "#440154"}, {"cell_id": "JC45_829.2.107_FE_S30_", "color": "#440154"}, {"cell_id": "JC45_830.2_FE_S30_", "color": "#440154"}, {"cell_id": "JC45_830.4_FE_S30_", "color": "#440154"}, {"cell_id": "JC45_835.3_T.108_FE_S30_", "color": "#440154"}, {"cell_id": "JC45_833.1_FE_S30_", "color": "#440154"}, {"cell_id": "JC45_834.1.108_FE_S30_", "color": "#440154"}, {"cell_id": "JC45_835.1_T.108_FE_S30_", "color": "#1e9c89"}, {"cell_id": "JC45_836.1.109_FE_S30_", "color": "#440154"}, {"cell_id": "JC45_837.1_T.109_FE_S30_", "color": "#440154"}, {"cell_id": "JC45_837.3_T.109_FE_S30_", "color": "#440154"}, {"cell_id": "JC45_839.1.110_FE_S30_", "color": "#440154"}, {"cell_id": "JC45_840.1.110_FE_S30_", "color": "#440154"}, {"cell_id": "JC45_841.1_big_FE_S30_", "color": "#440154"}, {"cell_id": "JC45_842.1_FE_S30_", "color": "#5ec962"}, {"cell_id": "JC45_843.1_FE_S30_", "color": "#440154"}, {"cell_id": "JC45_844.1.111_FE_S30_", "color": "#440154"}, {"cell_id": "JC45_833.2_FE_S30_", "color": "#440154"}, {"cell_id": "JC45_836.2.109_FE_S30_", "color": "#56c667"}, {"cell_id": "JC45_837.2_T.109_FE_S30_", "color": "#440154"}, {"cell_id": "JC45_850.3.112_FE_S30_", "color": "#440154"}, {"cell_id": "JC45_839.2.110_FE_S30_", "color": "#440154"}, {"cell_id": "JC45_840.2.110_FE_S30_", "color": "#440154"}, {"cell_id": "JC45_841.2_FE_S30_", "color": "#440154"}, {"cell_id": "JC45_842.2_FE_S30_", "color": "#440154"}, {"cell_id": "JC45_843.2_FE_S30_", "color": "#440154"}, {"cell_id": "JC45_844.2.111_FE_S30_", "color": "#440154"}, {"cell_id": "JC45_845.1.111_FE_S30_", "color": "#440154"}, {"cell_id": "JC45_846.1.111_FE_S30_", "color": "#440154"}, {"cell_id": "JC45_847.1_FE_S30_", "color": "#440154"}, {"cell_id": "JC45_848.1_FE_S30_", "color": "#7fd34e"}, {"cell_id": "JC45_850.1_..112_FE_S30_", "color": "#440154"}, {"cell_id": "JC45_852.1.112_FE_S30_", "color": "#440154"}, {"cell_id": "JC45_852.3.112_FE_S30_", "color": "#440154"}, {"cell_id": "JC45_854.1.112_FE_S30_", "color": "#440154"}, {"cell_id": "JC45_855.1.112_FE_S30_", "color": "#2c738e"}, {"cell_id": "JC45_856.1_FE_S30_", "color": "#482677"}, {"cell_id": "JC45_845.2.111_FE_S30_", "color": "#440154"}, {"cell_id": "JC45_847.2_FE_S30_", "color": "#440154"}, {"cell_id": "JC45_848.2_FE_S30_", "color": "#440154"}, {"cell_id": "JC45_849.2_FE_S30_", "color": "#440154"}, {"cell_id": "JC45_852.2_..112_FE_S30_", "color": "#440154"}, {"cell_id": "JC45_856.3_FE_S30_", "color": "#440154"}, {"cell_id": "JC45_855.2.112_FE_S30_", "color": "#440154"}, {"cell_id": "JC45_856.2_._FE_S30_", "color": "#453581"}, {"cell_id": "JC45_857.1_FE_S30_", "color": "#440154"}, {"cell_id": "JC45_858.1_FE_S30_", "color": "#31678e"}, {"cell_id": "JC45_860.1_FE_S30_", "color": "#440154"}, {"cell_id": "JC45_861.1_FE_S30_", "color": "#25838e"}, {"cell_id": "JC45_863.1_FE_S30_", "color": "#46c06f"}, {"cell_id": "JC45_864.1_._FE_S30_", "color": "#440154"}, {"cell_id": "JC45_866.1_FE_S30_", "color": "#93d741"}, {"cell_id": "JC45_867.1.113_FE_S30_", "color": "#34b679"}, {"cell_id": "JC45_868.1_big_mega.113_FE_S30_", "color": "#472e7c"}, {"cell_id": "JC45_857.2_FE_S30_", "color": "#440154"}, {"cell_id": "JC45_858.2_FE_S30_", "color": "#39568c"}, {"cell_id": "JC45_853.1_FE_S30_", "color": "#1fa088"}, {"cell_id": "JC45_860.2_FE_S30_", "color": "#56c667"}, {"cell_id": "JC45_861.2_FE_S30_", "color": "#25ab82"}, {"cell_id": "JC45_853.2_FE_S30_", "color": "#86d549"}, {"cell_id": "JC45_863.2_FE_S30_", "color": "#54c568"}, {"cell_id": "JC45_867.3.113_FE_S30_", "color": "#440154"}, {"cell_id": "JC45_866.2_FE_S30_", "color": "#b5de2b"}, {"cell_id": "JC45_867.2_..113_FE_S30_", "color": "#440154"}, {"cell_id": "JC45_868.2.113_FE_S30_", "color": "#440154"}, {"cell_id": "JC46_869.1.114_FE_S30_", "color": "#440154"}, {"cell_id": "JC46_870.1.114_FE_S30_", "color": "#440154"}, {"cell_id": "JC46_871.1.114_FE_S30_", "color": "#3d4e8a"}, {"cell_id": "JC46_873.1_FE_S30_", "color": "#440154"}, {"cell_id": "JC46_874.1_FE_S30_", "color": "#440154"}, {"cell_id": "JC46_875.1_T_emperi_big_FE_S30_", "color": "#277f8e"}, {"cell_id": "JC46_875.3_T_FE_S30_", "color": "#34608d"}, {"cell_id": "JC46_877.1_T_FE_S30_", "color": "#440154"}, {"cell_id": "JC46_878.1_._big.115_FE_S30_", "color": "#440154"}, {"cell_id": "JC46_878.3.115_FE_S30_", "color": "#a2da37"}, {"cell_id": "JC46_878.4.115_FE_S30_", "color": "#440154"}, {"cell_id": "JC46_869.2.114_FE_S30_", "color": "#440154"}, {"cell_id": "JC46_870.2.114_FE_S30_", "color": "#3d4d8a"}, {"cell_id": "JC46_871.2.114_FE_S30_", "color": "#440154"}, {"cell_id": "JC46_872.2.114_FE_S30_", "color": "#440154"}, {"cell_id": "JC46_873.2_FE_S30_", "color": "#440154"}, {"cell_id": "JC46_874.2_FE_S30_", "color": "#440154"}, {"cell_id": "JC46_875.2_T_FE_S30_", "color": "#cde11d"}, {"cell_id": "JC46_877.3_T_FE_S30_", "color": "#9dd93b"}, {"cell_id": "JC46_878.2.115_FE_S30_", "color": "#7cd250"}, {"cell_id": "JC46_878.5.115_FE_S30_", "color": "#440154"}, {"cell_id": "JC46_882.1.116_FE_S30_", "color": "#440154"}, {"cell_id": "JC46_883.1.116_FE_S30_", "color": "#440154"}, {"cell_id": "JC46_884.1_FE_S30_", "color": "#440154"}, {"cell_id": "JC46_885.1_FE_S30_", "color": "#440154"}, {"cell_id": "JC46_886.1.117_FE_S30_", "color": "#440154"}, {"cell_id": "JC46_887.1.117_FE_S30_", "color": "#440154"}, {"cell_id": "JC46_888.1.117_FE_S30_", "color": "#440154"}, {"cell_id": "JC46_889.1_FE_S30_", "color": "#8bd646"}, {"cell_id": "JC46_890.1_FE_S30_", "color": "#37b878"}, {"cell_id": "JC46_892.1_T.118_FE_S30_", "color": "#440154"}, {"cell_id": "JC46_878.8.115_FE_S30_", "color": "#440154"}, {"cell_id": "JC46_882.2.116_FE_S30_", "color": "#440154"}, {"cell_id": "JC46_883.2.116_FE_S30_", "color": "#440154"}, {"cell_id": "JC46_884.2_FE_S30_", "color": "#4ac16d"}, {"cell_id": "JC46_885.2_FE_S30_", "color": "#1e9b8a"}, {"cell_id": "JC46_886.2.117_FE_S30_", "color": "#453781"}, {"cell_id": "JC46_887.2.117_FE_S30_", "color": "#8ed645"}, {"cell_id": "JC46_888.2.117_FE_S30_", "color": "#440154"}, {"cell_id": "JC46_889.2_FE_S30_", "color": "#440154"}, {"cell_id": "JC46_890.2_FE_S30_", "color": "#84d44b"}, {"cell_id": "JC46_891.2.118_FE_S30_", "color": "#3e4c8a"}, {"cell_id": "JC46_892.2_T.118_FE_S30_", "color": "#440154"}, {"cell_id": "JC46_892.3_T.118_FE_S30_", "color": "#3b528b"}, {"cell_id": "JC46_894.1.118_FE_S30_", "color": "#440154"}, {"cell_id": "JC46_895.1.118_FE_S30_", "color": "#440154"}, {"cell_id": "JC46_896.1.118_FE_S30_", "color": "#440154"}, {"cell_id": "JC46_897.1_emperi_big.118_FE_S30_", "color": "#440154"}, {"cell_id": "JC46_898.1_FE_S30_", "color": "#440154"}, {"cell_id": "JC46_899.1_FE_S30_", "color": "#440154"}, {"cell_id": "JC46_900.1.119_FE_S30_", "color": "#20938c"}, {"cell_id": "JC46_901.1.119_FE_S30_", "color": "#440154"}, {"cell_id": "JC46_902.1_FE_S30_", "color": "#440154"}, {"cell_id": "JC46_903.1.120_FE_S30_", "color": "#440154"}, {"cell_id": "JC46_904.1.120_FE_S30_", "color": "#4ec36b"}, {"cell_id": "JC46_895.3_..118_FE_S30_", "color": "#440154"}, {"cell_id": "JC46_894.2.118_FE_S30_", "color": "#440154"}, {"cell_id": "JC46_895.2.118_FE_S30_", "color": "#440154"}, {"cell_id": "JC46_896.2.118_FE_S30_", "color": "#481b6d"}, {"cell_id": "JC46_897.2.118_FE_S30_", "color": "#365d8d"}, {"cell_id": "JC46_898.2_FE_S30_", "color": "#2d708e"}, {"cell_id": "JC46_899.2_FE_S30_", "color": "#440154"}, {"cell_id": "JC46_900.2.119_FE_S30_", "color": "#440154"}, {"cell_id": "JC46_901.2.119_FE_S30_", "color": "#6ece58"}, {"cell_id": "JC46_902.2_FE_S30_", "color": "#440154"}, {"cell_id": "JC46_903.2.120_FE_S30_", "color": "#440154"}, {"cell_id": "JC46_904.2.120_FE_S30_", "color": "#5ac864"}, {"cell_id": "JC46_905.1.120_FE_S30_", "color": "#2a788e"}, {"cell_id": "JC46_906.1.120_FE_S30_", "color": "#440154"}, {"cell_id": "JC46_906.3.120_FE_S30_", "color": "#440154"}, {"cell_id": "JC46_908.1_T_FE_S30_", "color": "#440154"}, {"cell_id": "JC46_909.1.121_FE_S30_", "color": "#482475"}, {"cell_id": "JC46_910.1.121_FE_S30_", "color": "#46337f"}, {"cell_id": "JC46_911.1.121_FE_S30_", "color": "#228b8d"}, {"cell_id": "JC46_912.3_..121_FE_S30_", "color": "#440154"}, {"cell_id": "JC46_913.1_FE_S30_", "color": "#27ad81"}, {"cell_id": "JC46_914.1_FE_S30_", "color": "#440154"}, {"cell_id": "JC46_915.1_FE_S30_", "color": "#2db27d"}, {"cell_id": "JC46_916.1_FE_S30_", "color": "#58c765"}, {"cell_id": "JC46_905.2.120_FE_S30_", "color": "#440154"}, {"cell_id": "JC46_906.2_..120_FE_S30_", "color": "#440154"}, {"cell_id": "JC46_908.3_T_FE_S30_", "color": "#8bd646"}, {"cell_id": "JC46_909.2.121_FE_S30_", "color": "#440154"}, {"cell_id": "JC46_910.2.121_FE_S30_", "color": "#a2da37"}, {"cell_id": "JC46_911.2.121_FE_S30_", "color": "#443a83"}, {"cell_id": "JC46_912.4.121_FE_S30_", "color": "#440154"}, {"cell_id": "JC46_913.2_FE_S30_", "color": "#90d743"}, {"cell_id": "JC46_914.2_FE_S30_", "color": "#32648e"}, {"cell_id": "JC46_915.2_FE_S30_", "color": "#440154"}, {"cell_id": "JC46_916.2_FE_S30_", "color": "#440154"}, {"cell_id": "JC48P4_917_HSC_FE_S8_", "color": "#440154"}, {"cell_id": "JC48P4_918_HSC_FE_S8_", "color": "#440154"}, {"cell_id": "JC48P4_919_HSC_FE_S8_", "color": "#440154"}, {"cell_id": "JC48P4_920_HSC_FE_S8_", "color": "#440154"}, {"cell_id": "JC48P4_921_HSC_FE_S8_", "color": "#440154"}, {"cell_id": "JC48P4_922_HSC_FE_S8_", "color": "#440154"}, {"cell_id": "JC48P4_923_HSC_FE_S8_", "color": "#440154"}, {"cell_id": "JC48P4_924_HSC_FE_S8_", "color": "#440154"}, {"cell_id": "JC48P4_925_HSC_FE_S8_", "color": "#440154"}, {"cell_id": "JC48P4_926_HSC_FE_S8_", "color": "#440154"}, {"cell_id": "JC48P4_927_HSC_FE_S8_", "color": "#440154"}, {"cell_id": "JC48P4_928_HSC_FE_S8_", "color": "#440154"}, {"cell_id": "JC48P4_929_HSC_FE_S8_", "color": "#440154"}, {"cell_id": "JC48P4_930_HSC_FE_S8_", "color": "#440154"}, {"cell_id": "JC48P4_931_HSC_FE_S8_", "color": "#440154"}, {"cell_id": "JC48P4_932_HSC_FE_S8_", "color": "#440154"}, {"cell_id": "JC48P4_933_HSC_FE_S8_", "color": "#440154"}, {"cell_id": "JC48P4_934_HSC_FE_S8_", "color": "#440154"}, {"cell_id": "JC48P4_935_HSC_FE_S8_", "color": "#440154"}, {"cell_id": "JC48P4_936_HSC_FE_S8_", "color": "#440154"}, {"cell_id": "JC48P4_937_HSC_FE_S8_", "color": "#440154"}, {"cell_id": "JC48P4_938_HSC_FE_S8_", "color": "#440154"}, {"cell_id": "JC48P4_939_HSC_FE_S8_", "color": "#440154"}, {"cell_id": "JC48P4_940_HSC_FE_S8_", "color": "#440154"}, {"cell_id": "JC48P4_941_HSC_FE_S8_", "color": "#440154"}, {"cell_id": "JC48P4_942_HSC_FE_S8_", "color": "#440154"}, {"cell_id": "JC48P4_943_HSC_FE_S8_", "color": "#440154"}, {"cell_id": "JC48P4_944_HSC_FE_S8_", "color": "#440154"}, {"cell_id": "JC48P4_945_HSC_FE_S8_", "color": "#440154"}, {"cell_id": "JC48P4_946_HSC_FE_S8_", "color": "#440154"}, {"cell_id": "JC48P4_947_HSC_FE_S8_", "color": "#440154"}, {"cell_id": "JC48P4_948_HSC_FE_S8_", "color": "#440154"}, {"cell_id": "JC48P4_949_HSC_FE_S8_", "color": "#440154"}, {"cell_id": "JC48P4_950_HSC_FE_S8_", "color": "#440154"}, {"cell_id": "JC48P4_951_HSC_FE_S8_", "color": "#440154"}, {"cell_id": "JC48P4_952_HSC_FE_S8_", "color": "#440154"}, {"cell_id": "JC48P4_953_HSC_FE_S8_", "color": "#440154"}, {"cell_id": "JC48P4_954_HSC_FE_S8_", "color": "#440154"}, {"cell_id": "JC48P4_955_HSC_FE_S8_", "color": "#440154"}, {"cell_id": "JC48P4_956_HSC_FE_S8_", "color": "#440154"}, {"cell_id": "JC48P4_957_HSC_FE_S8_", "color": "#440154"}, {"cell_id": "JC48P4_958_HSC_FE_S8_", "color": "#440154"}, {"cell_id": "JC48P4_959_HSC_FE_S8_", "color": "#440154"}, {"cell_id": "JC48P4_960_HSC_FE_S8_", "color": "#440154"}, {"cell_id": "JC48P4_961_HSC_FE_S8_", "color": "#440154"}, {"cell_id": "JC48P4_962_HSC_FE_S8_", "color": "#440154"}, {"cell_id": "JC48P4_963_HSC_FE_S8_", "color": "#440154"}, {"cell_id": "JC48P4_964_HSC_FE_S8_", "color": "#440154"}, {"cell_id": "JC48P4_965_HSC_FE_S8_", "color": "#440154"}, {"cell_id": "JC48P4_966_HSC_FE_S8_", "color": "#440154"}, {"cell_id": "JC48P4_967_HSC_FE_S8_", "color": "#440154"}, {"cell_id": "JC48P4_968_HSC_FE_S8_", "color": "#440154"}, {"cell_id": "JC48P4_969_HSC_FE_S8_", "color": "#440154"}, {"cell_id": "JC48P4_970_HSC_FE_S8_", "color": "#440154"}, {"cell_id": "JC48P4_971_HSC_FE_S8_", "color": "#440154"}, {"cell_id": "JC48P4_972_HSC_FE_S8_", "color": "#440154"}, {"cell_id": "JC48P4_973_HSC_FE_S8_", "color": "#440154"}, {"cell_id": "JC48P4_974_HSC_FE_S8_", "color": "#440154"}, {"cell_id": "JC48P4_975_HSC_FE_S8_", "color": "#440154"}, {"cell_id": "JC48P4_976_HSC_FE_S8_", "color": "#440154"}, {"cell_id": "JC48P4_977_HSC_FE_S8_", "color": "#440154"}, {"cell_id": "JC48P4_978_HSC_FE_S8_", "color": "#440154"}, {"cell_id": "JC48P4_979_HSC_FE_S8_", "color": "#440154"}, {"cell_id": "JC48P4_980_HSC_FE_S8_", "color": "#440154"}, {"cell_id": "JC48P4_981_HSC_FE_S8_", "color": "#440154"}, {"cell_id": "JC48P4_982_HSC_FE_S8_", "color": "#440154"}, {"cell_id": "JC48P4_983_HSC_FE_S8_", "color": "#440154"}, {"cell_id": "JC48P4_984_HSC_FE_S8_", "color": "#440154"}, {"cell_id": "JC48P4_985_HSC_FE_S8_", "color": "#440154"}, {"cell_id": "JC48P4_986_HSC_FE_S8_", "color": "#440154"}, {"cell_id": "JC48P4_987_HSC_FE_S8_", "color": "#440154"}, {"cell_id": "JC48P4_988_HSC_FE_S8_", "color": "#440154"}, {"cell_id": "JC48P4_989_HSC_FE_S8_", "color": "#440154"}, {"cell_id": "JC48P4_990_HSC_FE_S8_", "color": "#440154"}, {"cell_id": "JC48P4_991_HSC_FE_S8_", "color": "#440154"}, {"cell_id": "JC48P4_992_HSC_FE_S8_", "color": "#440154"}, {"cell_id": "JC48P4_993_HSC_FE_S8_", "color": "#440154"}, {"cell_id": "JC48P4_994_HSC_FE_S8_", "color": "#440154"}, {"cell_id": "JC48P4_995_HSC_FE_S8_", "color": "#440154"}, {"cell_id": "JC48P4_996_HSC_FE_S8_", "color": "#440154"}, {"cell_id": "JC48P4_997_HSC_FE_S8_", "color": "#440154"}, {"cell_id": "JC48P4_998_HSC_FE_S8_", "color": "#440154"}, {"cell_id": "JC48P4_999_HSC_FE_S8_", "color": "#440154"}, {"cell_id": "JC48P4_1000_HSC_FE_S8_", "color": "#440154"}, {"cell_id": "JC48P4_1001_HSC_FE_S8_", "color": "#440154"}, {"cell_id": "JC48P4_1002_HSC_FE_S8_", "color": "#440154"}, {"cell_id": "JC48P4_1004_HSC_FE_S8_", "color": "#440154"}, {"cell_id": "JC48P4_1005_HSC_FE_S8_", "color": "#440154"}, {"cell_id": "JC48P4_1006_HSC_FE_S8_", "color": "#440154"}, {"cell_id": "JC48P4_1007_HSC_FE_S8_", "color": "#440154"}, {"cell_id": "JC48P4_1008_HSC_FE_S8_", "color": "#440154"}, {"cell_id": "JC48P4_1009_HSC_FE_S8_", "color": "#440154"}, {"cell_id": "JC48P4_1010_HSC_FE_S8_", "color": "#440154"}, {"cell_id": "JC48P4_1011_HSC_FE_S8_", "color": "#440154"}, {"cell_id": "JC48P4_1012_HSC_FE_S8_", "color": "#440154"}, {"cell_id": "JC48P7_1013_HSC_FE_S8_", "color": "#440154"}, {"cell_id": "JC48P7_1014_HSC_FE_S8_", "color": "#440154"}, {"cell_id": "JC48P7_1015_HSC_FE_S8_", "color": "#440154"}, {"cell_id": "JC48P7_1016_HSC_FE_S8_", "color": "#440154"}, {"cell_id": "JC48P7_1017_HSC_FE_S8_", "color": "#440154"}, {"cell_id": "JC48P7_1018_HSC_FE_S8_", "color": "#440154"}, {"cell_id": "JC48P7_1019_HSC_FE_S8_", "color": "#440154"}, {"cell_id": "JC48P7_1020_HSC_FE_S8_", "color": "#440154"}, {"cell_id": "JC48P7_1022_HSC_FE_S8_", "color": "#440154"}, {"cell_id": "JC48P7_1023_HSC_FE_S8_", "color": "#440154"}, {"cell_id": "JC48P7_1024_HSC_FE_S8_", "color": "#440154"}, {"cell_id": "JC48P7_1025_HSC_FE_S8_", "color": "#440154"}, {"cell_id": "JC48P7_1026_HSC_FE_S8_", "color": "#440154"}, {"cell_id": "JC48P7_1027_HSC_FE_S8_", "color": "#440154"}, {"cell_id": "JC48P7_1028_HSC_FE_S8_", "color": "#440154"}, {"cell_id": "JC48P7_1029_HSC_FE_S8_", "color": "#440154"}, {"cell_id": "JC48P7_1030_HSC_FE_S8_", "color": "#440154"}, {"cell_id": "JC48P7_1031_HSC_FE_S8_", "color": "#440154"}, {"cell_id": "JC48P7_1032_HSC_FE_S8_", "color": "#440154"}, {"cell_id": "JC48P7_1033_HSC_FE_S8_", "color": "#440154"}, {"cell_id": "JC48P7_1034_HSC_FE_S8_", "color": "#440154"}, {"cell_id": "JC48P7_1035_HSC_FE_S8_", "color": "#440154"}, {"cell_id": "JC48P7_1036_HSC_FE_S8_", "color": "#440154"}, {"cell_id": "JC48P7_1037_HSC_FE_S8_", "color": "#440154"}, {"cell_id": "JC48P7_1038_HSC_FE_S8_", "color": "#440154"}, {"cell_id": "JC48P7_1039_HSC_FE_S8_", "color": "#440154"}, {"cell_id": "JC48P7_1040_HSC_FE_S8_", "color": "#440154"}, {"cell_id": "JC48P7_1041_HSC_FE_S8_", "color": "#440154"}, {"cell_id": "JC48P7_1042_HSC_FE_S8_", "color": "#440154"}, {"cell_id": "JC48P7_1043_HSC_FE_S8_", "color": "#440154"}, {"cell_id": "JC48P7_1044_HSC_FE_S8_", "color": "#440154"}, {"cell_id": "JC48P7_1045_HSC_FE_S8_", "color": "#440154"}, {"cell_id": "JC48P7_1046_HSC_FE_S8_", "color": "#440154"}, {"cell_id": "JC48P7_1047_HSC_FE_S8_", "color": "#440154"}, {"cell_id": "JC48P7_1048_HSC_FE_S8_", "color": "#440154"}, {"cell_id": "JC48P7_1049_HSC_FE_S8_", "color": "#440154"}, {"cell_id": "JC48P7_1050_HSC_FE_S8_", "color": "#440154"}, {"cell_id": "JC48P7_1051_HSC_FE_S8_", "color": "#440154"}, {"cell_id": "JC48P7_1052_HSC_FE_S8_", "color": "#440154"}, {"cell_id": "JC48P7_1053_HSC_FE_S8_", "color": "#440154"}, {"cell_id": "JC48P7_1054_HSC_FE_S8_", "color": "#440154"}, {"cell_id": "JC48P7_1055_HSC_FE_S8_", "color": "#440154"}, {"cell_id": "JC48P7_1056_HSC_FE_S8_", "color": "#440154"}, {"cell_id": "JC48P7_1057_HSC_FE_S8_", "color": "#440154"}, {"cell_id": "JC48P7_1058_HSC_FE_S8_", "color": "#440154"}, {"cell_id": "JC48P7_1059_HSC_FE_S8_", "color": "#440154"}, {"cell_id": "JC48P7_1060_HSC_FE_S8_", "color": "#440154"}, {"cell_id": "JC48P7_1061_HSC_FE_S8_", "color": "#440154"}, {"cell_id": "JC48P7_1062_HSC_FE_S8_", "color": "#440154"}, {"cell_id": "JC48P7_1063_HSC_FE_S8_", "color": "#440154"}, {"cell_id": "JC48P7_1064_HSC_FE_S8_", "color": "#440154"}, {"cell_id": "JC48P7_1065_HSC_FE_S8_", "color": "#440154"}, {"cell_id": "JC48P7_1066_HSC_FE_S8_", "color": "#440154"}, {"cell_id": "JC48P7_1067_HSC_FE_S8_", "color": "#440154"}, {"cell_id": "JC48P7_1068_HSC_FE_S8_", "color": "#440154"}, {"cell_id": "JC48P7_1070_HSC_FE_S8_", "color": "#440154"}, {"cell_id": "JC48P7_1071_HSC_FE_S8_", "color": "#440154"}, {"cell_id": "JC48P7_1072_HSC_FE_S8_", "color": "#440154"}, {"cell_id": "JC48P7_1073_HSC_FE_S8_", "color": "#440154"}, {"cell_id": "JC48P7_1074_HSC_FE_S8_", "color": "#440154"}, {"cell_id": "JC48P7_1075_HSC_FE_S8_", "color": "#440154"}, {"cell_id": "JC48P7_1076_HSC_FE_S8_", "color": "#440154"}, {"cell_id": "JC48P7_1077_HSC_FE_S8_", "color": "#440154"}, {"cell_id": "JC48P7_1079_HSC_FE_S8_", "color": "#440154"}, {"cell_id": "JC48P7_1080_HSC_FE_S8_", "color": "#440154"}, {"cell_id": "JC48P7_1081_HSC_FE_S8_", "color": "#440154"}, {"cell_id": "JC48P7_1082_HSC_FE_S8_", "color": "#440154"}, {"cell_id": "JC48P7_1083_HSC_FE_S8_", "color": "#440154"}, {"cell_id": "JC48P7_1084_HSC_FE_S8_", "color": "#440154"}, {"cell_id": "JC48P7_1086_HSC_FE_S8_", "color": "#440154"}, {"cell_id": "JC48P7_1087_HSC_FE_S8_", "color": "#440154"}, {"cell_id": "JC48P7_1088_HSC_FE_S8_", "color": "#440154"}, {"cell_id": "JC48P7_1089_HSC_FE_S8_", "color": "#440154"}, {"cell_id": "JC48P7_1090_HSC_FE_S8_", "color": "#440154"}, {"cell_id": "JC48P7_1091_HSC_FE_S8_", "color": "#440154"}, {"cell_id": "JC48P7_1092_HSC_FE_S8_", "color": "#440154"}, {"cell_id": "JC48P7_1093_HSC_FE_S8_", "color": "#440154"}, {"cell_id": "JC48P7_1094_HSC_FE_S8_", "color": "#440154"}, {"cell_id": "JC48P7_1095_HSC_FE_S8_", "color": "#440154"}, {"cell_id": "JC48P7_1096_HSC_FE_S8_", "color": "#440154"}, {"cell_id": "JC48P7_1097_HSC_FE_S8_", "color": "#440154"}, {"cell_id": "JC48P7_1098_HSC_FE_S8_", "color": "#440154"}, {"cell_id": "JC48P7_1099_HSC_FE_S8_", "color": "#440154"}, {"cell_id": "JC48P7_1100_HSC_FE_S8_", "color": "#440154"}, {"cell_id": "JC48P7_1101_HSC_FE_S8_", "color": "#440154"}, {"cell_id": "JC48P7_1102_HSC_FE_S8_", "color": "#440154"}, {"cell_id": "JC48P7_1103_HSC_FE_S8_", "color": "#440154"}, {"cell_id": "JC48P7_1104_HSC_FE_S8_", "color": "#440154"}, {"cell_id": "JC48P7_1105_HSC_FE_S8_", "color": "#440154"}, {"cell_id": "JC48P7_1106_HSC_FE_S8_", "color": "#440154"}, {"cell_id": "JC48P7_1107_HSC_FE_S8_", "color": "#440154"}, {"cell_id": "JC48P7_1108_HSC_FE_S8_", "color": "#440154"}, {"cell_id": "JC48P6_1109_HSC_FE_S8_", "color": "#440154"}, {"cell_id": "JC48P6_1110_HSC_FE_S8_", "color": "#440154"}, {"cell_id": "JC48P6_1111_HSC_FE_S8_", "color": "#440154"}, {"cell_id": "JC48P6_1112_HSC_FE_S8_", "color": "#440154"}, {"cell_id": "JC48P6_1113_HSC_FE_S8_", "color": "#440154"}, {"cell_id": "JC48P6_1114_HSC_FE_S8_", "color": "#440154"}, {"cell_id": "JC48P6_1115_HSC_FE_S8_", "color": "#440154"}, {"cell_id": "JC48P6_1116_HSC_FE_S8_", "color": "#440154"}, {"cell_id": "JC48P6_1117_HSC_FE_S8_", "color": "#440154"}, {"cell_id": "JC48P6_1118_HSC_FE_S8_", "color": "#440154"}, {"cell_id": "JC48P6_1119_HSC_FE_S8_", "color": "#440154"}, {"cell_id": "JC48P6_1120_HSC_FE_S8_", "color": "#440154"}, {"cell_id": "JC48P6_1121_HSC_FE_S8_", "color": "#440154"}, {"cell_id": "JC48P6_1122_HSC_FE_S8_", "color": "#440154"}, {"cell_id": "JC48P6_1123_HSC_FE_S8_", "color": "#440154"}, {"cell_id": "JC48P6_1124_HSC_FE_S8_", "color": "#440154"}, {"cell_id": "JC48P6_1125_HSC_FE_S8_", "color": "#440154"}, {"cell_id": "JC48P6_1126_HSC_FE_S8_", "color": "#440154"}, {"cell_id": "JC48P6_1127_HSC_FE_S8_", "color": "#440154"}, {"cell_id": "JC48P6_1128_HSC_FE_S8_", "color": "#440154"}, {"cell_id": "JC48P6_1129_HSC_FE_S8_", "color": "#440154"}, {"cell_id": "JC48P6_1130_HSC_FE_S8_", "color": "#440154"}, {"cell_id": "JC48P6_1131_HSC_FE_S8_", "color": "#440154"}, {"cell_id": "JC48P6_1132_HSC_FE_S8_", "color": "#440154"}, {"cell_id": "JC48P6_1133_HSC_FE_S8_", "color": "#440154"}, {"cell_id": "JC48P6_1134_HSC_FE_S8_", "color": "#440154"}, {"cell_id": "JC48P6_1135_HSC_FE_S8_", "color": "#440154"}, {"cell_id": "JC48P6_1136_HSC_FE_S8_", "color": "#440154"}, {"cell_id": "JC48P6_1137_HSC_FE_S8_", "color": "#440154"}, {"cell_id": "JC48P6_1138_HSC_FE_S8_", "color": "#440154"}, {"cell_id": "JC48P6_1139_HSC_FE_S8_", "color": "#440154"}, {"cell_id": "JC48P6_1140_HSC_FE_S8_", "color": "#440154"}, {"cell_id": "JC48P6_1141_HSC_FE_S8_", "color": "#440154"}, {"cell_id": "JC48P6_1142_HSC_FE_S8_", "color": "#440154"}, {"cell_id": "JC48P6_1143_HSC_FE_S8_", "color": "#440154"}, {"cell_id": "JC48P6_1144_HSC_FE_S8_", "color": "#440154"}, {"cell_id": "JC48P6_1145_HSC_FE_S8_", "color": "#440154"}, {"cell_id": "JC48P6_1146_HSC_FE_S8_", "color": "#440154"}, {"cell_id": "JC48P6_1147_HSC_FE_S8_", "color": "#440154"}, {"cell_id": "JC48P6_1148_HSC_FE_S8_", "color": "#440154"}, {"cell_id": "JC48P6_1149_HSC_FE_S8_", "color": "#440154"}, {"cell_id": "JC48P6_1150_HSC_FE_S8_", "color": "#440154"}, {"cell_id": "JC48P6_1151_HSC_FE_S8_", "color": "#440154"}, {"cell_id": "JC48P6_1152_HSC_FE_S8_", "color": "#440154"}, {"cell_id": "JC48P6_1153_HSC_FE_S8_", "color": "#440154"}, {"cell_id": "JC48P6_1154_HSC_FE_S8_", "color": "#440154"}, {"cell_id": "JC48P6_1155_HSC_FE_S8_", "color": "#440154"}, {"cell_id": "JC48P6_1156_HSC_FE_S8_", "color": "#440154"}, {"cell_id": "JC48P6_1157_HSC_FE_S8_", "color": "#440154"}, {"cell_id": "JC48P6_1158_HSC_FE_S8_", "color": "#440154"}, {"cell_id": "JC48P6_1159_HSC_FE_S8_", "color": "#440154"}, {"cell_id": "JC48P6_1160_HSC_FE_S8_", "color": "#440154"}, {"cell_id": "JC48P6_1161_HSC_FE_S8_", "color": "#440154"}, {"cell_id": "JC48P6_1162_HSC_FE_S8_", "color": "#440154"}, {"cell_id": "JC48P6_1163_HSC_FE_S8_", "color": "#440154"}, {"cell_id": "JC48P6_1164_HSC_FE_S8_", "color": "#440154"}, {"cell_id": "JC48P6_1165_HSC_FE_S8_", "color": "#440154"}, {"cell_id": "JC48P6_1166_HSC_FE_S8_", "color": "#440154"}, {"cell_id": "JC48P6_1167_HSC_FE_S8_", "color": "#440154"}, {"cell_id": "JC48P6_1168_HSC_FE_S8_", "color": "#440154"}, {"cell_id": "JC48P6_1169_HSC_FE_S8_", "color": "#440154"}, {"cell_id": "JC48P6_1170_HSC_FE_S8_", "color": "#440154"}, {"cell_id": "JC48P6_1171_HSC_FE_S8_", "color": "#440154"}, {"cell_id": "JC48P6_1172_HSC_FE_S8_", "color": "#440154"}, {"cell_id": "JC48P6_1173_HSC_FE_S8_", "color": "#440154"}, {"cell_id": "JC48P6_1174_HSC_FE_S8_", "color": "#440154"}, {"cell_id": "JC48P6_1175_HSC_FE_S8_", "color": "#440154"}, {"cell_id": "JC48P6_1176_HSC_FE_S8_", "color": "#440154"}, {"cell_id": "JC48P6_1177_HSC_FE_S8_", "color": "#440154"}, {"cell_id": "JC48P6_1178_HSC_FE_S8_", "color": "#440154"}, {"cell_id": "JC48P6_1179_HSC_FE_S8_", "color": "#440154"}, {"cell_id": "JC48P6_1180_HSC_FE_S8_", "color": "#440154"}, {"cell_id": "JC48P6_1181_HSC_FE_S8_", "color": "#440154"}, {"cell_id": "JC48P6_1182_HSC_FE_S8_", "color": "#440154"}, {"cell_id": "JC48P6_1183_HSC_FE_S8_", "color": "#440154"}, {"cell_id": "JC48P6_1184_HSC_FE_S8_", "color": "#440154"}, {"cell_id": "JC48P6_1185_HSC_FE_S8_", "color": "#440154"}, {"cell_id": "JC48P6_1186_HSC_FE_S8_", "color": "#440154"}, {"cell_id": "JC48P6_1187_HSC_FE_S8_", "color": "#440154"}, {"cell_id": "JC48P6_1188_HSC_FE_S8_", "color": "#440154"}, {"cell_id": "JC48P6_1189_HSC_FE_S8_", "color": "#440154"}, {"cell_id": "JC48P6_1190_HSC_FE_S8_", "color": "#440154"}, {"cell_id": "JC48P6_1191_HSC_FE_S8_", "color": "#440154"}, {"cell_id": "JC48P6_1192_HSC_FE_S8_", "color": "#440154"}, {"cell_id": "JC48P6_1193_HSC_FE_S8_", "color": "#440154"}, {"cell_id": "JC48P6_1194_HSC_FE_S8_", "color": "#440154"}, {"cell_id": "JC48P6_1195_HSC_FE_S8_", "color": "#440154"}, {"cell_id": "JC48P6_1196_HSC_FE_S8_", "color": "#440154"}, {"cell_id": "JC48P6_1197_HSC_FE_S8_", "color": "#440154"}, {"cell_id": "JC48P6_1198_HSC_FE_S8_", "color": "#440154"}, {"cell_id": "JC48P6_1199_HSC_FE_S8_", "color": "#440154"}, {"cell_id": "JC48P6_1200_HSC_FE_S8_", "color": "#440154"}, {"cell_id": "JC48P6_1201_HSC_FE_S8_", "color": "#440154"}, {"cell_id": "JC48P6_1202_HSC_FE_S8_", "color": "#440154"}, {"cell_id": "JC48P6_1203_HSC_FE_S8_", "color": "#440154"}, {"cell_id": "JC48P6_1204_HSC_FE_S8_", "color": "#440154"}]