[{"cell_id": "D2ex_1", "color": "#440154"}, {"cell_id": "D2ex_2", "color": "#440154"}, {"cell_id": "D2ex_3", "color": "#440154"}, {"cell_id": "D2ex_4", "color": "#1e9c89"}, {"cell_id": "D2ex_5", "color": "#8bd646"}, {"cell_id": "D2ex_6", "color": "#440154"}, {"cell_id": "D2ex_7", "color": "#443b84"}, {"cell_id": "D2ex_8", "color": "#440154"}, {"cell_id": "D2ex_9", "color": "#24878e"}, {"cell_id": "D2ex_10", "color": "#440154"}, {"cell_id": "D2ex_11", "color": "#453882"}, {"cell_id": "D2ex_12", "color": "#3e4989"}, {"cell_id": "D2ex_13", "color": "#440154"}, {"cell_id": "D2ex_14", "color": "#2e6d8e"}, {"cell_id": "D2ex_15", "color": "#3f4788"}, {"cell_id": "D2ex_16", "color": "#440154"}, {"cell_id": "D2ex_17", "color": "#440154"}, {"cell_id": "D2ex_18", "color": "#440154"}, {"cell_id": "D2ex_19", "color": "#27808e"}, {"cell_id": "D2ex_20", "color": "#277f8e"}, {"cell_id": "D2ex_21", "color": "#440154"}, {"cell_id": "D2ex_22", "color": "#297b8e"}, {"cell_id": "D2ex_23", "color": "#38598c"}, {"cell_id": "D2ex_24", "color": "#440154"}, {"cell_id": "D2ex_25", "color": "#3f4889"}, {"cell_id": "D2ex_26", "color": "#440154"}, {"cell_id": "D2ex_27", "color": "#32648e"}, {"cell_id": "D2ex_28", "color": "#1f978b"}, {"cell_id": "D2ex_29", "color": "#32658e"}, {"cell_id": "D2ex_30", "color": "#2e6d8e"}, {"cell_id": "D2ex_31", "color": "#440154"}, {"cell_id": "D2ex_32", "color": "#1f978b"}, {"cell_id": "D2ex_33", "color": "#22a884"}, {"cell_id": "D2ex_34", "color": "#481a6c"}, {"cell_id": "D2ex_35", "color": "#2fb47c"}, {"cell_id": "D2ex_36", "color": "#21918c"}, {"cell_id": "D2ex_37", "color": "#482071"}, {"cell_id": "D2ex_38", "color": "#21918c"}, {"cell_id": "D2ex_39", "color": "#440154"}, {"cell_id": "D2ex_40", "color": "#440154"}, {"cell_id": "D2ex_41", "color": "#440154"}, {"cell_id": "D2ex_42", "color": "#365d8d"}, {"cell_id": "D2ex_43", "color": "#440154"}, {"cell_id": "D2ex_44", "color": "#440154"}, {"cell_id": "D2ex_45", "color": "#25ac82"}, {"cell_id": "D2ex_46", "color": "#482576"}, {"cell_id": "D2ex_47", "color": "#46c06f"}, {"cell_id": "D2ex_48", "color": "#440154"}, {"cell_id": "D2ex_49", "color": "#440154"}, {"cell_id": "D2ex_50", "color": "#440154"}, {"cell_id": "D2ex_51", "color": "#287c8e"}, {"cell_id": "D2ex_52", "color": "#25ac82"}, {"cell_id": "D2ex_53", "color": "#25848e"}, {"cell_id": "D2ex_55", "color": "#3e4989"}, {"cell_id": "D2ex_56", "color": "#3e4989"}, {"cell_id": "D2ex_57", "color": "#2f6b8e"}, {"cell_id": "D2ex_58", "color": "#3f4788"}, {"cell_id": "D2ex_59", "color": "#440154"}, {"cell_id": "D2ex_60", "color": "#440154"}, {"cell_id": "D2ex_61", "color": "#48186a"}, {"cell_id": "D2ex_62", "color": "#440154"}, {"cell_id": "D2ex_63", "color": "#22a785"}, {"cell_id": "D2ex_64", "color": "#22a884"}, {"cell_id": "D2ex_65", "color": "#29af7f"}, {"cell_id": "D2ex_66", "color": "#440154"}, {"cell_id": "D2ex_67", "color": "#1fa187"}, {"cell_id": "D2ex_68", "color": "#23888e"}, {"cell_id": "D2ex_69", "color": "#3e4c8a"}, {"cell_id": "D2ex_70", "color": "#440154"}, {"cell_id": "D2ex_71", "color": "#1e9c89"}, {"cell_id": "D2ex_72", "color": "#424186"}, {"cell_id": "D2ex_73", "color": "#38598c"}, {"cell_id": "D2ex_74", "color": "#32648e"}, {"cell_id": "D2ex_75", "color": "#440154"}, {"cell_id": "D2ex_76", "color": "#440154"}, {"cell_id": "D2ex_77", "color": "#440154"}, {"cell_id": "D2ex_78", "color": "#453581"}, {"cell_id": "D2ex_79", "color": "#440154"}, {"cell_id": "D2ex_80", "color": "#440154"}, {"cell_id": "D2ex_81", "color": "#440154"}, {"cell_id": "D2ex_82", "color": "#26828e"}, {"cell_id": "D2ex_83", "color": "#30698e"}, {"cell_id": "D2ex_84", "color": "#24868e"}, {"cell_id": "D2ex_85", "color": "#56c667"}, {"cell_id": "D2ex_86", "color": "#440154"}, {"cell_id": "D2ex_87", "color": "#440154"}, {"cell_id": "D2ex_88", "color": "#306a8e"}, {"cell_id": "D2ex_89", "color": "#440154"}, {"cell_id": "D2ex_90", "color": "#472f7d"}, {"cell_id": "D2ex_91", "color": "#2b748e"}, {"cell_id": "D2ex_92", "color": "#472d7b"}, {"cell_id": "D2ex_93", "color": "#440154"}, {"cell_id": "D2ex_96", "color": "#440154"}, {"cell_id": "D3en1_1", "color": "#414287"}, {"cell_id": "D3en1_2", "color": "#89d548"}, {"cell_id": "D3en1_3", "color": "#2e6d8e"}, {"cell_id": "D3en1_4", "color": "#440154"}, {"cell_id": "D3en1_5", "color": "#440154"}, {"cell_id": "D3en1_6", "color": "#440154"}, {"cell_id": "D3en1_7", "color": "#440154"}, {"cell_id": "D3en1_8", "color": "#440154"}, {"cell_id": "D3en1_9", "color": "#440154"}, {"cell_id": "D3en1_10", "color": "#440154"}, {"cell_id": "D3en1_11", "color": "#440154"}, {"cell_id": "D3en1_12", "color": "#440154"}, {"cell_id": "D3en1_13", "color": "#440154"}, {"cell_id": "D3en1_14", "color": "#440154"}, {"cell_id": "D3en1_16", "color": "#440154"}, {"cell_id": "D3en1_17", "color": "#440154"}, {"cell_id": "D3en1_18", "color": "#440154"}, {"cell_id": "D3en1_19", "color": "#440154"}, {"cell_id": "D3en1_21", "color": "#440154"}, {"cell_id": "D3en1_22", "color": "#440154"}, {"cell_id": "D3en1_23", "color": "#440154"}, {"cell_id": "D3en1_24", "color": "#440154"}, {"cell_id": "D3en1_25", "color": "#440154"}, {"cell_id": "D3en1_26", "color": "#440154"}, {"cell_id": "D3en1_27", "color": "#440154"}, {"cell_id": "D3en1_28", "color": "#dde318"}, {"cell_id": "D3en1_29", "color": "#443a83"}, {"cell_id": "D3en1_30", "color": "#22a785"}, {"cell_id": "D3en1_32", "color": "#440154"}, {"cell_id": "D3en1_33", "color": "#440154"}, {"cell_id": "D3en1_34", "color": "#440154"}, {"cell_id": "D3en1_36", "color": "#440154"}, {"cell_id": "D3en1_37", "color": "#440154"}, {"cell_id": "D3en1_38", "color": "#440154"}, {"cell_id": "D3en1_39", "color": "#1f968b"}, {"cell_id": "D3en1_41", "color": "#440154"}, {"cell_id": "D3en1_42", "color": "#440154"}, {"cell_id": "D3en1_43", "color": "#440154"}, {"cell_id": "D3en1_44", "color": "#440154"}, {"cell_id": "D3en1_45", "color": "#482173"}, {"cell_id": "D3en1_46", "color": "#440154"}, {"cell_id": "D3en1_47", "color": "#440154"}, {"cell_id": "D3en1_48", "color": "#440154"}, {"cell_id": "D3en1_49", "color": "#440154"}, {"cell_id": "D3en1_50", "color": "#38b977"}, {"cell_id": "D3en1_51", "color": "#440154"}, {"cell_id": "D3en1_53", "color": "#440154"}, {"cell_id": "D3en1_54", "color": "#440154"}, {"cell_id": "D3en1_55", "color": "#30698e"}, {"cell_id": "D3en1_56", "color": "#440154"}, {"cell_id": "D3en1_57", "color": "#440154"}, {"cell_id": "D3en1_59", "color": "#440154"}, {"cell_id": "D3en1_60", "color": "#20a386"}, {"cell_id": "D3en1_62", "color": "#440154"}, {"cell_id": "D3en1_63", "color": "#433d84"}, {"cell_id": "D3en1_64", "color": "#25858e"}, {"cell_id": "D3en1_65", "color": "#440154"}, {"cell_id": "D3en1_66", "color": "#440154"}, {"cell_id": "D3en1_67", "color": "#dae319"}, {"cell_id": "D3en1_68", "color": "#24868e"}, {"cell_id": "D3en1_69", "color": "#440154"}, {"cell_id": "D3en1_71", "color": "#fde725"}, {"cell_id": "D3en1_72", "color": "#440154"}, {"cell_id": "D3en1_73", "color": "#440154"}, {"cell_id": "D3en1_74", "color": "#440154"}, {"cell_id": "D3en1_75", "color": "#3d4d8a"}, {"cell_id": "D3en1_76", "color": "#440154"}, {"cell_id": "D3en1_79", "color": "#31b57b"}, {"cell_id": "D3en1_81", "color": "#440154"}, {"cell_id": "D3en1_83", "color": "#34608d"}, {"cell_id": "D3en1_84", "color": "#440154"}, {"cell_id": "D3en1_85", "color": "#440154"}, {"cell_id": "D3en1_87", "color": "#287d8e"}, {"cell_id": "D3en1_88", "color": "#32b67a"}, {"cell_id": "D3en1_89", "color": "#25ab82"}, {"cell_id": "D3en1_90", "color": "#440154"}, {"cell_id": "D3en1_91", "color": "#440154"}, {"cell_id": "D3en1_92", "color": "#440154"}, {"cell_id": "D3en1_93", "color": "#440154"}, {"cell_id": "D3en1_94", "color": "#440154"}, {"cell_id": "D3en1_95", "color": "#440154"}, {"cell_id": "D3en2_1", "color": "#440154"}, {"cell_id": "D3en2_2", "color": "#440154"}, {"cell_id": "D3en2_3", "color": "#2a788e"}, {"cell_id": "D3en2_4", "color": "#440154"}, {"cell_id": "D3en2_5", "color": "#440154"}, {"cell_id": "D3en2_6", "color": "#440154"}, {"cell_id": "D3en2_7", "color": "#440154"}, {"cell_id": "D3en2_8", "color": "#440154"}, {"cell_id": "D3en2_9", "color": "#440154"}, {"cell_id": "D3en2_11", "color": "#5ac864"}, {"cell_id": "D3en2_12", "color": "#440154"}, {"cell_id": "D3en2_13", "color": "#440154"}, {"cell_id": "D3en2_14", "color": "#440154"}, {"cell_id": "D3en2_15", "color": "#440154"}, {"cell_id": "D3en2_16", "color": "#440154"}, {"cell_id": "D3en2_17", "color": "#440154"}, {"cell_id": "D3en2_19", "color": "#440154"}, {"cell_id": "D3en2_21", "color": "#440154"}, {"cell_id": "D3en2_22", "color": "#440154"}, {"cell_id": "D3en2_23", "color": "#440154"}, {"cell_id": "D3en2_24", "color": "#440154"}, {"cell_id": "D3en2_25", "color": "#440154"}, {"cell_id": "D3en2_26", "color": "#440154"}, {"cell_id": "D3en2_27", "color": "#2a788e"}, {"cell_id": "D3en2_29", "color": "#440154"}, {"cell_id": "D3en2_30", "color": "#2d718e"}, {"cell_id": "D3en2_31", "color": "#440154"}, {"cell_id": "D3en2_32", "color": "#440154"}, {"cell_id": "D3en2_33", "color": "#440154"}, {"cell_id": "D3en2_34", "color": "#440154"}, {"cell_id": "D3en2_37", "color": "#440154"}, {"cell_id": "D3en2_38", "color": "#440154"}, {"cell_id": "D3en2_39", "color": "#440154"}, {"cell_id": "D3en2_42", "color": "#440154"}, {"cell_id": "D3en2_43", "color": "#440154"}, {"cell_id": "D3en2_44", "color": "#440154"}, {"cell_id": "D3en2_45", "color": "#440154"}, {"cell_id": "D3en2_48", "color": "#440154"}, {"cell_id": "D3en2_49", "color": "#440154"}, {"cell_id": "D3en2_50", "color": "#440154"}, {"cell_id": "D3en2_52", "color": "#440154"}, {"cell_id": "D3en2_53", "color": "#440154"}, {"cell_id": "D3en2_55", "color": "#440154"}, {"cell_id": "D3en2_56", "color": "#31668e"}, {"cell_id": "D3en2_57", "color": "#440154"}, {"cell_id": "D3en2_58", "color": "#440154"}, {"cell_id": "D3en2_59", "color": "#440154"}, {"cell_id": "D3en2_60", "color": "#22a884"}, {"cell_id": "D3en2_61", "color": "#440154"}, {"cell_id": "D3en2_62", "color": "#22a785"}, {"cell_id": "D3en2_63", "color": "#eae51a"}, {"cell_id": "D3en2_64", "color": "#440154"}, {"cell_id": "D3en2_65", "color": "#440154"}, {"cell_id": "D3en2_66", "color": "#440154"}, {"cell_id": "D3en2_67", "color": "#440154"}, {"cell_id": "D3en2_69", "color": "#440154"}, {"cell_id": "D3en2_70", "color": "#440154"}, {"cell_id": "D3en2_71", "color": "#7cd250"}, {"cell_id": "D3en2_72", "color": "#440154"}, {"cell_id": "D3en2_73", "color": "#440154"}, {"cell_id": "D3en2_74", "color": "#440154"}, {"cell_id": "D3en2_75", "color": "#440154"}, {"cell_id": "D3en2_76", "color": "#440154"}, {"cell_id": "D3en2_77", "color": "#2a778e"}, {"cell_id": "D3en2_78", "color": "#440154"}, {"cell_id": "D3en2_79", "color": "#440154"}, {"cell_id": "D3en2_81", "color": "#440154"}, {"cell_id": "D3en2_82", "color": "#440154"}, {"cell_id": "D3en2_83", "color": "#440154"}, {"cell_id": "D3en2_84", "color": "#440154"}, {"cell_id": "D3en2_85", "color": "#440154"}, {"cell_id": "D3en2_88", "color": "#440154"}, {"cell_id": "D3en2_89", "color": "#440154"}, {"cell_id": "D3en2_90", "color": "#440154"}, {"cell_id": "D3en2_91", "color": "#4cc26c"}, {"cell_id": "D3en2_92", "color": "#39558c"}, {"cell_id": "D3en2_93", "color": "#440154"}, {"cell_id": "D3en2_94", "color": "#440154"}, {"cell_id": "D3en2_96", "color": "#440154"}, {"cell_id": "D3en3_1", "color": "#440154"}, {"cell_id": "D3en3_2", "color": "#440154"}, {"cell_id": "D3en3_3", "color": "#440154"}, {"cell_id": "D3en3_4", "color": "#440154"}, {"cell_id": "D3en3_5", "color": "#440154"}, {"cell_id": "D3en3_6", "color": "#440154"}, {"cell_id": "D3en3_7", "color": "#440154"}, {"cell_id": "D3en3_8", "color": "#440154"}, {"cell_id": "D3en3_9", "color": "#3f4889"}, {"cell_id": "D3en3_10", "color": "#26ad81"}, {"cell_id": "D3en3_11", "color": "#20928c"}, {"cell_id": "D3en3_13", "color": "#440154"}, {"cell_id": "D3en3_14", "color": "#440154"}, {"cell_id": "D3en3_15", "color": "#440154"}, {"cell_id": "D3en3_16", "color": "#440154"}, {"cell_id": "D3en3_17", "color": "#440154"}, {"cell_id": "D3en3_21", "color": "#440154"}, {"cell_id": "D3en3_23", "color": "#440154"}, {"cell_id": "D3en3_24", "color": "#440154"}, {"cell_id": "D3en3_27", "color": "#440154"}, {"cell_id": "D3en3_28", "color": "#440154"}, {"cell_id": "D3en3_29", "color": "#440154"}, {"cell_id": "D3en3_30", "color": "#440154"}, {"cell_id": "D3en3_31", "color": "#440154"}, {"cell_id": "D3en3_32", "color": "#440154"}, {"cell_id": "D3en3_34", "color": "#440154"}, {"cell_id": "D3en3_36", "color": "#440154"}, {"cell_id": "D3en3_37", "color": "#440154"}, {"cell_id": "D3en3_38", "color": "#440154"}, {"cell_id": "D3en3_39", "color": "#440154"}, {"cell_id": "D3en3_41", "color": "#32648e"}, {"cell_id": "D3en3_42", "color": "#440154"}, {"cell_id": "D3en3_44", "color": "#440154"}, {"cell_id": "D3en3_45", "color": "#440154"}, {"cell_id": "D3en3_46", "color": "#440154"}, {"cell_id": "D3en3_47", "color": "#440154"}, {"cell_id": "D3en3_48", "color": "#440154"}, {"cell_id": "D3en3_49", "color": "#440154"}, {"cell_id": "D3en3_50", "color": "#440154"}, {"cell_id": "D3en3_51", "color": "#404588"}, {"cell_id": "D3en3_52", "color": "#440154"}, {"cell_id": "D3en3_53", "color": "#3fbc73"}, {"cell_id": "D3en3_54", "color": "#375a8c"}, {"cell_id": "D3en3_55", "color": "#440154"}, {"cell_id": "D3en3_56", "color": "#440154"}, {"cell_id": "D3en3_57", "color": "#440154"}, {"cell_id": "D3en3_58", "color": "#440154"}, {"cell_id": "D3en3_59", "color": "#440154"}, {"cell_id": "D3en3_60", "color": "#440154"}, {"cell_id": "D3en3_62", "color": "#440154"}, {"cell_id": "D3en3_64", "color": "#440154"}, {"cell_id": "D3en3_65", "color": "#31668e"}, {"cell_id": "D3en3_67", "color": "#440154"}, {"cell_id": "D3en3_68", "color": "#33628d"}, {"cell_id": "D3en3_69", "color": "#440154"}, {"cell_id": "D3en3_71", "color": "#440154"}, {"cell_id": "D3en3_72", "color": "#404688"}, {"cell_id": "D3en3_73", "color": "#440154"}, {"cell_id": "D3en3_74", "color": "#46c06f"}, {"cell_id": "D3en3_75", "color": "#440154"}, {"cell_id": "D3en3_85", "color": "#440154"}, {"cell_id": "D3en3_86", "color": "#440154"}, {"cell_id": "D3en3_87", "color": "#44bf70"}, {"cell_id": "D3en3_88", "color": "#1f978b"}, {"cell_id": "D3en3_89", "color": "#297b8e"}, {"cell_id": "D3en3_90", "color": "#440154"}, {"cell_id": "D3en3_91", "color": "#440154"}, {"cell_id": "D3en3_92", "color": "#2c738e"}, {"cell_id": "D3en3_94", "color": "#440154"}, {"cell_id": "D3en3_95", "color": "#440154"}, {"cell_id": "D3en3_96", "color": "#440154"}, {"cell_id": "D3en4_1", "color": "#440154"}, {"cell_id": "D3en4_2", "color": "#440154"}, {"cell_id": "D3en4_3", "color": "#440154"}, {"cell_id": "D3en4_4", "color": "#443983"}, {"cell_id": "D3en4_5", "color": "#440154"}, {"cell_id": "D3en4_6", "color": "#1f948c"}, {"cell_id": "D3en4_7", "color": "#482576"}, {"cell_id": "D3en4_8", "color": "#440154"}, {"cell_id": "D3en4_9", "color": "#440154"}, {"cell_id": "D3en4_10", "color": "#1e9c89"}, {"cell_id": "D3en4_11", "color": "#2a768e"}, {"cell_id": "D3en4_12", "color": "#440154"}, {"cell_id": "D3en4_13", "color": "#440154"}, {"cell_id": "D3en4_14", "color": "#440154"}, {"cell_id": "D3en4_15", "color": "#440154"}, {"cell_id": "D3en4_16", "color": "#23898e"}, {"cell_id": "D3en4_17", "color": "#30698e"}, {"cell_id": "D3en4_18", "color": "#26828e"}, {"cell_id": "D3en4_19", "color": "#440154"}, {"cell_id": "D3en4_20", "color": "#440154"}, {"cell_id": "D3en4_21", "color": "#440154"}, {"cell_id": "D3en4_22", "color": "#440154"}, {"cell_id": "D3en4_23", "color": "#63cb5f"}, {"cell_id": "D3en4_24", "color": "#440154"}, {"cell_id": "D3en4_25", "color": "#32658e"}, {"cell_id": "D3en4_26", "color": "#440154"}, {"cell_id": "D3en4_27", "color": "#440154"}, {"cell_id": "D3en4_28", "color": "#440154"}, {"cell_id": "D3en4_29", "color": "#440154"}, {"cell_id": "D3en4_30", "color": "#481d6f"}, {"cell_id": "D3en4_31", "color": "#440154"}, {"cell_id": "D3en4_32", "color": "#440154"}, {"cell_id": "D3en4_33", "color": "#440154"}, {"cell_id": "D3en4_34", "color": "#440154"}, {"cell_id": "D3en4_35", "color": "#440154"}, {"cell_id": "D3en4_36", "color": "#440154"}, {"cell_id": "D3en4_37", "color": "#440154"}, {"cell_id": "D3en4_38", "color": "#3a538b"}, {"cell_id": "D3en4_39", "color": "#440154"}, {"cell_id": "D3en4_40", "color": "#23898e"}, {"cell_id": "D3en4_41", "color": "#4ec36b"}, {"cell_id": "D3en4_42", "color": "#21918c"}, {"cell_id": "D3en4_43", "color": "#440154"}, {"cell_id": "D3en4_44", "color": "#440154"}, {"cell_id": "D3en4_45", "color": "#440154"}, {"cell_id": "D3en4_46", "color": "#482878"}, {"cell_id": "D3en4_47", "color": "#440154"}, {"cell_id": "D3en4_48", "color": "#440154"}, {"cell_id": "D3en4_49", "color": "#440154"}, {"cell_id": "D3en4_50", "color": "#440154"}, {"cell_id": "D3en4_51", "color": "#440154"}, {"cell_id": "D3en4_52", "color": "#440154"}, {"cell_id": "D3en4_53", "color": "#2b748e"}, {"cell_id": "D3en4_54", "color": "#440154"}, {"cell_id": "D3en4_55", "color": "#440154"}, {"cell_id": "D3en4_56", "color": "#31668e"}, {"cell_id": "D3en4_57", "color": "#440154"}, {"cell_id": "D3en4_58", "color": "#440154"}, {"cell_id": "D3en4_59", "color": "#440154"}, {"cell_id": "D3en4_60", "color": "#440154"}, {"cell_id": "D3en4_61", "color": "#65cb5e"}, {"cell_id": "D3en4_62", "color": "#26818e"}, {"cell_id": "D3en4_63", "color": "#5ac864"}, {"cell_id": "D3en4_64", "color": "#297a8e"}, {"cell_id": "D3en4_65", "color": "#69cd5b"}, {"cell_id": "D3en4_66", "color": "#218f8d"}, {"cell_id": "D3en4_67", "color": "#440154"}, {"cell_id": "D3en4_68", "color": "#2c728e"}, {"cell_id": "D3en4_69", "color": "#440154"}, {"cell_id": "D3en4_70", "color": "#440154"}, {"cell_id": "D3en4_71", "color": "#297b8e"}, {"cell_id": "D3en4_72", "color": "#2e6d8e"}, {"cell_id": "D3en4_73", "color": "#67cc5c"}, {"cell_id": "D3en4_74", "color": "#472e7c"}, {"cell_id": "D3en4_76", "color": "#440154"}, {"cell_id": "D3en4_78", "color": "#440154"}, {"cell_id": "D3en4_79", "color": "#440154"}, {"cell_id": "D3en4_80", "color": "#440154"}, {"cell_id": "D3en4_81", "color": "#56c667"}, {"cell_id": "D3en4_83", "color": "#277f8e"}, {"cell_id": "D3en4_84", "color": "#440154"}, {"cell_id": "D3en4_85", "color": "#3f4889"}, {"cell_id": "D3en4_86", "color": "#440154"}, {"cell_id": "D3en4_87", "color": "#482173"}, {"cell_id": "D3en4_88", "color": "#2f6b8e"}, {"cell_id": "D3en4_89", "color": "#440154"}, {"cell_id": "D3en4_91", "color": "#463480"}, {"cell_id": "D3en4_92", "color": "#355e8d"}, {"cell_id": "D3en4_93", "color": "#28ae80"}, {"cell_id": "D3en4_94", "color": "#440154"}, {"cell_id": "D3en4_95", "color": "#1f9f88"}, {"cell_id": "D3ex_2", "color": "#440154"}, {"cell_id": "D3ex_3", "color": "#440154"}, {"cell_id": "D3ex_4", "color": "#440154"}, {"cell_id": "D3ex_5", "color": "#440154"}, {"cell_id": "D3ex_6", "color": "#440154"}, {"cell_id": "D3ex_9", "color": "#440154"}, {"cell_id": "D3ex_10", "color": "#440154"}, {"cell_id": "D3ex_12", "color": "#39568c"}, {"cell_id": "D3ex_16", "color": "#440154"}, {"cell_id": "D3ex_17", "color": "#440154"}, {"cell_id": "D3ex_24", "color": "#440154"}, {"cell_id": "D3ex_25", "color": "#440154"}, {"cell_id": "D3ex_26", "color": "#440154"}, {"cell_id": "D3ex_27", "color": "#440154"}, {"cell_id": "D3ex_28", "color": "#440154"}, {"cell_id": "D3ex_34", "color": "#463480"}, {"cell_id": "D3ex_35", "color": "#440154"}, {"cell_id": "D3ex_36", "color": "#440154"}, {"cell_id": "D3ex_37", "color": "#440154"}, {"cell_id": "D3ex_38", "color": "#440154"}, {"cell_id": "D3ex_39", "color": "#440154"}, {"cell_id": "D3ex_40", "color": "#440154"}, {"cell_id": "D3ex_41", "color": "#440154"}, {"cell_id": "D3ex_42", "color": "#440154"}, {"cell_id": "D3ex_44", "color": "#1f978b"}, {"cell_id": "D3ex_47", "color": "#440154"}, {"cell_id": "D3ex_48", "color": "#26828e"}, {"cell_id": "D3ex_51", "color": "#440154"}, {"cell_id": "D3ex_54", "color": "#75d054"}, {"cell_id": "D3ex_55", "color": "#440154"}, {"cell_id": "D3ex_58", "color": "#440154"}, {"cell_id": "D3ex_59", "color": "#440154"}, {"cell_id": "D3ex_64", "color": "#440154"}, {"cell_id": "D3ex_65", "color": "#440154"}, {"cell_id": "D3ex_66", "color": "#440154"}, {"cell_id": "D3ex_67", "color": "#440154"}, {"cell_id": "D3ex_68", "color": "#440154"}, {"cell_id": "D3ex_69", "color": "#440154"}, {"cell_id": "D3ex_70", "color": "#440154"}, {"cell_id": "D3ex_71", "color": "#440154"}, {"cell_id": "D3ex_72", "color": "#440154"}, {"cell_id": "D3ex_73", "color": "#440154"}, {"cell_id": "D3ex_74", "color": "#440154"}, {"cell_id": "D3ex_75", "color": "#440154"}, {"cell_id": "D3ex_76", "color": "#440154"}, {"cell_id": "D3ex_77", "color": "#440154"}, {"cell_id": "D3ex_79", "color": "#440154"}, {"cell_id": "D3ex_80", "color": "#440154"}, {"cell_id": "D3ex_82", "color": "#440154"}, {"cell_id": "D3ex_83", "color": "#443a83"}, {"cell_id": "D3ex_85", "color": "#440154"}, {"cell_id": "D3ex_87", "color": "#440154"}, {"cell_id": "D3ex_88", "color": "#440154"}, {"cell_id": "D3ex_90", "color": "#440154"}, {"cell_id": "D3ex_91", "color": "#287c8e"}, {"cell_id": "D3ex_92", "color": "#355f8d"}, {"cell_id": "D74_1", "color": "#440154"}, {"cell_id": "D74_2", "color": "#440154"}, {"cell_id": "D74_3", "color": "#440154"}, {"cell_id": "D74_4", "color": "#440154"}, {"cell_id": "D74_5", "color": "#440154"}, {"cell_id": "D74_6", "color": "#3bbb75"}, {"cell_id": "D74_7", "color": "#440154"}, {"cell_id": "D74_8", "color": "#440154"}, {"cell_id": "D74_9", "color": "#2e6e8e"}, {"cell_id": "D74_10", "color": "#440154"}, {"cell_id": "D74_11", "color": "#440154"}, {"cell_id": "D74_12", "color": "#440154"}, {"cell_id": "D74_13", "color": "#5ac864"}, {"cell_id": "D74_14", "color": "#481b6d"}, {"cell_id": "D74_15", "color": "#414287"}, {"cell_id": "D74_16", "color": "#440154"}, {"cell_id": "D74_17", "color": "#424186"}, {"cell_id": "D74_18", "color": "#440154"}, {"cell_id": "D74_19", "color": "#440154"}, {"cell_id": "D74_20", "color": "#31678e"}, {"cell_id": "D74_21", "color": "#3b528b"}, {"cell_id": "D74_22", "color": "#20a386"}, {"cell_id": "D74_23", "color": "#424186"}, {"cell_id": "D74_24", "color": "#48c16e"}, {"cell_id": "D74_25", "color": "#306a8e"}, {"cell_id": "D74_26", "color": "#2a778e"}, {"cell_id": "D74_27", "color": "#25ab82"}, {"cell_id": "D74_28", "color": "#1f9f88"}, {"cell_id": "D74_29", "color": "#453882"}, {"cell_id": "D74_31", "color": "#1f9f88"}, {"cell_id": "D74_32", "color": "#424186"}, {"cell_id": "D74_33", "color": "#440154"}, {"cell_id": "D74_34", "color": "#440154"}, {"cell_id": "D74_35", "color": "#22a785"}, {"cell_id": "D74_36", "color": "#440154"}, {"cell_id": "D74_37", "color": "#440154"}, {"cell_id": "D74_38", "color": "#440154"}, {"cell_id": "D74_39", "color": "#1f9a8a"}, {"cell_id": "D74_40", "color": "#46327e"}, {"cell_id": "D74_41", "color": "#3f4788"}, {"cell_id": "D74_42", "color": "#365d8d"}, {"cell_id": "D74_43", "color": "#40bd72"}, {"cell_id": "D74_44", "color": "#440154"}, {"cell_id": "D74_45", "color": "#453781"}, {"cell_id": "D74_46", "color": "#34b679"}, {"cell_id": "D74_47", "color": "#365c8d"}, {"cell_id": "D74_49", "color": "#440154"}, {"cell_id": "D74_50", "color": "#440154"}, {"cell_id": "D74_51", "color": "#440154"}, {"cell_id": "D74_52", "color": "#440154"}, {"cell_id": "D74_53", "color": "#3d4e8a"}, {"cell_id": "D74_54", "color": "#1f9f88"}, {"cell_id": "D74_55", "color": "#440154"}, {"cell_id": "D74_56", "color": "#29798e"}, {"cell_id": "D74_57", "color": "#433e85"}, {"cell_id": "D74_58", "color": "#21918c"}, {"cell_id": "D74_59", "color": "#26818e"}, {"cell_id": "D74_60", "color": "#25ab82"}, {"cell_id": "D74_61", "color": "#440154"}, {"cell_id": "D74_62", "color": "#481a6c"}, {"cell_id": "D74_63", "color": "#433d84"}, {"cell_id": "D74_64", "color": "#1e9c89"}, {"cell_id": "D74_65", "color": "#440154"}, {"cell_id": "D74_66", "color": "#23898e"}, {"cell_id": "D74_67", "color": "#34608d"}, {"cell_id": "D74_68", "color": "#3e4a89"}, {"cell_id": "D74_69", "color": "#2b748e"}, {"cell_id": "D74_70", "color": "#440154"}, {"cell_id": "D74_71", "color": "#1fa187"}, {"cell_id": "D74_72", "color": "#440154"}, {"cell_id": "D74_73", "color": "#2a768e"}, {"cell_id": "D74_74", "color": "#440154"}, {"cell_id": "D74_75", "color": "#453882"}, {"cell_id": "D74_76", "color": "#440154"}, {"cell_id": "D74_77", "color": "#440154"}, {"cell_id": "D74_78", "color": "#440154"}, {"cell_id": "D74_79", "color": "#440154"}, {"cell_id": "D74_80", "color": "#440154"}, {"cell_id": "D74_81", "color": "#440154"}, {"cell_id": "D74_82", "color": "#440154"}, {"cell_id": "D74_83", "color": "#440154"}, {"cell_id": "D74_85", "color": "#33638d"}, {"cell_id": "D74_86", "color": "#440154"}, {"cell_id": "D74_87", "color": "#2f6c8e"}, {"cell_id": "D74_88", "color": "#472f7d"}, {"cell_id": "D74_89", "color": "#440154"}, {"cell_id": "D74_90", "color": "#440154"}, {"cell_id": "D74_91", "color": "#3d4e8a"}, {"cell_id": "D74_92", "color": "#463480"}, {"cell_id": "D74_93", "color": "#67cc5c"}, {"cell_id": "D74_94", "color": "#46327e"}, {"cell_id": "D74_95", "color": "#26818e"}, {"cell_id": "D71_1", "color": "#440154"}, {"cell_id": "D71_2", "color": "#440154"}, {"cell_id": "D71_3", "color": "#1fa287"}, {"cell_id": "D71_4", "color": "#440154"}, {"cell_id": "D71_5", "color": "#440154"}, {"cell_id": "D71_6", "color": "#404588"}, {"cell_id": "D71_7", "color": "#3d4e8a"}, {"cell_id": "D71_8", "color": "#440154"}, {"cell_id": "D71_9", "color": "#440154"}, {"cell_id": "D71_10", "color": "#472a7a"}, {"cell_id": "D71_11", "color": "#355e8d"}, {"cell_id": "D71_12", "color": "#440154"}, {"cell_id": "D71_14", "color": "#3a548c"}, {"cell_id": "D71_15", "color": "#440154"}, {"cell_id": "D71_16", "color": "#3f4889"}, {"cell_id": "D71_17", "color": "#440154"}, {"cell_id": "D71_18", "color": "#31b57b"}, {"cell_id": "D71_19", "color": "#440154"}, {"cell_id": "D71_20", "color": "#414487"}, {"cell_id": "D71_21", "color": "#440154"}, {"cell_id": "D71_22", "color": "#472e7c"}, {"cell_id": "D71_23", "color": "#2e6d8e"}, {"cell_id": "D71_25", "color": "#440154"}, {"cell_id": "D71_26", "color": "#440154"}, {"cell_id": "D71_27", "color": "#453882"}, {"cell_id": "D71_28", "color": "#6ece58"}, {"cell_id": "D71_29", "color": "#440154"}, {"cell_id": "D71_30", "color": "#3f4889"}, {"cell_id": "D71_31", "color": "#433d84"}, {"cell_id": "D71_32", "color": "#440154"}, {"cell_id": "D71_33", "color": "#443983"}, {"cell_id": "D71_34", "color": "#440154"}, {"cell_id": "D71_35", "color": "#440154"}, {"cell_id": "D71_36", "color": "#440154"}, {"cell_id": "D71_37", "color": "#32658e"}, {"cell_id": "D71_38", "color": "#440154"}, {"cell_id": "D71_39", "color": "#440154"}, {"cell_id": "D71_40", "color": "#443a83"}, {"cell_id": "D71_41", "color": "#440154"}, {"cell_id": "D71_42", "color": "#424086"}, {"cell_id": "D71_43", "color": "#32648e"}, {"cell_id": "D71_44", "color": "#2b748e"}, {"cell_id": "D71_45", "color": "#39558c"}, {"cell_id": "D71_46", "color": "#440154"}, {"cell_id": "D71_47", "color": "#365c8d"}, {"cell_id": "D71_48", "color": "#440154"}, {"cell_id": "D71_49", "color": "#440154"}, {"cell_id": "D71_50", "color": "#440154"}, {"cell_id": "D71_51", "color": "#440154"}, {"cell_id": "D71_52", "color": "#355f8d"}, {"cell_id": "D71_53", "color": "#23888e"}, {"cell_id": "D71_54", "color": "#440154"}, {"cell_id": "D71_55", "color": "#440154"}, {"cell_id": "D71_56", "color": "#21908d"}, {"cell_id": "D71_57", "color": "#440154"}, {"cell_id": "D71_58", "color": "#440154"}, {"cell_id": "D71_59", "color": "#2a768e"}, {"cell_id": "D71_60", "color": "#440154"}, {"cell_id": "D71_61", "color": "#2d718e"}, {"cell_id": "D71_62", "color": "#440154"}, {"cell_id": "D71_63", "color": "#440154"}, {"cell_id": "D71_64", "color": "#27ad81"}, {"cell_id": "D71_65", "color": "#86d549"}, {"cell_id": "D71_66", "color": "#440154"}, {"cell_id": "D71_67", "color": "#2a788e"}, {"cell_id": "D71_68", "color": "#440154"}, {"cell_id": "D71_69", "color": "#440154"}, {"cell_id": "D71_70", "color": "#440154"}, {"cell_id": "D71_71", "color": "#433d84"}, {"cell_id": "D71_72", "color": "#440154"}, {"cell_id": "D71_73", "color": "#3a548c"}, {"cell_id": "D71_74", "color": "#440154"}, {"cell_id": "D71_75", "color": "#3fbc73"}, {"cell_id": "D71_76", "color": "#453581"}, {"cell_id": "D71_77", "color": "#440154"}, {"cell_id": "D71_78", "color": "#481d6f"}, {"cell_id": "D71_79", "color": "#24878e"}, {"cell_id": "D71_80", "color": "#440154"}, {"cell_id": "D71_81", "color": "#218e8d"}, {"cell_id": "D71_82", "color": "#3a548c"}, {"cell_id": "D71_83", "color": "#440154"}, {"cell_id": "D71_84", "color": "#440154"}, {"cell_id": "D71_85", "color": "#addc30"}, {"cell_id": "D71_86", "color": "#440154"}, {"cell_id": "D71_87", "color": "#440154"}, {"cell_id": "D71_88", "color": "#440154"}, {"cell_id": "D71_90", "color": "#365c8d"}, {"cell_id": "D71_91", "color": "#3c508b"}, {"cell_id": "D71_92", "color": "#481c6e"}, {"cell_id": "D71_93", "color": "#1f948c"}, {"cell_id": "D71_94", "color": "#34608d"}, {"cell_id": "D71_95", "color": "#34618d"}, {"cell_id": "D71_96", "color": "#440154"}, {"cell_id": "D72_1", "color": "#440154"}, {"cell_id": "D72_2", "color": "#440154"}, {"cell_id": "D72_3", "color": "#306a8e"}, {"cell_id": "D72_4", "color": "#bade28"}, {"cell_id": "D72_5", "color": "#24878e"}, {"cell_id": "D72_6", "color": "#440154"}, {"cell_id": "D72_7", "color": "#440154"}, {"cell_id": "D72_8", "color": "#440154"}, {"cell_id": "D72_9", "color": "#440154"}, {"cell_id": "D72_10", "color": "#3c4f8a"}, {"cell_id": "D72_11", "color": "#440154"}, {"cell_id": "D72_12", "color": "#440154"}, {"cell_id": "D72_13", "color": "#26818e"}, {"cell_id": "D72_14", "color": "#440154"}, {"cell_id": "D72_15", "color": "#365d8d"}, {"cell_id": "D72_16", "color": "#440154"}, {"cell_id": "D72_18", "color": "#440154"}, {"cell_id": "D72_20", "color": "#440154"}, {"cell_id": "D72_21", "color": "#440154"}, {"cell_id": "D72_22", "color": "#423f85"}, {"cell_id": "D72_23", "color": "#cae11f"}, {"cell_id": "D72_24", "color": "#297a8e"}, {"cell_id": "D72_25", "color": "#3c508b"}, {"cell_id": "D72_27", "color": "#2e6f8e"}, {"cell_id": "D72_28", "color": "#7ad151"}, {"cell_id": "D72_29", "color": "#440154"}, {"cell_id": "D72_30", "color": "#440154"}, {"cell_id": "D72_31", "color": "#3d4d8a"}, {"cell_id": "D72_32", "color": "#39568c"}, {"cell_id": "D72_33", "color": "#472d7b"}, {"cell_id": "D72_34", "color": "#52c569"}, {"cell_id": "D72_35", "color": "#34b679"}, {"cell_id": "D72_36", "color": "#440154"}, {"cell_id": "D72_37", "color": "#25838e"}, {"cell_id": "D72_38", "color": "#440154"}, {"cell_id": "D72_39", "color": "#440154"}, {"cell_id": "D72_40", "color": "#440154"}, {"cell_id": "D72_41", "color": "#39568c"}, {"cell_id": "D72_42", "color": "#440154"}, {"cell_id": "D72_43", "color": "#69cd5b"}, {"cell_id": "D72_44", "color": "#440154"}, {"cell_id": "D72_45", "color": "#440154"}, {"cell_id": "D72_46", "color": "#218f8d"}, {"cell_id": "D72_47", "color": "#3c4f8a"}, {"cell_id": "D72_48", "color": "#27808e"}, {"cell_id": "D72_49", "color": "#23898e"}, {"cell_id": "D72_50", "color": "#21908d"}, {"cell_id": "D72_52", "color": "#2e6d8e"}, {"cell_id": "D72_53", "color": "#453882"}, {"cell_id": "D72_54", "color": "#440154"}, {"cell_id": "D72_55", "color": "#440154"}, {"cell_id": "D72_57", "color": "#440154"}, {"cell_id": "D72_58", "color": "#440154"}, {"cell_id": "D72_59", "color": "#440154"}, {"cell_id": "D72_61", "color": "#1e9b8a"}, {"cell_id": "D72_62", "color": "#20a486"}, {"cell_id": "D72_63", "color": "#440154"}, {"cell_id": "D72_64", "color": "#440154"}, {"cell_id": "D72_65", "color": "#440154"}, {"cell_id": "D72_66", "color": "#440154"}, {"cell_id": "D72_67", "color": "#25848e"}, {"cell_id": "D72_68", "color": "#31678e"}, {"cell_id": "D72_69", "color": "#440154"}, {"cell_id": "D72_70", "color": "#31678e"}, {"cell_id": "D72_71", "color": "#277f8e"}, {"cell_id": "D72_72", "color": "#440154"}, {"cell_id": "D72_73", "color": "#440154"}, {"cell_id": "D72_74", "color": "#34618d"}, {"cell_id": "D72_75", "color": "#440154"}, {"cell_id": "D72_76", "color": "#433e85"}, {"cell_id": "D72_77", "color": "#3c4f8a"}, {"cell_id": "D72_78", "color": "#482576"}, {"cell_id": "D72_79", "color": "#440154"}, {"cell_id": "D72_80", "color": "#375b8d"}, {"cell_id": "D72_81", "color": "#440154"}, {"cell_id": "D72_82", "color": "#424186"}, {"cell_id": "D72_83", "color": "#440154"}, {"cell_id": "D72_84", "color": "#3c4f8a"}, {"cell_id": "D72_85", "color": "#440154"}, {"cell_id": "D72_86", "color": "#1fa088"}, {"cell_id": "D72_87", "color": "#3a548c"}, {"cell_id": "D72_88", "color": "#3f4788"}, {"cell_id": "D72_89", "color": "#440154"}, {"cell_id": "D72_90", "color": "#38b977"}, {"cell_id": "D72_91", "color": "#404688"}, {"cell_id": "D72_92", "color": "#440154"}, {"cell_id": "D72_93", "color": "#46337f"}, {"cell_id": "D72_95", "color": "#440154"}, {"cell_id": "D72_96", "color": "#3f4788"}, {"cell_id": "D73_1", "color": "#33638d"}, {"cell_id": "D73_2", "color": "#404588"}, {"cell_id": "D73_3", "color": "#433d84"}, {"cell_id": "D73_4", "color": "#440154"}, {"cell_id": "D73_5", "color": "#365d8d"}, {"cell_id": "D73_6", "color": "#440154"}, {"cell_id": "D73_7", "color": "#440154"}, {"cell_id": "D73_8", "color": "#33638d"}, {"cell_id": "D73_9", "color": "#440154"}, {"cell_id": "D73_10", "color": "#34608d"}, {"cell_id": "D73_11", "color": "#440154"}, {"cell_id": "D73_12", "color": "#404588"}, {"cell_id": "D73_13", "color": "#440154"}, {"cell_id": "D73_14", "color": "#21918c"}, {"cell_id": "D73_15", "color": "#440154"}, {"cell_id": "D73_16", "color": "#440154"}, {"cell_id": "D73_17", "color": "#29798e"}, {"cell_id": "D73_18", "color": "#218e8d"}, {"cell_id": "D73_19", "color": "#440154"}, {"cell_id": "D73_20", "color": "#81d34d"}, {"cell_id": "D73_21", "color": "#440154"}, {"cell_id": "D73_22", "color": "#440154"}, {"cell_id": "D73_23", "color": "#23898e"}, {"cell_id": "D73_24", "color": "#4cc26c"}, {"cell_id": "D73_25", "color": "#287d8e"}, {"cell_id": "D73_26", "color": "#440154"}, {"cell_id": "D73_27", "color": "#1e9d89"}, {"cell_id": "D73_28", "color": "#440154"}, {"cell_id": "D73_29", "color": "#443983"}, {"cell_id": "D73_30", "color": "#404688"}, {"cell_id": "D73_31", "color": "#440154"}, {"cell_id": "D73_32", "color": "#297b8e"}, {"cell_id": "D73_33", "color": "#26828e"}, {"cell_id": "D73_34", "color": "#365c8d"}, {"cell_id": "D73_35", "color": "#440154"}, {"cell_id": "D73_36", "color": "#228b8d"}, {"cell_id": "D73_37", "color": "#440154"}, {"cell_id": "D73_38", "color": "#3d4d8a"}, {"cell_id": "D73_39", "color": "#440154"}, {"cell_id": "D73_40", "color": "#1f958b"}, {"cell_id": "D73_41", "color": "#440154"}, {"cell_id": "D73_42", "color": "#440154"}, {"cell_id": "D73_43", "color": "#424086"}, {"cell_id": "D73_44", "color": "#440154"}, {"cell_id": "D73_45", "color": "#440154"}, {"cell_id": "D73_46", "color": "#440154"}, {"cell_id": "D73_48", "color": "#440154"}, {"cell_id": "D73_49", "color": "#38b977"}, {"cell_id": "D73_50", "color": "#440154"}, {"cell_id": "D73_51", "color": "#1fa088"}, {"cell_id": "D73_52", "color": "#22a785"}, {"cell_id": "D73_53", "color": "#440154"}, {"cell_id": "D73_54", "color": "#31688e"}, {"cell_id": "D73_55", "color": "#440154"}, {"cell_id": "D73_56", "color": "#440154"}, {"cell_id": "D73_57", "color": "#218f8d"}, {"cell_id": "D73_58", "color": "#440154"}, {"cell_id": "D73_59", "color": "#472e7c"}, {"cell_id": "D73_60", "color": "#440154"}, {"cell_id": "D73_61", "color": "#440154"}, {"cell_id": "D73_62", "color": "#440154"}, {"cell_id": "D73_63", "color": "#23898e"}, {"cell_id": "D73_64", "color": "#440154"}, {"cell_id": "D73_65", "color": "#3c508b"}, {"cell_id": "D73_66", "color": "#440154"}, {"cell_id": "D73_67", "color": "#440154"}, {"cell_id": "D73_68", "color": "#440154"}, {"cell_id": "D73_69", "color": "#440154"}, {"cell_id": "D73_70", "color": "#365c8d"}, {"cell_id": "D73_71", "color": "#3a538b"}, {"cell_id": "D73_72", "color": "#440154"}, {"cell_id": "D73_73", "color": "#21a585"}, {"cell_id": "D73_75", "color": "#440154"}, {"cell_id": "D73_76", "color": "#440154"}, {"cell_id": "D73_77", "color": "#440154"}, {"cell_id": "D73_78", "color": "#440154"}, {"cell_id": "D73_79", "color": "#365c8d"}, {"cell_id": "D73_80", "color": "#440154"}, {"cell_id": "D73_81", "color": "#414287"}, {"cell_id": "D73_82", "color": "#365d8d"}, {"cell_id": "D73_83", "color": "#440154"}, {"cell_id": "D73_84", "color": "#440154"}, {"cell_id": "D73_85", "color": "#440154"}, {"cell_id": "D73_86", "color": "#472e7c"}, {"cell_id": "D73_87", "color": "#440154"}, {"cell_id": "D73_88", "color": "#440154"}, {"cell_id": "D73_89", "color": "#440154"}, {"cell_id": "D73_90", "color": "#3b518b"}, {"cell_id": "D73_91", "color": "#440154"}, {"cell_id": "D73_92", "color": "#440154"}, {"cell_id": "D73_96", "color": "#1e9c89"}, {"cell_id": "D10631_2", "color": "#38588c"}, {"cell_id": "D10631_3", "color": "#2f6c8e"}, {"cell_id": "D10631_4", "color": "#440154"}, {"cell_id": "D10631_5", "color": "#440154"}, {"cell_id": "D10631_6", "color": "#440154"}, {"cell_id": "D10631_7", "color": "#440154"}, {"cell_id": "D10631_8", "color": "#440154"}, {"cell_id": "D10631_9", "color": "#440154"}, {"cell_id": "D10631_10", "color": "#440154"}, {"cell_id": "D10631_11", "color": "#440154"}, {"cell_id": "D10631_12", "color": "#440154"}, {"cell_id": "D10631_14", "color": "#440154"}, {"cell_id": "D10631_15", "color": "#440154"}, {"cell_id": "D10631_16", "color": "#26ad81"}, {"cell_id": "D10631_17", "color": "#440154"}, {"cell_id": "D10631_18", "color": "#440154"}, {"cell_id": "D10631_19", "color": "#440154"}, {"cell_id": "D10631_20", "color": "#440154"}, {"cell_id": "D10631_21", "color": "#440154"}, {"cell_id": "D10631_22", "color": "#440154"}, {"cell_id": "D10631_23", "color": "#440154"}, {"cell_id": "D10631_24", "color": "#21a685"}, {"cell_id": "D10631_25", "color": "#21a585"}, {"cell_id": "D10631_26", "color": "#440154"}, {"cell_id": "D10631_27", "color": "#440154"}, {"cell_id": "D10631_29", "color": "#472a7a"}, {"cell_id": "D10631_33", "color": "#27ad81"}, {"cell_id": "D10631_34", "color": "#404688"}, {"cell_id": "D10631_36", "color": "#440154"}, {"cell_id": "D10631_37", "color": "#440154"}, {"cell_id": "D10631_38", "color": "#5ac864"}, {"cell_id": "D10631_39", "color": "#440154"}, {"cell_id": "D10631_40", "color": "#440154"}, {"cell_id": "D10631_41", "color": "#440154"}, {"cell_id": "D10631_42", "color": "#1f978b"}, {"cell_id": "D10631_43", "color": "#440154"}, {"cell_id": "D10631_44", "color": "#440154"}, {"cell_id": "D10631_45", "color": "#46c06f"}, {"cell_id": "D10631_46", "color": "#440154"}, {"cell_id": "D10631_48", "color": "#a0da39"}, {"cell_id": "D10631_50", "color": "#440154"}, {"cell_id": "D10631_51", "color": "#287d8e"}, {"cell_id": "D10631_52", "color": "#2d708e"}, {"cell_id": "D10631_53", "color": "#440154"}, {"cell_id": "D10631_54", "color": "#440154"}, {"cell_id": "D10631_55", "color": "#440154"}, {"cell_id": "D10631_56", "color": "#1f998a"}, {"cell_id": "D10631_57", "color": "#440154"}, {"cell_id": "D10631_58", "color": "#25ab82"}, {"cell_id": "D10631_59", "color": "#440154"}, {"cell_id": "D10631_60", "color": "#440154"}, {"cell_id": "D10631_61", "color": "#2d708e"}, {"cell_id": "D10631_62", "color": "#440154"}, {"cell_id": "D10631_63", "color": "#23898e"}, {"cell_id": "D10631_64", "color": "#440154"}, {"cell_id": "D10631_65", "color": "#277f8e"}, {"cell_id": "D10631_66", "color": "#440154"}, {"cell_id": "D10631_67", "color": "#482979"}, {"cell_id": "D10631_68", "color": "#38b977"}, {"cell_id": "D10631_69", "color": "#440154"}, {"cell_id": "D10631_70", "color": "#440154"}, {"cell_id": "D10631_71", "color": "#440154"}, {"cell_id": "D10631_72", "color": "#440154"}, {"cell_id": "D10631_73", "color": "#440154"}, {"cell_id": "D10631_74", "color": "#440154"}, {"cell_id": "D10631_76", "color": "#3aba76"}, {"cell_id": "D10631_85", "color": "#52c569"}, {"cell_id": "D10631_87", "color": "#440154"}, {"cell_id": "D10631_88", "color": "#440154"}, {"cell_id": "D10631_89", "color": "#440154"}, {"cell_id": "D10631_90", "color": "#c5e021"}, {"cell_id": "D10631_91", "color": "#443b84"}, {"cell_id": "D10631_92", "color": "#297b8e"}, {"cell_id": "D10631_93", "color": "#440154"}, {"cell_id": "D10631_95", "color": "#482374"}, {"cell_id": "D10631_96", "color": "#440154"}, {"cell_id": "D101_1", "color": "#440154"}, {"cell_id": "D101_3", "color": "#440154"}, {"cell_id": "D101_4", "color": "#440154"}, {"cell_id": "D101_5", "color": "#440154"}, {"cell_id": "D101_7", "color": "#440154"}, {"cell_id": "D101_10", "color": "#440154"}, {"cell_id": "D101_12", "color": "#440154"}, {"cell_id": "D101_13", "color": "#440154"}, {"cell_id": "D101_14", "color": "#440154"}, {"cell_id": "D101_16", "color": "#440154"}, {"cell_id": "D101_17", "color": "#26828e"}, {"cell_id": "D101_19", "color": "#440154"}, {"cell_id": "D101_20", "color": "#440154"}, {"cell_id": "D101_21", "color": "#440154"}, {"cell_id": "D101_22", "color": "#1f9f88"}, {"cell_id": "D101_23", "color": "#440154"}, {"cell_id": "D101_24", "color": "#440154"}, {"cell_id": "D101_25", "color": "#440154"}, {"cell_id": "D101_27", "color": "#2f6c8e"}, {"cell_id": "D101_28", "color": "#440154"}, {"cell_id": "D101_29", "color": "#1e9c89"}, {"cell_id": "D101_31", "color": "#440154"}, {"cell_id": "D101_34", "color": "#29798e"}, {"cell_id": "D101_35", "color": "#440154"}, {"cell_id": "D101_36", "color": "#440154"}, {"cell_id": "D101_37", "color": "#27808e"}, {"cell_id": "D101_38", "color": "#440154"}, {"cell_id": "D101_39", "color": "#440154"}, {"cell_id": "D101_40", "color": "#440154"}, {"cell_id": "D101_41", "color": "#440154"}, {"cell_id": "D101_42", "color": "#440154"}, {"cell_id": "D101_43", "color": "#472d7b"}, {"cell_id": "D101_44", "color": "#1f988b"}, {"cell_id": "D101_45", "color": "#440154"}, {"cell_id": "D101_48", "color": "#472a7a"}, {"cell_id": "D101_50", "color": "#482677"}, {"cell_id": "D101_51", "color": "#440154"}, {"cell_id": "D101_52", "color": "#440154"}, {"cell_id": "D101_53", "color": "#3e4c8a"}, {"cell_id": "D101_55", "color": "#440154"}, {"cell_id": "D101_56", "color": "#440154"}, {"cell_id": "D101_57", "color": "#440154"}, {"cell_id": "D101_58", "color": "#440154"}, {"cell_id": "D101_59", "color": "#440154"}, {"cell_id": "D101_60", "color": "#440154"}, {"cell_id": "D101_62", "color": "#440154"}, {"cell_id": "D101_64", "color": "#440154"}, {"cell_id": "D101_65", "color": "#440154"}, {"cell_id": "D101_66", "color": "#440154"}, {"cell_id": "D101_68", "color": "#440154"}, {"cell_id": "D101_69", "color": "#1fa187"}, {"cell_id": "D101_70", "color": "#440154"}, {"cell_id": "D101_71", "color": "#440154"}, {"cell_id": "D101_72", "color": "#26828e"}, {"cell_id": "D101_73", "color": "#440154"}, {"cell_id": "D101_74", "color": "#440154"}, {"cell_id": "D101_75", "color": "#440154"}, {"cell_id": "D101_76", "color": "#440154"}, {"cell_id": "D101_77", "color": "#440154"}, {"cell_id": "D101_78", "color": "#440154"}, {"cell_id": "D101_79", "color": "#440154"}, {"cell_id": "D101_80", "color": "#440154"}, {"cell_id": "D101_81", "color": "#46327e"}, {"cell_id": "D101_82", "color": "#472c7a"}, {"cell_id": "D101_83", "color": "#440154"}, {"cell_id": "D101_84", "color": "#443b84"}, {"cell_id": "D101_85", "color": "#440154"}, {"cell_id": "D101_86", "color": "#440154"}, {"cell_id": "D101_88", "color": "#440154"}, {"cell_id": "D101_89", "color": "#440154"}, {"cell_id": "D101_90", "color": "#440154"}, {"cell_id": "D101_91", "color": "#440154"}, {"cell_id": "D101_92", "color": "#440154"}, {"cell_id": "D101_93", "color": "#440154"}, {"cell_id": "D101_95", "color": "#440154"}, {"cell_id": "D101_96", "color": "#440154"}, {"cell_id": "D102_1", "color": "#25858e"}, {"cell_id": "D102_2", "color": "#440154"}, {"cell_id": "D102_3", "color": "#440154"}, {"cell_id": "D102_4", "color": "#440154"}, {"cell_id": "D102_5", "color": "#440154"}, {"cell_id": "D102_6", "color": "#440154"}, {"cell_id": "D102_7", "color": "#440154"}, {"cell_id": "D102_9", "color": "#440154"}, {"cell_id": "D102_10", "color": "#440154"}, {"cell_id": "D102_11", "color": "#440154"}, {"cell_id": "D102_12", "color": "#440154"}, {"cell_id": "D102_14", "color": "#440154"}, {"cell_id": "D102_16", "color": "#440154"}, {"cell_id": "D102_17", "color": "#440154"}, {"cell_id": "D102_18", "color": "#440154"}, {"cell_id": "D102_19", "color": "#440154"}, {"cell_id": "D102_20", "color": "#440154"}, {"cell_id": "D102_21", "color": "#440154"}, {"cell_id": "D102_22", "color": "#440154"}, {"cell_id": "D102_23", "color": "#440154"}, {"cell_id": "D102_24", "color": "#440154"}, {"cell_id": "D102_25", "color": "#440154"}, {"cell_id": "D102_26", "color": "#440154"}, {"cell_id": "D102_27", "color": "#440154"}, {"cell_id": "D102_29", "color": "#440154"}, {"cell_id": "D102_30", "color": "#440154"}, {"cell_id": "D102_31", "color": "#440154"}, {"cell_id": "D102_32", "color": "#440154"}, {"cell_id": "D102_36", "color": "#50c46a"}, {"cell_id": "D102_37", "color": "#440154"}, {"cell_id": "D102_39", "color": "#440154"}, {"cell_id": "D102_40", "color": "#440154"}, {"cell_id": "D102_42", "color": "#20928c"}, {"cell_id": "D102_43", "color": "#440154"}, {"cell_id": "D102_44", "color": "#440154"}, {"cell_id": "D102_45", "color": "#440154"}, {"cell_id": "D102_46", "color": "#440154"}, {"cell_id": "D102_48", "color": "#440154"}, {"cell_id": "D102_49", "color": "#440154"}, {"cell_id": "D102_50", "color": "#440154"}, {"cell_id": "D102_51", "color": "#482979"}, {"cell_id": "D102_52", "color": "#440154"}, {"cell_id": "D102_53", "color": "#440154"}, {"cell_id": "D102_54", "color": "#3a548c"}, {"cell_id": "D102_55", "color": "#440154"}, {"cell_id": "D102_56", "color": "#440154"}, {"cell_id": "D102_57", "color": "#440154"}, {"cell_id": "D102_58", "color": "#440154"}, {"cell_id": "D102_59", "color": "#440154"}, {"cell_id": "D102_60", "color": "#440154"}, {"cell_id": "D102_61", "color": "#440154"}, {"cell_id": "D102_62", "color": "#440154"}, {"cell_id": "D102_63", "color": "#440154"}, {"cell_id": "D102_64", "color": "#2a778e"}, {"cell_id": "D102_65", "color": "#1f958b"}, {"cell_id": "D102_66", "color": "#440154"}, {"cell_id": "D102_67", "color": "#440154"}, {"cell_id": "D102_68", "color": "#355f8d"}, {"cell_id": "D102_69", "color": "#440154"}, {"cell_id": "D102_70", "color": "#440154"}, {"cell_id": "D102_71", "color": "#440154"}, {"cell_id": "D102_72", "color": "#440154"}, {"cell_id": "D102_73", "color": "#26ad81"}, {"cell_id": "D102_74", "color": "#440154"}, {"cell_id": "D102_75", "color": "#440154"}, {"cell_id": "D102_76", "color": "#443983"}, {"cell_id": "D102_77", "color": "#440154"}, {"cell_id": "D102_78", "color": "#63cb5f"}, {"cell_id": "D102_79", "color": "#7cd250"}, {"cell_id": "D102_84", "color": "#440154"}, {"cell_id": "D102_85", "color": "#440154"}, {"cell_id": "D102_86", "color": "#440154"}, {"cell_id": "D102_87", "color": "#20a486"}, {"cell_id": "D102_88", "color": "#440154"}, {"cell_id": "D102_89", "color": "#440154"}, {"cell_id": "D102_90", "color": "#440154"}, {"cell_id": "D102_91", "color": "#440154"}, {"cell_id": "D102_92", "color": "#440154"}, {"cell_id": "D102_93", "color": "#423f85"}, {"cell_id": "D102_94", "color": "#440154"}, {"cell_id": "D102_95", "color": "#440154"}, {"cell_id": "D102_96", "color": "#472a7a"}, {"cell_id": "D1713_1", "color": "#7fd34e"}, {"cell_id": "D1713_2", "color": "#25858e"}, {"cell_id": "D1713_3", "color": "#472a7a"}, {"cell_id": "D1713_4", "color": "#2f6c8e"}, {"cell_id": "D1713_5", "color": "#440154"}, {"cell_id": "D1713_6", "color": "#30698e"}, {"cell_id": "D1713_7", "color": "#2c728e"}, {"cell_id": "D1713_8", "color": "#440154"}, {"cell_id": "D1713_9", "color": "#440154"}, {"cell_id": "D1713_10", "color": "#424086"}, {"cell_id": "D1713_11", "color": "#440154"}, {"cell_id": "D1713_12", "color": "#46307e"}, {"cell_id": "D1713_13", "color": "#a0da39"}, {"cell_id": "D1713_14", "color": "#5ec962"}, {"cell_id": "D1713_15", "color": "#440154"}, {"cell_id": "D1713_16", "color": "#481d6f"}, {"cell_id": "D1713_17", "color": "#3b528b"}, {"cell_id": "D1713_18", "color": "#440154"}, {"cell_id": "D1713_19", "color": "#433e85"}, {"cell_id": "D1713_20", "color": "#86d549"}, {"cell_id": "D1713_21", "color": "#443983"}, {"cell_id": "D1713_22", "color": "#26ad81"}, {"cell_id": "D1713_23", "color": "#443983"}, {"cell_id": "D1713_24", "color": "#1f958b"}, {"cell_id": "D1713_25", "color": "#33628d"}, {"cell_id": "D1713_26", "color": "#453781"}, {"cell_id": "D1713_27", "color": "#440154"}, {"cell_id": "D1713_28", "color": "#58c765"}, {"cell_id": "D1713_29", "color": "#26818e"}, {"cell_id": "D1713_30", "color": "#34b679"}, {"cell_id": "D1713_31", "color": "#77d153"}, {"cell_id": "D1713_32", "color": "#1e9b8a"}, {"cell_id": "D1713_33", "color": "#453882"}, {"cell_id": "D1713_34", "color": "#482878"}, {"cell_id": "D1713_35", "color": "#33628d"}, {"cell_id": "D1713_36", "color": "#440154"}, {"cell_id": "D1713_37", "color": "#38598c"}, {"cell_id": "D1713_38", "color": "#472a7a"}, {"cell_id": "D1713_39", "color": "#440154"}, {"cell_id": "D1713_40", "color": "#482979"}, {"cell_id": "D1713_41", "color": "#375a8c"}, {"cell_id": "D1713_42", "color": "#472e7c"}, {"cell_id": "D1713_43", "color": "#1f978b"}, {"cell_id": "D1713_44", "color": "#440154"}, {"cell_id": "D1713_45", "color": "#440154"}, {"cell_id": "D1713_46", "color": "#60ca60"}, {"cell_id": "D1713_47", "color": "#42be71"}, {"cell_id": "D1713_48", "color": "#90d743"}, {"cell_id": "D1713_49", "color": "#35b779"}, {"cell_id": "D1713_50", "color": "#472a7a"}, {"cell_id": "D1713_51", "color": "#482677"}, {"cell_id": "D1713_52", "color": "#31b57b"}, {"cell_id": "D1713_53", "color": "#365d8d"}, {"cell_id": "D1713_54", "color": "#440154"}, {"cell_id": "D1713_55", "color": "#440154"}, {"cell_id": "D1713_56", "color": "#24aa83"}, {"cell_id": "D1713_57", "color": "#218e8d"}, {"cell_id": "D1713_58", "color": "#4cc26c"}, {"cell_id": "D1713_59", "color": "#1f988b"}, {"cell_id": "D1713_60", "color": "#3aba76"}, {"cell_id": "D1713_61", "color": "#424186"}, {"cell_id": "D1713_62", "color": "#4ac16d"}, {"cell_id": "D1713_63", "color": "#481f70"}, {"cell_id": "D1713_64", "color": "#20928c"}, {"cell_id": "D1713_65", "color": "#b0dd2f"}, {"cell_id": "D1713_66", "color": "#46c06f"}, {"cell_id": "D1713_67", "color": "#46327e"}, {"cell_id": "D1713_68", "color": "#2f6c8e"}, {"cell_id": "D1713_69", "color": "#482576"}, {"cell_id": "D1713_70", "color": "#472e7c"}, {"cell_id": "D1713_71", "color": "#463480"}, {"cell_id": "D1713_72", "color": "#481769"}, {"cell_id": "D1713_73", "color": "#3f4889"}, {"cell_id": "D1713_74", "color": "#375a8c"}, {"cell_id": "D1713_75", "color": "#440154"}, {"cell_id": "D1713_76", "color": "#453581"}, {"cell_id": "D1713_77", "color": "#38588c"}, {"cell_id": "D1713_78", "color": "#440154"}, {"cell_id": "D1713_79", "color": "#482173"}, {"cell_id": "D1713_80", "color": "#433d84"}, {"cell_id": "D1713_81", "color": "#2e6f8e"}, {"cell_id": "D1713_82", "color": "#482576"}, {"cell_id": "D1713_83", "color": "#42be71"}, {"cell_id": "D1713_84", "color": "#440154"}, {"cell_id": "D1713_85", "color": "#58c765"}, {"cell_id": "D1713_86", "color": "#3b528b"}, {"cell_id": "D1713_87", "color": "#440154"}, {"cell_id": "D1713_88", "color": "#23898e"}, {"cell_id": "D1713_89", "color": "#481b6d"}, {"cell_id": "D1713_90", "color": "#443b84"}, {"cell_id": "D1713_91", "color": "#46327e"}, {"cell_id": "D1713_92", "color": "#40bd72"}, {"cell_id": "D1713_93", "color": "#440154"}, {"cell_id": "D1713_94", "color": "#21a585"}, {"cell_id": "D1713_95", "color": "#440154"}, {"cell_id": "D1713_96", "color": "#29798e"}, {"cell_id": "D172444_1", "color": "#440154"}, {"cell_id": "D172444_2", "color": "#440154"}, {"cell_id": "D172444_3", "color": "#440154"}, {"cell_id": "D172444_4", "color": "#3b528b"}, {"cell_id": "D172444_5", "color": "#440154"}, {"cell_id": "D172444_7", "color": "#440154"}, {"cell_id": "D172444_8", "color": "#2c728e"}, {"cell_id": "D172444_9", "color": "#440154"}, {"cell_id": "D172444_10", "color": "#440154"}, {"cell_id": "D172444_11", "color": "#440154"}, {"cell_id": "D172444_12", "color": "#50c46a"}, {"cell_id": "D172444_13", "color": "#453882"}, {"cell_id": "D172444_14", "color": "#2e6d8e"}, {"cell_id": "D172444_15", "color": "#440154"}, {"cell_id": "D172444_16", "color": "#440154"}, {"cell_id": "D172444_17", "color": "#21918c"}, {"cell_id": "D172444_18", "color": "#440154"}, {"cell_id": "D172444_19", "color": "#440154"}, {"cell_id": "D172444_20", "color": "#440154"}, {"cell_id": "D172444_21", "color": "#440154"}, {"cell_id": "D172444_22", "color": "#31678e"}, {"cell_id": "D172444_23", "color": "#1fa088"}, {"cell_id": "D172444_24", "color": "#40bd72"}, {"cell_id": "D172444_25", "color": "#20938c"}, {"cell_id": "D172444_26", "color": "#440154"}, {"cell_id": "D172444_27", "color": "#33638d"}, {"cell_id": "D172444_28", "color": "#440154"}, {"cell_id": "D172444_29", "color": "#440154"}, {"cell_id": "D172444_30", "color": "#440154"}, {"cell_id": "D172444_31", "color": "#24868e"}, {"cell_id": "D172444_32", "color": "#21908d"}, {"cell_id": "D172444_33", "color": "#3f4889"}, {"cell_id": "D172444_34", "color": "#375b8d"}, {"cell_id": "D172444_35", "color": "#29798e"}, {"cell_id": "D172444_36", "color": "#440154"}, {"cell_id": "D172444_37", "color": "#440154"}, {"cell_id": "D172444_38", "color": "#423f85"}, {"cell_id": "D172444_39", "color": "#440154"}, {"cell_id": "D172444_40", "color": "#440154"}, {"cell_id": "D172444_41", "color": "#29798e"}, {"cell_id": "D172444_42", "color": "#440154"}, {"cell_id": "D172444_43", "color": "#365c8d"}, {"cell_id": "D172444_44", "color": "#440154"}, {"cell_id": "D172444_45", "color": "#440154"}, {"cell_id": "D172444_46", "color": "#1f988b"}, {"cell_id": "D172444_47", "color": "#440154"}, {"cell_id": "D172444_48", "color": "#440154"}, {"cell_id": "D172444_49", "color": "#472f7d"}, {"cell_id": "D172444_50", "color": "#440154"}, {"cell_id": "D172444_51", "color": "#440154"}, {"cell_id": "D172444_52", "color": "#440154"}, {"cell_id": "D172444_53", "color": "#440154"}, {"cell_id": "D172444_54", "color": "#440154"}, {"cell_id": "D172444_55", "color": "#440154"}, {"cell_id": "D172444_56", "color": "#440154"}, {"cell_id": "D172444_57", "color": "#5ec962"}, {"cell_id": "D172444_58", "color": "#440154"}, {"cell_id": "D172444_59", "color": "#440154"}, {"cell_id": "D172444_60", "color": "#39558c"}, {"cell_id": "D172444_61", "color": "#440154"}, {"cell_id": "D172444_62", "color": "#3f4889"}, {"cell_id": "D172444_63", "color": "#440154"}, {"cell_id": "D172444_64", "color": "#3b528b"}, {"cell_id": "D172444_65", "color": "#440154"}, {"cell_id": "D172444_66", "color": "#440154"}, {"cell_id": "D172444_67", "color": "#440154"}, {"cell_id": "D172444_68", "color": "#440154"}, {"cell_id": "D172444_69", "color": "#440154"}, {"cell_id": "D172444_70", "color": "#440154"}, {"cell_id": "D172444_71", "color": "#443983"}, {"cell_id": "D172444_72", "color": "#440154"}, {"cell_id": "D172444_73", "color": "#1fa088"}, {"cell_id": "D172444_74", "color": "#440154"}, {"cell_id": "D172444_75", "color": "#440154"}, {"cell_id": "D172444_76", "color": "#440154"}, {"cell_id": "D172444_77", "color": "#440154"}, {"cell_id": "D172444_78", "color": "#440154"}, {"cell_id": "D172444_79", "color": "#440154"}, {"cell_id": "D172444_80", "color": "#440154"}, {"cell_id": "D172444_81", "color": "#440154"}, {"cell_id": "D172444_82", "color": "#2a778e"}, {"cell_id": "D172444_83", "color": "#440154"}, {"cell_id": "D172444_84", "color": "#440154"}, {"cell_id": "D172444_85", "color": "#440154"}, {"cell_id": "D172444_86", "color": "#440154"}, {"cell_id": "D172444_87", "color": "#443b84"}, {"cell_id": "D172444_88", "color": "#3e4989"}, {"cell_id": "D172444_89", "color": "#440154"}, {"cell_id": "D172444_90", "color": "#26828e"}, {"cell_id": "D172444_91", "color": "#440154"}, {"cell_id": "D172444_92", "color": "#440154"}, {"cell_id": "D172444_93", "color": "#414287"}, {"cell_id": "D17All1_1", "color": "#34618d"}, {"cell_id": "D17All1_2", "color": "#440154"}, {"cell_id": "D17All1_3", "color": "#433e85"}, {"cell_id": "D17All1_4", "color": "#481d6f"}, {"cell_id": "D17All1_5", "color": "#440154"}, {"cell_id": "D17All1_6", "color": "#440154"}, {"cell_id": "D17All1_7", "color": "#440154"}, {"cell_id": "D17All1_8", "color": "#472d7b"}, {"cell_id": "D17All1_9", "color": "#481a6c"}, {"cell_id": "D17All1_10", "color": "#2c728e"}, {"cell_id": "D17All1_11", "color": "#440154"}, {"cell_id": "D17All1_12", "color": "#440154"}, {"cell_id": "D17All1_16", "color": "#1f958b"}, {"cell_id": "D17All1_18", "color": "#277f8e"}, {"cell_id": "D17All1_19", "color": "#440154"}, {"cell_id": "D17All1_20", "color": "#37b878"}, {"cell_id": "D17All1_21", "color": "#440154"}, {"cell_id": "D17All1_22", "color": "#440154"}, {"cell_id": "D17All1_23", "color": "#440154"}, {"cell_id": "D17All1_24", "color": "#27ad81"}, {"cell_id": "D17All1_25", "color": "#440154"}, {"cell_id": "D17All1_26", "color": "#440154"}, {"cell_id": "D17All1_27", "color": "#440154"}, {"cell_id": "D17All1_28", "color": "#440154"}, {"cell_id": "D17All1_29", "color": "#23888e"}, {"cell_id": "D17All1_30", "color": "#440154"}, {"cell_id": "D17All1_31", "color": "#32648e"}, {"cell_id": "D17All1_32", "color": "#472f7d"}, {"cell_id": "D17All1_33", "color": "#277f8e"}, {"cell_id": "D17All1_34", "color": "#440154"}, {"cell_id": "D17All1_35", "color": "#440154"}, {"cell_id": "D17All1_36", "color": "#440154"}, {"cell_id": "D17All1_37", "color": "#424086"}, {"cell_id": "D17All1_38", "color": "#3f4788"}, {"cell_id": "D17All1_39", "color": "#440154"}, {"cell_id": "D17All1_40", "color": "#440154"}, {"cell_id": "D17All1_41", "color": "#3b518b"}, {"cell_id": "D17All1_42", "color": "#482979"}, {"cell_id": "D17All1_43", "color": "#440154"}, {"cell_id": "D17All1_44", "color": "#433e85"}, {"cell_id": "D17All1_45", "color": "#24868e"}, {"cell_id": "D17All1_46", "color": "#2a788e"}, {"cell_id": "D17All1_47", "color": "#27808e"}, {"cell_id": "D17All1_48", "color": "#414487"}, {"cell_id": "D17All1_49", "color": "#453581"}, {"cell_id": "D17All1_50", "color": "#277f8e"}, {"cell_id": "D17All1_51", "color": "#440154"}, {"cell_id": "D17All1_52", "color": "#481a6c"}, {"cell_id": "D17All1_53", "color": "#414287"}, {"cell_id": "D17All1_54", "color": "#1f9a8a"}, {"cell_id": "D17All1_55", "color": "#414287"}, {"cell_id": "D17All1_56", "color": "#440154"}, {"cell_id": "D17All1_57", "color": "#472c7a"}, {"cell_id": "D17All1_58", "color": "#3b528b"}, {"cell_id": "D17All1_59", "color": "#440154"}, {"cell_id": "D17All1_60", "color": "#453781"}, {"cell_id": "D17All1_61", "color": "#3a538b"}, {"cell_id": "D17All1_62", "color": "#453581"}, {"cell_id": "D17All1_63", "color": "#440154"}, {"cell_id": "D17All1_64", "color": "#440154"}, {"cell_id": "D17All1_65", "color": "#6ccd5a"}, {"cell_id": "D17All1_66", "color": "#482173"}, {"cell_id": "D17All1_67", "color": "#440154"}, {"cell_id": "D17All1_68", "color": "#440154"}, {"cell_id": "D17All1_69", "color": "#52c569"}, {"cell_id": "D17All1_70", "color": "#46337f"}, {"cell_id": "D17All1_71", "color": "#440154"}, {"cell_id": "D17All1_72", "color": "#440154"}, {"cell_id": "D17All1_73", "color": "#482475"}, {"cell_id": "D17All1_74", "color": "#27ad81"}, {"cell_id": "D17All1_75", "color": "#440154"}, {"cell_id": "D17All1_76", "color": "#3f4889"}, {"cell_id": "D17All1_77", "color": "#365d8d"}, {"cell_id": "D17All1_78", "color": "#2b748e"}, {"cell_id": "D17All1_79", "color": "#440154"}, {"cell_id": "D17All1_80", "color": "#1e9c89"}, {"cell_id": "D17All1_81", "color": "#440154"}, {"cell_id": "D17All1_82", "color": "#482173"}, {"cell_id": "D17All1_83", "color": "#440154"}, {"cell_id": "D17All1_84", "color": "#2d708e"}, {"cell_id": "D17All1_86", "color": "#20a486"}, {"cell_id": "D17All1_87", "color": "#440154"}, {"cell_id": "D17All1_88", "color": "#472f7d"}, {"cell_id": "D17All1_89", "color": "#1fa088"}, {"cell_id": "D17All1_90", "color": "#440154"}, {"cell_id": "D17All1_91", "color": "#440154"}, {"cell_id": "D17All1_92", "color": "#440154"}, {"cell_id": "D17All1_93", "color": "#33638d"}, {"cell_id": "D17All1_95", "color": "#463480"}, {"cell_id": "D17All1_96", "color": "#440154"}, {"cell_id": "D17All2_1", "color": "#440154"}, {"cell_id": "D17All2_2", "color": "#440154"}, {"cell_id": "D17All2_3", "color": "#440154"}, {"cell_id": "D17All2_4", "color": "#39568c"}, {"cell_id": "D17All2_6", "color": "#440154"}, {"cell_id": "D17All2_7", "color": "#440154"}, {"cell_id": "D17All2_8", "color": "#3e4989"}, {"cell_id": "D17All2_9", "color": "#355f8d"}, {"cell_id": "D17All2_10", "color": "#440154"}, {"cell_id": "D17All2_11", "color": "#440154"}, {"cell_id": "D17All2_12", "color": "#440154"}, {"cell_id": "D17All2_13", "color": "#440154"}, {"cell_id": "D17All2_14", "color": "#34608d"}, {"cell_id": "D17All2_15", "color": "#355e8d"}, {"cell_id": "D17All2_16", "color": "#38588c"}, {"cell_id": "D17All2_17", "color": "#404588"}, {"cell_id": "D17All2_18", "color": "#365d8d"}, {"cell_id": "D17All2_19", "color": "#424086"}, {"cell_id": "D17All2_20", "color": "#440154"}, {"cell_id": "D17All2_21", "color": "#440154"}, {"cell_id": "D17All2_22", "color": "#440154"}, {"cell_id": "D17All2_23", "color": "#482374"}, {"cell_id": "D17All2_24", "color": "#26828e"}, {"cell_id": "D17All2_25", "color": "#440154"}, {"cell_id": "D17All2_26", "color": "#440154"}, {"cell_id": "D17All2_27", "color": "#440154"}, {"cell_id": "D17All2_28", "color": "#440154"}, {"cell_id": "D17All2_29", "color": "#365c8d"}, {"cell_id": "D17All2_30", "color": "#440154"}, {"cell_id": "D17All2_31", "color": "#440154"}, {"cell_id": "D17All2_32", "color": "#25858e"}, {"cell_id": "D17All2_33", "color": "#440154"}, {"cell_id": "D17All2_34", "color": "#440154"}, {"cell_id": "D17All2_35", "color": "#440154"}, {"cell_id": "D17All2_36", "color": "#440154"}, {"cell_id": "D17All2_37", "color": "#218e8d"}, {"cell_id": "D17All2_38", "color": "#4ac16d"}, {"cell_id": "D17All2_39", "color": "#3f4889"}, {"cell_id": "D17All2_40", "color": "#440154"}, {"cell_id": "D17All2_41", "color": "#46307e"}, {"cell_id": "D17All2_42", "color": "#34618d"}, {"cell_id": "D17All2_43", "color": "#440154"}, {"cell_id": "D17All2_44", "color": "#3e4a89"}, {"cell_id": "D17All2_45", "color": "#3e4989"}, {"cell_id": "D17All2_46", "color": "#463480"}, {"cell_id": "D17All2_47", "color": "#440154"}, {"cell_id": "D17All2_48", "color": "#472d7b"}, {"cell_id": "D17All2_49", "color": "#440154"}, {"cell_id": "D17All2_50", "color": "#440154"}, {"cell_id": "D17All2_51", "color": "#440154"}, {"cell_id": "D17All2_52", "color": "#6ccd5a"}, {"cell_id": "D17All2_53", "color": "#33628d"}, {"cell_id": "D17All2_54", "color": "#463480"}, {"cell_id": "D17All2_55", "color": "#440154"}, {"cell_id": "D17All2_56", "color": "#440154"}, {"cell_id": "D17All2_57", "color": "#440154"}, {"cell_id": "D17All2_58", "color": "#482878"}, {"cell_id": "D17All2_59", "color": "#3a548c"}, {"cell_id": "D17All2_60", "color": "#440154"}, {"cell_id": "D17All2_61", "color": "#440154"}, {"cell_id": "D17All2_62", "color": "#440154"}, {"cell_id": "D17All2_63", "color": "#440154"}, {"cell_id": "D17All2_64", "color": "#481769"}, {"cell_id": "D17All2_65", "color": "#453581"}, {"cell_id": "D17All2_66", "color": "#27808e"}, {"cell_id": "D17All2_67", "color": "#440154"}, {"cell_id": "D17All2_68", "color": "#440154"}, {"cell_id": "D17All2_69", "color": "#440154"}, {"cell_id": "D17All2_70", "color": "#3e4c8a"}, {"cell_id": "D17All2_71", "color": "#1f948c"}, {"cell_id": "D17All2_72", "color": "#20a486"}, {"cell_id": "D17All2_73", "color": "#440154"}, {"cell_id": "D17All2_74", "color": "#440154"}, {"cell_id": "D17All2_75", "color": "#54c568"}, {"cell_id": "D17All2_76", "color": "#69cd5b"}, {"cell_id": "D17All2_77", "color": "#3dbc74"}, {"cell_id": "D17All2_78", "color": "#440154"}, {"cell_id": "D17All2_79", "color": "#440154"}, {"cell_id": "D17All2_81", "color": "#414287"}, {"cell_id": "D17All2_82", "color": "#440154"}, {"cell_id": "D17All2_83", "color": "#440154"}, {"cell_id": "D17All2_84", "color": "#440154"}, {"cell_id": "D17All2_85", "color": "#3e4c8a"}, {"cell_id": "D17All2_86", "color": "#424086"}, {"cell_id": "D17All2_87", "color": "#440154"}, {"cell_id": "D17All2_88", "color": "#2fb47c"}, {"cell_id": "D17All2_89", "color": "#440154"}, {"cell_id": "D17All2_90", "color": "#440154"}, {"cell_id": "D17All2_91", "color": "#33638d"}, {"cell_id": "D17All2_92", "color": "#424086"}, {"cell_id": "D17All2_93", "color": "#440154"}, {"cell_id": "D17All2_94", "color": "#440154"}, {"cell_id": "D17All2_95", "color": "#440154"}, {"cell_id": "D17TGFB_1", "color": "#433e85"}, {"cell_id": "D17TGFB_2", "color": "#31688e"}, {"cell_id": "D17TGFB_3", "color": "#7fd34e"}, {"cell_id": "D17TGFB_4", "color": "#440154"}, {"cell_id": "D17TGFB_5", "color": "#440154"}, {"cell_id": "D17TGFB_6", "color": "#440154"}, {"cell_id": "D17TGFB_7", "color": "#414287"}, {"cell_id": "D17TGFB_8", "color": "#481a6c"}, {"cell_id": "D17TGFB_9", "color": "#463480"}, {"cell_id": "D17TGFB_10", "color": "#440154"}, {"cell_id": "D17TGFB_11", "color": "#2c738e"}, {"cell_id": "D17TGFB_12", "color": "#440154"}, {"cell_id": "D17TGFB_13", "color": "#3a538b"}, {"cell_id": "D17TGFB_14", "color": "#48186a"}, {"cell_id": "D17TGFB_15", "color": "#440154"}, {"cell_id": "D17TGFB_16", "color": "#277e8e"}, {"cell_id": "D17TGFB_17", "color": "#440154"}, {"cell_id": "D17TGFB_18", "color": "#440154"}, {"cell_id": "D17TGFB_19", "color": "#482677"}, {"cell_id": "D17TGFB_20", "color": "#440154"}, {"cell_id": "D17TGFB_21", "color": "#440154"}, {"cell_id": "D17TGFB_22", "color": "#440154"}, {"cell_id": "D17TGFB_23", "color": "#46307e"}, {"cell_id": "D17TGFB_24", "color": "#287c8e"}, {"cell_id": "D17TGFB_25", "color": "#375b8d"}, {"cell_id": "D17TGFB_26", "color": "#440154"}, {"cell_id": "D17TGFB_27", "color": "#472c7a"}, {"cell_id": "D17TGFB_28", "color": "#440154"}, {"cell_id": "D17TGFB_29", "color": "#472c7a"}, {"cell_id": "D17TGFB_30", "color": "#34618d"}, {"cell_id": "D17TGFB_31", "color": "#440154"}, {"cell_id": "D17TGFB_32", "color": "#440154"}, {"cell_id": "D17TGFB_33", "color": "#2e6f8e"}, {"cell_id": "D17TGFB_34", "color": "#440154"}, {"cell_id": "D17TGFB_35", "color": "#440154"}, {"cell_id": "D17TGFB_36", "color": "#440154"}, {"cell_id": "D17TGFB_37", "color": "#2f6c8e"}, {"cell_id": "D17TGFB_38", "color": "#453882"}, {"cell_id": "D17TGFB_39", "color": "#424086"}, {"cell_id": "D17TGFB_40", "color": "#440154"}, {"cell_id": "D17TGFB_41", "color": "#440154"}, {"cell_id": "D17TGFB_42", "color": "#440154"}, {"cell_id": "D17TGFB_43", "color": "#440154"}, {"cell_id": "D17TGFB_44", "color": "#440154"}, {"cell_id": "D17TGFB_45", "color": "#3e4a89"}, {"cell_id": "D17TGFB_46", "color": "#3aba76"}, {"cell_id": "D17TGFB_47", "color": "#440154"}, {"cell_id": "D17TGFB_48", "color": "#440154"}, {"cell_id": "D17TGFB_49", "color": "#440154"}, {"cell_id": "D17TGFB_50", "color": "#287c8e"}, {"cell_id": "D17TGFB_51", "color": "#482475"}, {"cell_id": "D17TGFB_52", "color": "#21918c"}, {"cell_id": "D17TGFB_53", "color": "#34608d"}, {"cell_id": "D17TGFB_54", "color": "#440154"}, {"cell_id": "D17TGFB_55", "color": "#440154"}, {"cell_id": "D17TGFB_56", "color": "#440154"}, {"cell_id": "D17TGFB_57", "color": "#440154"}, {"cell_id": "D17TGFB_58", "color": "#481769"}, {"cell_id": "D17TGFB_59", "color": "#34b679"}, {"cell_id": "D17TGFB_60", "color": "#1e9b8a"}, {"cell_id": "D17TGFB_61", "color": "#3fbc73"}, {"cell_id": "D17TGFB_62", "color": "#440154"}, {"cell_id": "D17TGFB_63", "color": "#440154"}, {"cell_id": "D17TGFB_64", "color": "#414487"}, {"cell_id": "D17TGFB_65", "color": "#365d8d"}, {"cell_id": "D17TGFB_66", "color": "#481769"}, {"cell_id": "D17TGFB_67", "color": "#20928c"}, {"cell_id": "D17TGFB_68", "color": "#2f6b8e"}, {"cell_id": "D17TGFB_69", "color": "#1f968b"}, {"cell_id": "D17TGFB_70", "color": "#31678e"}, {"cell_id": "D17TGFB_71", "color": "#440154"}, {"cell_id": "D17TGFB_72", "color": "#440154"}, {"cell_id": "D17TGFB_73", "color": "#440154"}, {"cell_id": "D17TGFB_74", "color": "#440154"}, {"cell_id": "D17TGFB_75", "color": "#440154"}, {"cell_id": "D17TGFB_76", "color": "#440154"}, {"cell_id": "D17TGFB_77", "color": "#440154"}, {"cell_id": "D17TGFB_78", "color": "#2d708e"}, {"cell_id": "D17TGFB_79", "color": "#440154"}, {"cell_id": "D17TGFB_80", "color": "#440154"}, {"cell_id": "D17TGFB_81", "color": "#48186a"}, {"cell_id": "D17TGFB_82", "color": "#440154"}, {"cell_id": "D17TGFB_83", "color": "#440154"}, {"cell_id": "D17TGFB_84", "color": "#440154"}, {"cell_id": "D17TGFB_85", "color": "#3fbc73"}, {"cell_id": "D17TGFB_86", "color": "#70cf57"}, {"cell_id": "D17TGFB_87", "color": "#287c8e"}, {"cell_id": "D17TGFB_88", "color": "#481f70"}, {"cell_id": "D17TGFB_89", "color": "#440154"}, {"cell_id": "D17TGFB_90", "color": "#443983"}, {"cell_id": "D17TGFB_91", "color": "#440154"}, {"cell_id": "D17TGFB_92", "color": "#440154"}, {"cell_id": "D17TGFB_93", "color": "#440154"}, {"cell_id": "D17TGFB_94", "color": "#1fa187"}, {"cell_id": "D17TGFB_95", "color": "#440154"}]