[{"cell_id": "YFPCD24X3w_1", "color": "#453781"}, {"cell_id": "YFPCD24X3w_2", "color": "#440154"}, {"cell_id": "YFPCD24X3w_4", "color": "#440154"}, {"cell_id": "YFPCD24X3w_5", "color": "#3fbc73"}, {"cell_id": "YFPCD24X3w_6", "color": "#21908d"}, {"cell_id": "YFPCD24X3w_7", "color": "#375a8c"}, {"cell_id": "YFPCD24X3w_8", "color": "#440154"}, {"cell_id": "YFPCD24X3w_9", "color": "#440154"}, {"cell_id": "YFPCD24X3w_10", "color": "#1fa287"}, {"cell_id": "YFPCD24X3w_11", "color": "#440154"}, {"cell_id": "YFPCD24X3w_12", "color": "#440154"}, {"cell_id": "YFPCD24X3w_14", "color": "#440154"}, {"cell_id": "YFPCD24X3w_15", "color": "#440154"}, {"cell_id": "YFPCD24X3w_17", "color": "#3d4e8a"}, {"cell_id": "YFPCD24X3w_18", "color": "#3aba76"}, {"cell_id": "YFPCD24X3w_19", "color": "#440154"}, {"cell_id": "YFPCD24X3w_20", "color": "#440154"}, {"cell_id": "YFPCD24X3w_21", "color": "#287c8e"}, {"cell_id": "YFPCD24X3w_22", "color": "#440154"}, {"cell_id": "YFPCD24X3w_23", "color": "#440154"}, {"cell_id": "YFPCD24X3w_24", "color": "#440154"}, {"cell_id": "YFPCD24X3w_26", "color": "#25838e"}, {"cell_id": "YFPCD24X3w_29", "color": "#228c8d"}, {"cell_id": "YFPCD24X3w_30", "color": "#440154"}, {"cell_id": "YFPCD24X3w_31", "color": "#3b528b"}, {"cell_id": "YFPCD24X3w_32", "color": "#228b8d"}, {"cell_id": "YFPCD24X3w_33", "color": "#277e8e"}, {"cell_id": "YFPCD24X3w_34", "color": "#440154"}, {"cell_id": "YFPCD24X3w_35", "color": "#440154"}, {"cell_id": "YFPCD24X3w_38", "color": "#23888e"}, {"cell_id": "YFPCD24X3w_39", "color": "#440154"}, {"cell_id": "YFPCD24X3w_40", "color": "#1f958b"}, {"cell_id": "YFPCD24X3w_41", "color": "#440154"}, {"cell_id": "YFPCD24X3w_43", "color": "#424186"}, {"cell_id": "YFPCD24X3w_44", "color": "#440154"}, {"cell_id": "YFPCD24X3w_45", "color": "#440154"}, {"cell_id": "YFPCD24X3w_46", "color": "#440154"}, {"cell_id": "YFPCD24X3w_47", "color": "#32658e"}, {"cell_id": "YFPCD24X3w_48", "color": "#440154"}, {"cell_id": "YFPCD24X3w_49", "color": "#21a685"}, {"cell_id": "YFPCD24X3w_50", "color": "#440154"}, {"cell_id": "YFPCD24X3w_51", "color": "#228b8d"}, {"cell_id": "YFPCD24X3w_52", "color": "#404588"}, {"cell_id": "YFPCD24X3w_53", "color": "#440154"}, {"cell_id": "YFPCD24X3w_54", "color": "#440154"}, {"cell_id": "YFPCD24X3w_55", "color": "#433e85"}, {"cell_id": "YFPCD24X3w_56", "color": "#440154"}, {"cell_id": "YFPCD24X3w_57", "color": "#238a8d"}, {"cell_id": "YFPCD24X3w_58", "color": "#404688"}, {"cell_id": "YFPCD24X3w_59", "color": "#26828e"}, {"cell_id": "YFPCD24X3w_60", "color": "#440154"}, {"cell_id": "YFPCD24X3w_61", "color": "#440154"}, {"cell_id": "YFPCD24X3w_63", "color": "#440154"}, {"cell_id": "YFPCD24X3w_64", "color": "#32b67a"}, {"cell_id": "YFPCD24X3w_65", "color": "#433d84"}, {"cell_id": "YFPCD24X3w_68", "color": "#440154"}, {"cell_id": "YFPCD24X3w_70", "color": "#440154"}, {"cell_id": "YFPCD24X3w_71", "color": "#39568c"}, {"cell_id": "YFPCD24X3w_72", "color": "#440154"}, {"cell_id": "YFPCD24X3w_73", "color": "#3d4e8a"}, {"cell_id": "YFPCD24X3w_74", "color": "#440154"}, {"cell_id": "YFPCD24X3w_75", "color": "#287c8e"}, {"cell_id": "YFPCD24X3w_77", "color": "#1f988b"}, {"cell_id": "YFPCD24X3w_80", "color": "#440154"}, {"cell_id": "YFPCD24X3w_81", "color": "#440154"}, {"cell_id": "YFPCD24X3w_82", "color": "#440154"}, {"cell_id": "YFPCD24X3w_83", "color": "#277e8e"}, {"cell_id": "YFPCD24X3w_84", "color": "#3f4889"}, {"cell_id": "YFPCD24X3w_85", "color": "#440154"}, {"cell_id": "YFPCD24X3w_86", "color": "#440154"}, {"cell_id": "YFPCD24X3w_87", "color": "#440154"}, {"cell_id": "YFPCD24X3w_88", "color": "#375a8c"}, {"cell_id": "YFPCD24X3w_90", "color": "#440154"}, {"cell_id": "YFPCD24X3w_92", "color": "#44bf70"}, {"cell_id": "YFPCD24X3w_94", "color": "#440154"}, {"cell_id": "YFPCD24X3w_95", "color": "#414287"}, {"cell_id": "YFPCD24X3w_96", "color": "#440154"}, {"cell_id": "YFPX3w_2", "color": "#440154"}, {"cell_id": "YFPX3w_3", "color": "#2d708e"}, {"cell_id": "YFPX3w_4", "color": "#440154"}, {"cell_id": "YFPX3w_5", "color": "#440154"}, {"cell_id": "YFPX3w_6", "color": "#1fa088"}, {"cell_id": "YFPX3w_7", "color": "#440154"}, {"cell_id": "YFPX3w_8", "color": "#42be71"}, {"cell_id": "YFPX3w_9", "color": "#277f8e"}, {"cell_id": "YFPX3w_10", "color": "#440154"}, {"cell_id": "YFPX3w_11", "color": "#440154"}, {"cell_id": "YFPX3w_12", "color": "#2e6d8e"}, {"cell_id": "YFPX3w_14", "color": "#440154"}, {"cell_id": "YFPX3w_15", "color": "#1f988b"}, {"cell_id": "YFPX3w_16", "color": "#440154"}, {"cell_id": "YFPX3w_19", "color": "#440154"}, {"cell_id": "YFPX3w_20", "color": "#2e6d8e"}, {"cell_id": "YFPX3w_21", "color": "#440154"}, {"cell_id": "YFPX3w_22", "color": "#440154"}, {"cell_id": "YFPX3w_23", "color": "#440154"}, {"cell_id": "YFPX3w_25", "color": "#3e4c8a"}, {"cell_id": "YFPX3w_26", "color": "#25858e"}, {"cell_id": "YFPX3w_27", "color": "#440154"}, {"cell_id": "YFPX3w_29", "color": "#3a548c"}, {"cell_id": "YFPX3w_30", "color": "#440154"}, {"cell_id": "YFPX3w_31", "color": "#2d708e"}, {"cell_id": "YFPX3w_32", "color": "#24878e"}, {"cell_id": "YFPX3w_33", "color": "#440154"}, {"cell_id": "YFPX3w_34", "color": "#440154"}, {"cell_id": "YFPX3w_35", "color": "#2e6d8e"}, {"cell_id": "YFPX3w_36", "color": "#29798e"}, {"cell_id": "YFPX3w_37", "color": "#27808e"}, {"cell_id": "YFPX3w_38", "color": "#440154"}, {"cell_id": "YFPX3w_40", "color": "#440154"}, {"cell_id": "YFPX3w_41", "color": "#3b518b"}, {"cell_id": "YFPX3w_42", "color": "#228b8d"}, {"cell_id": "YFPX3w_44", "color": "#440154"}, {"cell_id": "YFPX3w_45", "color": "#29798e"}, {"cell_id": "YFPX3w_47", "color": "#32648e"}, {"cell_id": "YFPX3w_48", "color": "#440154"}, {"cell_id": "YFPX3w_49", "color": "#32648e"}, {"cell_id": "YFPX3w_51", "color": "#440154"}, {"cell_id": "YFPX3w_52", "color": "#443a83"}, {"cell_id": "YFPX3w_53", "color": "#440154"}, {"cell_id": "YFPX3w_55", "color": "#218f8d"}, {"cell_id": "YFPX3w_56", "color": "#2e6f8e"}, {"cell_id": "YFPX3w_57", "color": "#218e8d"}, {"cell_id": "YFPX3w_58", "color": "#440154"}, {"cell_id": "YFPX3w_59", "color": "#2a788e"}, {"cell_id": "YFPX3w_60", "color": "#440154"}, {"cell_id": "YFPX3w_61", "color": "#443983"}, {"cell_id": "YFPX3w_62", "color": "#26828e"}, {"cell_id": "YFPX3w_64", "color": "#440154"}, {"cell_id": "YFPX3w_65", "color": "#46337f"}, {"cell_id": "YFPX3w_66", "color": "#440154"}, {"cell_id": "YFPX3w_67", "color": "#297b8e"}, {"cell_id": "YFPX3w_68", "color": "#39558c"}, {"cell_id": "YFPX3w_69", "color": "#365c8d"}, {"cell_id": "YFPX3w_70", "color": "#440154"}, {"cell_id": "YFPX3w_72", "color": "#440154"}, {"cell_id": "YFPX3w_74", "color": "#1e9b8a"}, {"cell_id": "YFPX3w_75", "color": "#440154"}, {"cell_id": "YFPX3w_76", "color": "#472e7c"}, {"cell_id": "YFPX3w_77", "color": "#440154"}, {"cell_id": "YFPX3w_78", "color": "#440154"}, {"cell_id": "YFPX3w_79", "color": "#453781"}, {"cell_id": "YFPX3w_80", "color": "#440154"}, {"cell_id": "YFPX3w_81", "color": "#440154"}, {"cell_id": "YFPX3w_82", "color": "#440154"}, {"cell_id": "YFPX3w_83", "color": "#24878e"}, {"cell_id": "YFPX3w_84", "color": "#2cb17e"}, {"cell_id": "YFPX3w_85", "color": "#440154"}, {"cell_id": "YFPX3w_86", "color": "#1fa188"}, {"cell_id": "YFPX3w_87", "color": "#440154"}, {"cell_id": "YFPX3w_88", "color": "#440154"}, {"cell_id": "YFPX3w_90", "color": "#1e9b8a"}, {"cell_id": "YFPX3w_91", "color": "#440154"}, {"cell_id": "YFPX3w_92", "color": "#440154"}, {"cell_id": "YFPX3w_95", "color": "#3b528b"}, {"cell_id": "YFPX3w_96", "color": "#3b528b"}, {"cell_id": "YFPCD24X8w_1", "color": "#4ec36b"}, {"cell_id": "YFPCD24X8w_2", "color": "#58c765"}, {"cell_id": "YFPCD24X8w_3", "color": "#26818e"}, {"cell_id": "YFPCD24X8w_4", "color": "#287d8e"}, {"cell_id": "YFPCD24X8w_5", "color": "#1fa088"}, {"cell_id": "YFPCD24X8w_7", "color": "#3c508b"}, {"cell_id": "YFPCD24X8w_8", "color": "#440154"}, {"cell_id": "YFPCD24X8w_9", "color": "#482374"}, {"cell_id": "YFPCD24X8w_10", "color": "#8bd646"}, {"cell_id": "YFPCD24X8w_11", "color": "#482475"}, {"cell_id": "YFPCD24X8w_12", "color": "#375a8c"}, {"cell_id": "YFPCD24X8w_13", "color": "#440154"}, {"cell_id": "YFPCD24X8w_14", "color": "#2b748e"}, {"cell_id": "YFPCD24X8w_16", "color": "#440154"}, {"cell_id": "YFPCD24X8w_17", "color": "#277f8e"}, {"cell_id": "YFPCD24X8w_18", "color": "#482576"}, {"cell_id": "YFPCD24X8w_19", "color": "#365d8d"}, {"cell_id": "YFPCD24X8w_20", "color": "#375b8d"}, {"cell_id": "YFPCD24X8w_21", "color": "#22a785"}, {"cell_id": "YFPCD24X8w_23", "color": "#32648e"}, {"cell_id": "YFPCD24X8w_24", "color": "#218f8d"}, {"cell_id": "YFPCD24X8w_25", "color": "#440154"}, {"cell_id": "YFPCD24X8w_26", "color": "#27ad81"}, {"cell_id": "YFPCD24X8w_28", "color": "#86d549"}, {"cell_id": "YFPCD24X8w_29", "color": "#3bbb75"}, {"cell_id": "YFPCD24X8w_30", "color": "#2e6d8e"}, {"cell_id": "YFPCD24X8w_31", "color": "#29798e"}, {"cell_id": "YFPCD24X8w_32", "color": "#1e9c89"}, {"cell_id": "YFPCD24X8w_33", "color": "#3b518b"}, {"cell_id": "YFPCD24X8w_34", "color": "#1e9b8a"}, {"cell_id": "YFPCD24X8w_35", "color": "#1f9e89"}, {"cell_id": "YFPCD24X8w_36", "color": "#440154"}, {"cell_id": "YFPCD24X8w_37", "color": "#443b84"}, {"cell_id": "YFPCD24X8w_38", "color": "#20938c"}, {"cell_id": "YFPCD24X8w_39", "color": "#306a8e"}, {"cell_id": "YFPCD24X8w_40", "color": "#2a788e"}, {"cell_id": "YFPCD24X8w_41", "color": "#472f7d"}, {"cell_id": "YFPCD24X8w_42", "color": "#38598c"}, {"cell_id": "YFPCD24X8w_43", "color": "#38598c"}, {"cell_id": "YFPCD24X8w_44", "color": "#2d718e"}, {"cell_id": "YFPCD24X8w_45", "color": "#50c46a"}, {"cell_id": "YFPCD24X8w_46", "color": "#1f998a"}, {"cell_id": "YFPCD24X8w_47", "color": "#440154"}, {"cell_id": "YFPCD24X8w_48", "color": "#287c8e"}, {"cell_id": "YFPCD24X8w_50", "color": "#29798e"}, {"cell_id": "YFPCD24X8w_51", "color": "#20a386"}, {"cell_id": "YFPCD24X8w_52", "color": "#24868e"}, {"cell_id": "YFPCD24X8w_53", "color": "#42be71"}, {"cell_id": "YFPCD24X8w_54", "color": "#33628d"}, {"cell_id": "YFPCD24X8w_55", "color": "#30698e"}, {"cell_id": "YFPCD24X8w_56", "color": "#440154"}, {"cell_id": "YFPCD24X8w_57", "color": "#440154"}, {"cell_id": "YFPCD24X8w_58", "color": "#48c16e"}, {"cell_id": "YFPCD24X8w_59", "color": "#472e7c"}, {"cell_id": "YFPCD24X8w_60", "color": "#1f9f88"}, {"cell_id": "YFPCD24X8w_61", "color": "#38588c"}, {"cell_id": "YFPCD24X8w_63", "color": "#29af7f"}, {"cell_id": "YFPCD24X8w_64", "color": "#472f7d"}, {"cell_id": "YFPCD24X8w_65", "color": "#27808e"}, {"cell_id": "YFPCD24X8w_66", "color": "#1f958b"}, {"cell_id": "YFPCD24X8w_67", "color": "#1f9f88"}, {"cell_id": "YFPCD24X8w_68", "color": "#23888e"}, {"cell_id": "YFPCD24X8w_69", "color": "#355e8d"}, {"cell_id": "YFPCD24X8w_70", "color": "#443b84"}, {"cell_id": "YFPCD24X8w_71", "color": "#3e4a89"}, {"cell_id": "YFPCD24X8w_72", "color": "#1f998a"}, {"cell_id": "YFPCD24X8w_73", "color": "#25848e"}, {"cell_id": "YFPCD24X8w_74", "color": "#2db27d"}, {"cell_id": "YFPCD24X8w_75", "color": "#46337f"}, {"cell_id": "YFPCD24X8w_76", "color": "#33628d"}, {"cell_id": "YFPCD24X8w_77", "color": "#26828e"}, {"cell_id": "YFPCD24X8w_78", "color": "#33628d"}, {"cell_id": "YFPCD24X8w_79", "color": "#3d4e8a"}, {"cell_id": "YFPCD24X8w_80", "color": "#84d44b"}, {"cell_id": "YFPCD24X8w_81", "color": "#440154"}, {"cell_id": "YFPCD24X8w_82", "color": "#27ad81"}, {"cell_id": "YFPCD24X8w_84", "color": "#32658e"}, {"cell_id": "YFPCD24X8w_85", "color": "#3e4c8a"}, {"cell_id": "YFPCD24X8w_86", "color": "#33638d"}, {"cell_id": "YFPCD24X8w_87", "color": "#440154"}, {"cell_id": "YFPCD24X8w_88", "color": "#1e9d89"}, {"cell_id": "YFPCD24X8w_89", "color": "#25ab82"}, {"cell_id": "YFPCD24X8w_90", "color": "#2f6c8e"}, {"cell_id": "YFPCD24X8w_91", "color": "#440154"}, {"cell_id": "YFPCD24X8w_92", "color": "#2eb37c"}, {"cell_id": "YFPCD24X8w_93", "color": "#440154"}, {"cell_id": "YFPCD24X8w_94", "color": "#424086"}, {"cell_id": "YFPCD24X8w_95", "color": "#481b6d"}, {"cell_id": "CD24X8w_1", "color": "#440154"}, {"cell_id": "CD24X8w_2", "color": "#3d4e8a"}, {"cell_id": "CD24X8w_5", "color": "#3e4c8a"}, {"cell_id": "CD24X8w_6", "color": "#3d4d8a"}, {"cell_id": "CD24X8w_7", "color": "#482173"}, {"cell_id": "CD24X8w_8", "color": "#26828e"}, {"cell_id": "CD24X8w_9", "color": "#443b84"}, {"cell_id": "CD24X8w_10", "color": "#482677"}, {"cell_id": "CD24X8w_11", "color": "#2f6c8e"}, {"cell_id": "CD24X8w_13", "color": "#482576"}, {"cell_id": "CD24X8w_14", "color": "#2d708e"}, {"cell_id": "CD24X8w_15", "color": "#1f9e89"}, {"cell_id": "CD24X8w_16", "color": "#440154"}, {"cell_id": "CD24X8w_17", "color": "#404588"}, {"cell_id": "CD24X8w_18", "color": "#44bf70"}, {"cell_id": "CD24X8w_19", "color": "#440154"}, {"cell_id": "CD24X8w_20", "color": "#423f85"}, {"cell_id": "CD24X8w_21", "color": "#404688"}, {"cell_id": "CD24X8w_22", "color": "#440154"}, {"cell_id": "CD24X8w_23", "color": "#25848e"}, {"cell_id": "CD24X8w_24", "color": "#2e6d8e"}, {"cell_id": "CD24X8w_25", "color": "#482576"}, {"cell_id": "CD24X8w_26", "color": "#25848e"}, {"cell_id": "CD24X8w_27", "color": "#440154"}, {"cell_id": "CD24X8w_28", "color": "#3b518b"}, {"cell_id": "CD24X8w_29", "color": "#24aa83"}, {"cell_id": "CD24X8w_30", "color": "#48186a"}, {"cell_id": "CD24X8w_31", "color": "#297a8e"}, {"cell_id": "CD24X8w_32", "color": "#26828e"}, {"cell_id": "CD24X8w_33", "color": "#440154"}, {"cell_id": "CD24X8w_34", "color": "#414487"}, {"cell_id": "CD24X8w_35", "color": "#3b518b"}, {"cell_id": "CD24X8w_36", "color": "#440154"}, {"cell_id": "CD24X8w_37", "color": "#3a548c"}, {"cell_id": "CD24X8w_38", "color": "#440154"}, {"cell_id": "CD24X8w_39", "color": "#482071"}, {"cell_id": "CD24X8w_40", "color": "#39568c"}, {"cell_id": "CD24X8w_41", "color": "#440154"}, {"cell_id": "CD24X8w_42", "color": "#2d718e"}, {"cell_id": "CD24X8w_43", "color": "#440154"}, {"cell_id": "CD24X8w_44", "color": "#2e6d8e"}, {"cell_id": "CD24X8w_45", "color": "#3a538b"}, {"cell_id": "CD24X8w_46", "color": "#453781"}, {"cell_id": "CD24X8w_47", "color": "#424086"}, {"cell_id": "CD24X8w_49", "color": "#38598c"}, {"cell_id": "CD24X8w_50", "color": "#2b748e"}, {"cell_id": "CD24X8w_51", "color": "#440154"}, {"cell_id": "CD24X8w_52", "color": "#481f70"}, {"cell_id": "CD24X8w_53", "color": "#440154"}, {"cell_id": "CD24X8w_54", "color": "#3b528b"}, {"cell_id": "CD24X8w_55", "color": "#440154"}, {"cell_id": "CD24X8w_56", "color": "#440154"}, {"cell_id": "CD24X8w_58", "color": "#2e6f8e"}, {"cell_id": "CD24X8w_59", "color": "#2c718e"}, {"cell_id": "CD24X8w_60", "color": "#2c718e"}, {"cell_id": "CD24X8w_61", "color": "#2a778e"}, {"cell_id": "CD24X8w_62", "color": "#2d708e"}, {"cell_id": "CD24X8w_63", "color": "#440154"}, {"cell_id": "CD24X8w_64", "color": "#440154"}, {"cell_id": "CD24X8w_65", "color": "#3e4c8a"}, {"cell_id": "CD24X8w_66", "color": "#21908d"}, {"cell_id": "CD24X8w_67", "color": "#414487"}, {"cell_id": "CD24X8w_68", "color": "#2c738e"}, {"cell_id": "CD24X8w_69", "color": "#306a8e"}, {"cell_id": "CD24X8w_70", "color": "#472a7a"}, {"cell_id": "CD24X8w_71", "color": "#277e8e"}, {"cell_id": "CD24X8w_72", "color": "#375b8d"}, {"cell_id": "CD24X8w_73", "color": "#365c8d"}, {"cell_id": "CD24X8w_74", "color": "#306a8e"}, {"cell_id": "CD24X8w_75", "color": "#375a8c"}, {"cell_id": "CD24X8w_77", "color": "#2c738e"}, {"cell_id": "CD24X8w_78", "color": "#31668e"}, {"cell_id": "CD24X8w_79", "color": "#34608d"}, {"cell_id": "CD24X8w_80", "color": "#297a8e"}, {"cell_id": "CD24X8w_81", "color": "#440154"}, {"cell_id": "CD24X8w_82", "color": "#463480"}, {"cell_id": "CD24X8w_83", "color": "#2d718e"}, {"cell_id": "CD24X8w_84", "color": "#453581"}, {"cell_id": "CD24X8w_85", "color": "#2f6c8e"}, {"cell_id": "CD24X8w_87", "color": "#297a8e"}, {"cell_id": "CD24X8w_88", "color": "#38588c"}, {"cell_id": "CD24X8w_89", "color": "#440154"}, {"cell_id": "CD24X8w_90", "color": "#38598c"}, {"cell_id": "CD24X8w_92", "color": "#3c4f8a"}, {"cell_id": "CD24X8w_93", "color": "#440154"}, {"cell_id": "CD24X8w_94", "color": "#440154"}, {"cell_id": "CD24X8w_95", "color": "#2a768e"}, {"cell_id": "CD24X8w_96", "color": "#3e4989"}, {"cell_id": "YFPCD24X8wII1_1", "color": "#440154"}, {"cell_id": "YFPCD24X8wII1_2", "color": "#39558c"}, {"cell_id": "YFPCD24X8wII1_3", "color": "#414487"}, {"cell_id": "YFPCD24X8wII1_4", "color": "#440154"}, {"cell_id": "YFPCD24X8wII1_5", "color": "#21908d"}, {"cell_id": "YFPCD24X8wII1_6", "color": "#1fa088"}, {"cell_id": "YFPCD24X8wII1_7", "color": "#2c718e"}, {"cell_id": "YFPCD24X8wII1_8", "color": "#440154"}, {"cell_id": "YFPCD24X8wII1_9", "color": "#440154"}, {"cell_id": "YFPCD24X8wII1_10", "color": "#27ad81"}, {"cell_id": "YFPCD24X8wII1_12", "color": "#306a8e"}, {"cell_id": "YFPCD24X8wII1_14", "color": "#38588c"}, {"cell_id": "YFPCD24X8wII1_15", "color": "#297b8e"}, {"cell_id": "YFPCD24X8wII1_16", "color": "#26828e"}, {"cell_id": "YFPCD24X8wII1_19", "color": "#31668e"}, {"cell_id": "YFPCD24X8wII1_20", "color": "#440154"}, {"cell_id": "YFPCD24X8wII1_21", "color": "#32b67a"}, {"cell_id": "YFPCD24X8wII1_22", "color": "#440154"}, {"cell_id": "YFPCD24X8wII1_23", "color": "#424186"}, {"cell_id": "YFPCD24X8wII1_24", "color": "#440154"}, {"cell_id": "YFPCD24X8wII1_25", "color": "#440154"}, {"cell_id": "YFPCD24X8wII1_26", "color": "#440154"}, {"cell_id": "YFPCD24X8wII1_27", "color": "#440154"}, {"cell_id": "YFPCD24X8wII1_29", "color": "#440154"}, {"cell_id": "YFPCD24X8wII1_30", "color": "#440154"}, {"cell_id": "YFPCD24X8wII1_32", "color": "#472d7b"}, {"cell_id": "YFPCD24X8wII1_33", "color": "#287c8e"}, {"cell_id": "YFPCD24X8wII1_34", "color": "#1f958b"}, {"cell_id": "YFPCD24X8wII1_35", "color": "#33638d"}, {"cell_id": "YFPCD24X8wII1_37", "color": "#440154"}, {"cell_id": "YFPCD24X8wII1_38", "color": "#2c728e"}, {"cell_id": "YFPCD24X8wII1_39", "color": "#440154"}, {"cell_id": "YFPCD24X8wII1_40", "color": "#38588c"}, {"cell_id": "YFPCD24X8wII1_42", "color": "#440154"}, {"cell_id": "YFPCD24X8wII1_43", "color": "#3b518b"}, {"cell_id": "YFPCD24X8wII1_44", "color": "#8bd646"}, {"cell_id": "YFPCD24X8wII1_45", "color": "#1f968b"}, {"cell_id": "YFPCD24X8wII1_46", "color": "#440154"}, {"cell_id": "YFPCD24X8wII1_47", "color": "#38588c"}, {"cell_id": "YFPCD24X8wII1_48", "color": "#440154"}, {"cell_id": "YFPCD24X8wII1_49", "color": "#38588c"}, {"cell_id": "YFPCD24X8wII1_53", "color": "#46c06f"}, {"cell_id": "YFPCD24X8wII1_55", "color": "#375b8d"}, {"cell_id": "YFPCD24X8wII1_56", "color": "#25838e"}, {"cell_id": "YFPCD24X8wII1_57", "color": "#40bd72"}, {"cell_id": "YFPCD24X8wII1_58", "color": "#440154"}, {"cell_id": "YFPCD24X8wII1_59", "color": "#228d8d"}, {"cell_id": "YFPCD24X8wII1_60", "color": "#228b8d"}, {"cell_id": "YFPCD24X8wII1_61", "color": "#440154"}, {"cell_id": "YFPCD24X8wII1_62", "color": "#2eb37c"}, {"cell_id": "YFPCD24X8wII1_63", "color": "#39568c"}, {"cell_id": "YFPCD24X8wII1_64", "color": "#23a983"}, {"cell_id": "YFPCD24X8wII1_67", "color": "#440154"}, {"cell_id": "YFPCD24X8wII1_68", "color": "#440154"}, {"cell_id": "YFPCD24X8wII1_69", "color": "#423f85"}, {"cell_id": "YFPCD24X8wII1_70", "color": "#440154"}, {"cell_id": "YFPCD24X8wII1_71", "color": "#440154"}, {"cell_id": "YFPCD24X8wII1_72", "color": "#2a778e"}, {"cell_id": "YFPCD24X8wII1_73", "color": "#440154"}, {"cell_id": "YFPCD24X8wII1_74", "color": "#297a8e"}, {"cell_id": "YFPCD24X8wII1_75", "color": "#2d718e"}, {"cell_id": "YFPCD24X8wII1_76", "color": "#38598c"}, {"cell_id": "YFPCD24X8wII1_77", "color": "#297a8e"}, {"cell_id": "YFPCD24X8wII1_78", "color": "#5ec962"}, {"cell_id": "YFPCD24X8wII1_79", "color": "#3aba76"}, {"cell_id": "YFPCD24X8wII1_80", "color": "#443a83"}, {"cell_id": "YFPCD24X8wII1_81", "color": "#228b8d"}, {"cell_id": "YFPCD24X8wII1_82", "color": "#355f8d"}, {"cell_id": "YFPCD24X8wII1_83", "color": "#440154"}, {"cell_id": "YFPCD24X8wII1_84", "color": "#23a983"}, {"cell_id": "YFPCD24X8wII1_86", "color": "#3c4f8a"}, {"cell_id": "YFPCD24X8wII1_87", "color": "#33628d"}, {"cell_id": "YFPCD24X8wII1_88", "color": "#3e4c8a"}, {"cell_id": "YFPCD24X8wII1_90", "color": "#440154"}, {"cell_id": "YFPCD24X8wII1_92", "color": "#39568c"}, {"cell_id": "YFPCD24X8wII1_93", "color": "#3e4a89"}, {"cell_id": "YFPCD24X8wII1_94", "color": "#2a778e"}, {"cell_id": "YFPCD24X8wII1_95", "color": "#440154"}, {"cell_id": "YFPCD24X8wII1_96", "color": "#1f968b"}, {"cell_id": "YFPCD24X8wII2_1", "color": "#228c8d"}, {"cell_id": "YFPCD24X8wII2_2", "color": "#31678e"}, {"cell_id": "YFPCD24X8wII2_4", "color": "#433e85"}, {"cell_id": "YFPCD24X8wII2_5", "color": "#25848e"}, {"cell_id": "YFPCD24X8wII2_6", "color": "#38b977"}, {"cell_id": "YFPCD24X8wII2_7", "color": "#34618d"}, {"cell_id": "YFPCD24X8wII2_8", "color": "#375a8c"}, {"cell_id": "YFPCD24X8wII2_9", "color": "#3c508b"}, {"cell_id": "YFPCD24X8wII2_11", "color": "#22a884"}, {"cell_id": "YFPCD24X8wII2_12", "color": "#33638d"}, {"cell_id": "YFPCD24X8wII2_13", "color": "#440154"}, {"cell_id": "YFPCD24X8wII2_14", "color": "#228d8d"}, {"cell_id": "YFPCD24X8wII2_15", "color": "#440154"}, {"cell_id": "YFPCD24X8wII2_16", "color": "#23a983"}, {"cell_id": "YFPCD24X8wII2_17", "color": "#2c738e"}, {"cell_id": "YFPCD24X8wII2_18", "color": "#440154"}, {"cell_id": "YFPCD24X8wII2_19", "color": "#38598c"}, {"cell_id": "YFPCD24X8wII2_21", "color": "#440154"}, {"cell_id": "YFPCD24X8wII2_22", "color": "#440154"}, {"cell_id": "YFPCD24X8wII2_23", "color": "#3f4788"}, {"cell_id": "YFPCD24X8wII2_24", "color": "#34618d"}, {"cell_id": "YFPCD24X8wII2_26", "color": "#30698e"}, {"cell_id": "YFPCD24X8wII2_27", "color": "#2e6e8e"}, {"cell_id": "YFPCD24X8wII2_28", "color": "#3fbc73"}, {"cell_id": "YFPCD24X8wII2_29", "color": "#443983"}, {"cell_id": "YFPCD24X8wII2_30", "color": "#1f978b"}, {"cell_id": "YFPCD24X8wII2_31", "color": "#1f968b"}, {"cell_id": "YFPCD24X8wII2_33", "color": "#440154"}, {"cell_id": "YFPCD24X8wII2_34", "color": "#404588"}, {"cell_id": "YFPCD24X8wII2_35", "color": "#34618d"}, {"cell_id": "YFPCD24X8wII2_36", "color": "#218f8d"}, {"cell_id": "YFPCD24X8wII2_37", "color": "#440154"}, {"cell_id": "YFPCD24X8wII2_38", "color": "#440154"}, {"cell_id": "YFPCD24X8wII2_39", "color": "#2c718e"}, {"cell_id": "YFPCD24X8wII2_40", "color": "#355f8d"}, {"cell_id": "YFPCD24X8wII2_41", "color": "#218f8d"}, {"cell_id": "YFPCD24X8wII2_42", "color": "#440154"}, {"cell_id": "YFPCD24X8wII2_44", "color": "#440154"}, {"cell_id": "YFPCD24X8wII2_45", "color": "#2e6f8e"}, {"cell_id": "YFPCD24X8wII2_46", "color": "#39558c"}, {"cell_id": "YFPCD24X8wII2_47", "color": "#440154"}, {"cell_id": "YFPCD24X8wII2_48", "color": "#440154"}, {"cell_id": "YFPCD24X8wII2_49", "color": "#433d84"}, {"cell_id": "YFPCD24X8wII2_50", "color": "#440154"}, {"cell_id": "YFPCD24X8wII2_51", "color": "#25ac82"}, {"cell_id": "YFPCD24X8wII2_52", "color": "#2e6d8e"}, {"cell_id": "YFPCD24X8wII2_53", "color": "#32658e"}, {"cell_id": "YFPCD24X8wII2_54", "color": "#24868e"}, {"cell_id": "YFPCD24X8wII2_55", "color": "#440154"}, {"cell_id": "YFPCD24X8wII2_56", "color": "#23a983"}, {"cell_id": "YFPCD24X8wII2_57", "color": "#3a548c"}, {"cell_id": "YFPCD24X8wII2_58", "color": "#297a8e"}, {"cell_id": "YFPCD24X8wII2_59", "color": "#6ccd5a"}, {"cell_id": "YFPCD24X8wII2_60", "color": "#3b518b"}, {"cell_id": "YFPCD24X8wII2_61", "color": "#21908d"}, {"cell_id": "YFPCD24X8wII2_62", "color": "#228d8d"}, {"cell_id": "YFPCD24X8wII2_63", "color": "#404688"}, {"cell_id": "YFPCD24X8wII2_64", "color": "#297b8e"}, {"cell_id": "YFPCD24X8wII2_65", "color": "#2d718e"}, {"cell_id": "YFPCD24X8wII2_66", "color": "#3a548c"}, {"cell_id": "YFPCD24X8wII2_67", "color": "#2b758e"}, {"cell_id": "YFPCD24X8wII2_68", "color": "#414487"}, {"cell_id": "YFPCD24X8wII2_69", "color": "#440154"}, {"cell_id": "YFPCD24X8wII2_70", "color": "#424186"}, {"cell_id": "YFPCD24X8wII2_71", "color": "#440154"}, {"cell_id": "YFPCD24X8wII2_72", "color": "#27808e"}, {"cell_id": "YFPCD24X8wII2_73", "color": "#287c8e"}, {"cell_id": "YFPCD24X8wII2_74", "color": "#fde725"}, {"cell_id": "YFPCD24X8wII2_75", "color": "#440154"}, {"cell_id": "YFPCD24X8wII2_76", "color": "#440154"}, {"cell_id": "YFPCD24X8wII2_77", "color": "#440154"}, {"cell_id": "YFPCD24X8wII2_78", "color": "#481f70"}, {"cell_id": "YFPCD24X8wII2_79", "color": "#2f6c8e"}, {"cell_id": "YFPCD24X8wII2_80", "color": "#3dbc74"}, {"cell_id": "YFPCD24X8wII2_81", "color": "#33638d"}, {"cell_id": "YFPCD24X8wII2_82", "color": "#218f8d"}, {"cell_id": "YFPCD24X8wII2_83", "color": "#440154"}, {"cell_id": "YFPCD24X8wII2_85", "color": "#482475"}, {"cell_id": "YFPCD24X8wII2_86", "color": "#472e7c"}, {"cell_id": "YFPCD24X8wII2_87", "color": "#2fb47c"}, {"cell_id": "YFPCD24X8wII2_88", "color": "#440154"}, {"cell_id": "CD24X8wII_1", "color": "#2d708e"}, {"cell_id": "CD24X8wII_2", "color": "#24868e"}, {"cell_id": "CD24X8wII_3", "color": "#3d4e8a"}, {"cell_id": "CD24X8wII_4", "color": "#440154"}, {"cell_id": "CD24X8wII_5", "color": "#440154"}, {"cell_id": "CD24X8wII_6", "color": "#287c8e"}, {"cell_id": "CD24X8wII_8", "color": "#424186"}, {"cell_id": "CD24X8wII_9", "color": "#34608d"}, {"cell_id": "CD24X8wII_10", "color": "#218f8d"}, {"cell_id": "CD24X8wII_12", "color": "#440154"}, {"cell_id": "CD24X8wII_13", "color": "#482878"}, {"cell_id": "CD24X8wII_14", "color": "#440154"}, {"cell_id": "CD24X8wII_15", "color": "#34618d"}, {"cell_id": "CD24X8wII_16", "color": "#306a8e"}, {"cell_id": "CD24X8wII_17", "color": "#2c728e"}, {"cell_id": "CD24X8wII_18", "color": "#287d8e"}, {"cell_id": "CD24X8wII_22", "color": "#3d4e8a"}, {"cell_id": "CD24X8wII_23", "color": "#440154"}, {"cell_id": "CD24X8wII_24", "color": "#4cc26c"}, {"cell_id": "CD24X8wII_25", "color": "#25ab82"}, {"cell_id": "CD24X8wII_26", "color": "#440154"}, {"cell_id": "CD24X8wII_27", "color": "#440154"}, {"cell_id": "CD24X8wII_28", "color": "#2c718e"}, {"cell_id": "CD24X8wII_29", "color": "#440154"}, {"cell_id": "CD24X8wII_30", "color": "#39568c"}, {"cell_id": "CD24X8wII_31", "color": "#440154"}, {"cell_id": "CD24X8wII_32", "color": "#2ab07f"}, {"cell_id": "CD24X8wII_33", "color": "#440154"}, {"cell_id": "CD24X8wII_34", "color": "#228b8d"}, {"cell_id": "CD24X8wII_35", "color": "#2db27d"}, {"cell_id": "CD24X8wII_36", "color": "#463480"}, {"cell_id": "CD24X8wII_37", "color": "#414287"}, {"cell_id": "CD24X8wII_38", "color": "#440154"}, {"cell_id": "CD24X8wII_39", "color": "#26828e"}, {"cell_id": "CD24X8wII_40", "color": "#440154"}, {"cell_id": "CD24X8wII_41", "color": "#440154"}, {"cell_id": "CD24X8wII_42", "color": "#482173"}, {"cell_id": "CD24X8wII_43", "color": "#277e8e"}, {"cell_id": "CD24X8wII_44", "color": "#440154"}, {"cell_id": "CD24X8wII_45", "color": "#440154"}, {"cell_id": "CD24X8wII_46", "color": "#23898e"}, {"cell_id": "CD24X8wII_48", "color": "#440154"}, {"cell_id": "CD24X8wII_49", "color": "#440154"}, {"cell_id": "CD24X8wII_50", "color": "#440154"}, {"cell_id": "CD24X8wII_51", "color": "#440154"}, {"cell_id": "CD24X8wII_52", "color": "#30698e"}, {"cell_id": "CD24X8wII_53", "color": "#440154"}, {"cell_id": "CD24X8wII_54", "color": "#2a768e"}, {"cell_id": "CD24X8wII_55", "color": "#2e6e8e"}, {"cell_id": "CD24X8wII_56", "color": "#472d7b"}, {"cell_id": "CD24X8wII_57", "color": "#375b8d"}, {"cell_id": "CD24X8wII_58", "color": "#440154"}, {"cell_id": "CD24X8wII_59", "color": "#65cb5e"}, {"cell_id": "CD24X8wII_60", "color": "#440154"}, {"cell_id": "CD24X8wII_61", "color": "#3f4788"}, {"cell_id": "CD24X8wII_62", "color": "#238a8d"}, {"cell_id": "CD24X8wII_63", "color": "#32648e"}, {"cell_id": "CD24X8wII_64", "color": "#228b8d"}, {"cell_id": "CD24X8wII_65", "color": "#440154"}, {"cell_id": "CD24X8wII_66", "color": "#38588c"}, {"cell_id": "CD24X8wII_67", "color": "#48c16e"}, {"cell_id": "CD24X8wII_68", "color": "#1f948c"}, {"cell_id": "CD24X8wII_69", "color": "#433e85"}, {"cell_id": "CD24X8wII_70", "color": "#1f9e89"}, {"cell_id": "CD24X8wII_71", "color": "#424086"}, {"cell_id": "CD24X8wII_72", "color": "#440154"}, {"cell_id": "CD24X8wII_73", "color": "#440154"}, {"cell_id": "CD24X8wII_74", "color": "#1f9f88"}, {"cell_id": "CD24X8wII_75", "color": "#26828e"}, {"cell_id": "CD24X8wII_76", "color": "#4ac16d"}, {"cell_id": "CD24X8wII_77", "color": "#414287"}, {"cell_id": "CD24X8wII_78", "color": "#46337f"}, {"cell_id": "CD24X8wII_79", "color": "#2c738e"}, {"cell_id": "CD24X8wII_80", "color": "#23898e"}, {"cell_id": "CD24X8wII_82", "color": "#228c8d"}, {"cell_id": "CD24X8wII_83", "color": "#440154"}, {"cell_id": "CD24X8wII_85", "color": "#365d8d"}, {"cell_id": "CD24X8wII_86", "color": "#440154"}, {"cell_id": "CD24X8wII_87", "color": "#38588c"}, {"cell_id": "CD24X8wII_88", "color": "#440154"}, {"cell_id": "CD24X8wII_89", "color": "#2a768e"}, {"cell_id": "CD24X8wII_90", "color": "#3e4989"}, {"cell_id": "CD24X8wII_91", "color": "#433e85"}, {"cell_id": "CD24X8wII_92", "color": "#2e6f8e"}, {"cell_id": "CD24X8wII_93", "color": "#297b8e"}, {"cell_id": "CD24X8wII_95", "color": "#24868e"}, {"cell_id": "CD24X8wII_96", "color": "#3c508b"}]