[{"cell_id": "HSPC_025", "color": "#355f8d"}, {"cell_id": "HSPC_031", "color": "#46307e"}, {"cell_id": "HSPC_037", "color": "#424086"}, {"cell_id": "LT-HSC_001", "color": "#3d4e8a"}, {"cell_id": "HSPC_001", "color": "#3d4e8a"}, {"cell_id": "HSPC_008", "color": "#482677"}, {"cell_id": "HSPC_014", "color": "#404588"}, {"cell_id": "HSPC_020", "color": "#3e4989"}, {"cell_id": "HSPC_026", "color": "#1f9a8a"}, {"cell_id": "HSPC_038", "color": "#440154"}, {"cell_id": "LT-HSC_002", "color": "#440154"}, {"cell_id": "HSPC_002", "color": "#33628d"}, {"cell_id": "HSPC_009", "color": "#375a8c"}, {"cell_id": "HSPC_015", "color": "#423f85"}, {"cell_id": "HSPC_021", "color": "#440154"}, {"cell_id": "HSPC_027", "color": "#31668e"}, {"cell_id": "HSPC_033", "color": "#3e4a89"}, {"cell_id": "LT-HSC_003", "color": "#440154"}, {"cell_id": "HSPC_003", "color": "#1e9d89"}, {"cell_id": "HSPC_016", "color": "#20a386"}, {"cell_id": "HSPC_022", "color": "#3c508b"}, {"cell_id": "HSPC_028", "color": "#482475"}, {"cell_id": "HSPC_034", "color": "#414487"}, {"cell_id": "HSPC_040", "color": "#440154"}, {"cell_id": "LT-HSC_004", "color": "#440154"}, {"cell_id": "HSPC_004", "color": "#482374"}, {"cell_id": "HSPC_011", "color": "#453781"}, {"cell_id": "HSPC_017", "color": "#3e4a89"}, {"cell_id": "HSPC_023", "color": "#472a7a"}, {"cell_id": "HSPC_035", "color": "#30698e"}, {"cell_id": "HSPC_041", "color": "#38588c"}, {"cell_id": "HSPC_012", "color": "#287c8e"}, {"cell_id": "HSPC_018", "color": "#440154"}, {"cell_id": "HSPC_024", "color": "#440154"}, {"cell_id": "HSPC_030", "color": "#3f4788"}, {"cell_id": "HSPC_036", "color": "#481a6c"}, {"cell_id": "HSPC_042", "color": "#46337f"}, {"cell_id": "LT-HSC_006", "color": "#440154"}, {"cell_id": "HSPC_006", "color": "#463480"}, {"cell_id": "Prog_007", "color": "#3e4a89"}, {"cell_id": "Prog_013", "color": "#1f978b"}, {"cell_id": "Prog_019", "color": "#2cb17e"}, {"cell_id": "Prog_025", "color": "#50c46a"}, {"cell_id": "Prog_031", "color": "#8ed645"}, {"cell_id": "Prog_037", "color": "#1f968b"}, {"cell_id": "Prog_001", "color": "#423f85"}, {"cell_id": "Prog_008", "color": "#56c667"}, {"cell_id": "Prog_014", "color": "#bade28"}, {"cell_id": "Prog_020", "color": "#44bf70"}, {"cell_id": "Prog_026", "color": "#38598c"}, {"cell_id": "Prog_032", "color": "#b5de2b"}, {"cell_id": "Prog_038", "color": "#aadc32"}, {"cell_id": "Prog_002", "color": "#8ed645"}, {"cell_id": "Prog_009", "color": "#86d549"}, {"cell_id": "Prog_015", "color": "#440154"}, {"cell_id": "Prog_021", "color": "#c5e021"}, {"cell_id": "Prog_027", "color": "#39558c"}, {"cell_id": "Prog_033", "color": "#b2dd2d"}, {"cell_id": "Prog_039", "color": "#9bd93c"}, {"cell_id": "LT-HSC_009", "color": "#365d8d"}, {"cell_id": "Prog_003", "color": "#67cc5c"}, {"cell_id": "Prog_010", "color": "#3e4989"}, {"cell_id": "Prog_016", "color": "#a2da37"}, {"cell_id": "Prog_022", "color": "#c0df25"}, {"cell_id": "Prog_028", "color": "#90d743"}, {"cell_id": "Prog_040", "color": "#3a548c"}, {"cell_id": "LT-HSC_010", "color": "#3c508b"}, {"cell_id": "Prog_004", "color": "#481b6d"}, {"cell_id": "Prog_011", "color": "#9bd93c"}, {"cell_id": "Prog_017", "color": "#29af7f"}, {"cell_id": "Prog_023", "color": "#48186a"}, {"cell_id": "Prog_029", "color": "#a8db34"}, {"cell_id": "Prog_035", "color": "#95d840"}, {"cell_id": "LT-HSC_012", "color": "#3f4788"}, {"cell_id": "Prog_012", "color": "#1fa287"}, {"cell_id": "Prog_018", "color": "#50c46a"}, {"cell_id": "Prog_024", "color": "#25ac82"}, {"cell_id": "Prog_030", "color": "#2db27d"}, {"cell_id": "Prog_036", "color": "#56c667"}, {"cell_id": "Prog_042", "color": "#77d153"}, {"cell_id": "Prog_006", "color": "#c0df25"}, {"cell_id": "HSPC_049", "color": "#3e4c8a"}, {"cell_id": "HSPC_055", "color": "#2e6d8e"}, {"cell_id": "HSPC_061", "color": "#38588c"}, {"cell_id": "HSPC_067", "color": "#440154"}, {"cell_id": "HSPC_073", "color": "#32648e"}, {"cell_id": "HSPC_079", "color": "#30698e"}, {"cell_id": "LT-HSC_013", "color": "#38588c"}, {"cell_id": "HSPC_043", "color": "#443983"}, {"cell_id": "HSPC_050", "color": "#2e6d8e"}, {"cell_id": "HSPC_056", "color": "#3d4e8a"}, {"cell_id": "HSPC_062", "color": "#1f9e89"}, {"cell_id": "HSPC_068", "color": "#440154"}, {"cell_id": "HSPC_074", "color": "#3c4f8a"}, {"cell_id": "HSPC_080", "color": "#38588c"}, {"cell_id": "LT-HSC_014", "color": "#365c8d"}, {"cell_id": "HSPC_044", "color": "#472f7d"}, {"cell_id": "HSPC_051", "color": "#453781"}, {"cell_id": "HSPC_057", "color": "#38588c"}, {"cell_id": "HSPC_063", "color": "#472d7b"}, {"cell_id": "HSPC_069", "color": "#46307e"}, {"cell_id": "HSPC_075", "color": "#375b8d"}, {"cell_id": "HSPC_081", "color": "#404588"}, {"cell_id": "LT-HSC_015", "color": "#440154"}, {"cell_id": "HSPC_045", "color": "#1fa287"}, {"cell_id": "HSPC_052", "color": "#2c738e"}, {"cell_id": "HSPC_058", "color": "#414287"}, {"cell_id": "HSPC_064", "color": "#2cb17e"}, {"cell_id": "HSPC_070", "color": "#27ad81"}, {"cell_id": "HSPC_076", "color": "#443a83"}, {"cell_id": "HSPC_082", "color": "#3b518b"}, {"cell_id": "LT-HSC_016", "color": "#3a538b"}, {"cell_id": "HSPC_046", "color": "#481b6d"}, {"cell_id": "HSPC_053", "color": "#440154"}, {"cell_id": "HSPC_065", "color": "#433d84"}, {"cell_id": "HSPC_071", "color": "#1f978b"}, {"cell_id": "HSPC_077", "color": "#46337f"}, {"cell_id": "HSPC_083", "color": "#2f6b8e"}, {"cell_id": "LT-HSC_017", "color": "#440154"}, {"cell_id": "HSPC_047", "color": "#440154"}, {"cell_id": "HSPC_054", "color": "#46307e"}, {"cell_id": "HSPC_060", "color": "#3f4889"}, {"cell_id": "HSPC_066", "color": "#1fa188"}, {"cell_id": "HSPC_072", "color": "#37b878"}, {"cell_id": "HSPC_078", "color": "#423f85"}, {"cell_id": "HSPC_084", "color": "#3e4a89"}, {"cell_id": "LT-HSC_018", "color": "#472c7a"}, {"cell_id": "HSPC_048", "color": "#482173"}, {"cell_id": "Prog_049", "color": "#9dd93b"}, {"cell_id": "Prog_055", "color": "#3e4989"}, {"cell_id": "Prog_061", "color": "#75d054"}, {"cell_id": "Prog_067", "color": "#bddf26"}, {"cell_id": "Prog_073", "color": "#33638d"}, {"cell_id": "Prog_079", "color": "#c5e021"}, {"cell_id": "Prog_043", "color": "#5ac864"}, {"cell_id": "Prog_050", "color": "#46307e"}, {"cell_id": "Prog_056", "color": "#7fd34e"}, {"cell_id": "Prog_062", "color": "#453581"}, {"cell_id": "Prog_068", "color": "#440154"}, {"cell_id": "Prog_074", "color": "#93d741"}, {"cell_id": "Prog_080", "color": "#1fa187"}, {"cell_id": "LT-HSC_020", "color": "#414287"}, {"cell_id": "Prog_044", "color": "#1fa088"}, {"cell_id": "Prog_051", "color": "#6ccd5a"}, {"cell_id": "Prog_057", "color": "#238a8d"}, {"cell_id": "Prog_063", "color": "#433e85"}, {"cell_id": "Prog_069", "color": "#1f988b"}, {"cell_id": "Prog_075", "color": "#65cb5e"}, {"cell_id": "Prog_081", "color": "#90d743"}, {"cell_id": "LT-HSC_021", "color": "#20938c"}, {"cell_id": "Prog_045", "color": "#482173"}, {"cell_id": "Prog_052", "color": "#21a685"}, {"cell_id": "Prog_058", "color": "#b0dd2f"}, {"cell_id": "Prog_064", "color": "#a2da37"}, {"cell_id": "Prog_070", "color": "#32648e"}, {"cell_id": "Prog_076", "color": "#d5e21a"}, {"cell_id": "Prog_082", "color": "#c5e021"}, {"cell_id": "LT-HSC_022", "color": "#2f6c8e"}, {"cell_id": "Prog_046", "color": "#65cb5e"}, {"cell_id": "Prog_053", "color": "#a8db34"}, {"cell_id": "Prog_059", "color": "#46c06f"}, {"cell_id": "Prog_065", "color": "#1f968b"}, {"cell_id": "Prog_071", "color": "#472d7b"}, {"cell_id": "Prog_077", "color": "#86d549"}, {"cell_id": "Prog_083", "color": "#424186"}, {"cell_id": "LT-HSC_023", "color": "#443b84"}, {"cell_id": "Prog_047", "color": "#22a785"}, {"cell_id": "LT-HSC_024", "color": "#a0da39"}, {"cell_id": "Prog_060", "color": "#46c06f"}, {"cell_id": "Prog_066", "color": "#3d4e8a"}, {"cell_id": "Prog_072", "color": "#27ad81"}, {"cell_id": "Prog_078", "color": "#c0df25"}, {"cell_id": "Prog_084", "color": "#3a538b"}, {"cell_id": "Prog_048", "color": "#453581"}, {"cell_id": "HSPC_103", "color": "#297b8e"}, {"cell_id": "HSPC_109", "color": "#3e4c8a"}, {"cell_id": "HSPC_115", "color": "#26818e"}, {"cell_id": "HSPC_121", "color": "#3d4e8a"}, {"cell_id": "HSPC_085", "color": "#453882"}, {"cell_id": "HSPC_098", "color": "#440154"}, {"cell_id": "HSPC_104", "color": "#2c718e"}, {"cell_id": "HSPC_110", "color": "#1f9e89"}, {"cell_id": "HSPC_122", "color": "#1f9f88"}, {"cell_id": "LT-HSC_026", "color": "#25848e"}, {"cell_id": "HSPC_099", "color": "#39568c"}, {"cell_id": "HSPC_105", "color": "#440154"}, {"cell_id": "HSPC_111", "color": "#3a538b"}, {"cell_id": "HSPC_117", "color": "#472e7c"}, {"cell_id": "HSPC_123", "color": "#404588"}, {"cell_id": "HSPC_087", "color": "#375b8d"}, {"cell_id": "HSPC_094", "color": "#24aa83"}, {"cell_id": "HSPC_100", "color": "#404588"}, {"cell_id": "HSPC_106", "color": "#404688"}, {"cell_id": "HSPC_118", "color": "#3d4d8a"}, {"cell_id": "LT-HSC_028", "color": "#306a8e"}, {"cell_id": "HSPC_088", "color": "#443983"}, {"cell_id": "HSPC_095", "color": "#2a788e"}, {"cell_id": "HSPC_101", "color": "#433e85"}, {"cell_id": "HSPC_107", "color": "#404688"}, {"cell_id": "HSPC_119", "color": "#2a768e"}, {"cell_id": "HSPC_125", "color": "#440154"}, {"cell_id": "HSPC_089", "color": "#35b779"}, {"cell_id": "HSPC_096", "color": "#3aba76"}, {"cell_id": "HSPC_102", "color": "#2e6f8e"}, {"cell_id": "HSPC_108", "color": "#482374"}, {"cell_id": "HSPC_114", "color": "#3e4c8a"}, {"cell_id": "HSPC_120", "color": "#453581"}, {"cell_id": "HSPC_126", "color": "#440154"}, {"cell_id": "HSPC_090", "color": "#1e9c89"}, {"cell_id": "Prog_091", "color": "#b5de2b"}, {"cell_id": "Prog_097", "color": "#287d8e"}, {"cell_id": "Prog_103", "color": "#481c6e"}, {"cell_id": "Prog_109", "color": "#33628d"}, {"cell_id": "Prog_115", "color": "#6ccd5a"}, {"cell_id": "LT-HSC_031", "color": "#2e6f8e"}, {"cell_id": "Prog_085", "color": "#5ec962"}, {"cell_id": "Prog_092", "color": "#306a8e"}, {"cell_id": "Prog_098", "color": "#a0da39"}, {"cell_id": "Prog_110", "color": "#cae11f"}, {"cell_id": "Prog_116", "color": "#32658e"}, {"cell_id": "Prog_122", "color": "#365d8d"}, {"cell_id": "LT-HSC_032", "color": "#c0df25"}, {"cell_id": "Prog_093", "color": "#69cd5b"}, {"cell_id": "Prog_099", "color": "#1e9c89"}, {"cell_id": "Prog_105", "color": "#21918c"}, {"cell_id": "Prog_111", "color": "#86d549"}, {"cell_id": "Prog_117", "color": "#463480"}, {"cell_id": "Prog_123", "color": "#481b6d"}, {"cell_id": "LT-HSC_033", "color": "#39568c"}, {"cell_id": "Prog_087", "color": "#1f9f88"}, {"cell_id": "Prog_094", "color": "#b0dd2f"}, {"cell_id": "Prog_100", "color": "#c8e020"}, {"cell_id": "Prog_106", "color": "#440154"}, {"cell_id": "Prog_112", "color": "#a2da37"}, {"cell_id": "Prog_118", "color": "#1e9b8a"}, {"cell_id": "Prog_124", "color": "#482374"}, {"cell_id": "LT-HSC_034", "color": "#2d718e"}, {"cell_id": "Prog_088", "color": "#355f8d"}, {"cell_id": "Prog_095", "color": "#c5e021"}, {"cell_id": "Prog_101", "color": "#433d84"}, {"cell_id": "Prog_107", "color": "#c5e021"}, {"cell_id": "Prog_113", "color": "#35b779"}, {"cell_id": "Prog_119", "color": "#c8e020"}, {"cell_id": "Prog_125", "color": "#2db27d"}, {"cell_id": "Prog_089", "color": "#c8e020"}, {"cell_id": "LT-HSC_036", "color": "#32648e"}, {"cell_id": "Prog_096", "color": "#375b8d"}, {"cell_id": "Prog_102", "color": "#84d44b"}, {"cell_id": "Prog_108", "color": "#3f4788"}, {"cell_id": "Prog_114", "color": "#2e6d8e"}, {"cell_id": "Prog_120", "color": "#c2df23"}, {"cell_id": "Prog_126", "color": "#453882"}, {"cell_id": "Prog_090", "color": "#c8e020"}, {"cell_id": "HSPC_133", "color": "#2e6f8e"}, {"cell_id": "HSPC_139", "color": "#2e6f8e"}, {"cell_id": "HSPC_151", "color": "#440154"}, {"cell_id": "HSPC_157", "color": "#38598c"}, {"cell_id": "HSPC_127", "color": "#482374"}, {"cell_id": "HSPC_134", "color": "#440154"}, {"cell_id": "HSPC_140", "color": "#3e4a89"}, {"cell_id": "HSPC_146", "color": "#1f9a8a"}, {"cell_id": "HSPC_152", "color": "#440154"}, {"cell_id": "HSPC_158", "color": "#414287"}, {"cell_id": "HSPC_164", "color": "#472f7d"}, {"cell_id": "HSPC_135", "color": "#440154"}, {"cell_id": "HSPC_141", "color": "#26828e"}, {"cell_id": "HSPC_153", "color": "#3e4989"}, {"cell_id": "HSPC_159", "color": "#31688e"}, {"cell_id": "HSPC_165", "color": "#277f8e"}, {"cell_id": "LT-HSC_039", "color": "#440154"}, {"cell_id": "HSPC_136", "color": "#26828e"}, {"cell_id": "HSPC_142", "color": "#3a538b"}, {"cell_id": "HSPC_148", "color": "#3c508b"}, {"cell_id": "HSPC_154", "color": "#2d708e"}, {"cell_id": "HSPC_166", "color": "#440154"}, {"cell_id": "LT-HSC_040", "color": "#463480"}, {"cell_id": "HSPC_130", "color": "#440154"}, {"cell_id": "HSPC_143", "color": "#25848e"}, {"cell_id": "HSPC_149", "color": "#46327e"}, {"cell_id": "HSPC_155", "color": "#3e4989"}, {"cell_id": "HSPC_161", "color": "#355e8d"}, {"cell_id": "LT-HSC_041", "color": "#440154"}, {"cell_id": "HSPC_131", "color": "#440154"}, {"cell_id": "HSPC_138", "color": "#440154"}, {"cell_id": "HSPC_144", "color": "#375b8d"}, {"cell_id": "HSPC_156", "color": "#470e61"}, {"cell_id": "HSPC_162", "color": "#48c16e"}, {"cell_id": "HSPC_168", "color": "#24878e"}, {"cell_id": "HSPC_132", "color": "#470d60"}, {"cell_id": "Prog_133", "color": "#481769"}, {"cell_id": "Prog_139", "color": "#a8db34"}, {"cell_id": "Prog_145", "color": "#70cf57"}, {"cell_id": "Prog_151", "color": "#404588"}, {"cell_id": "Prog_157", "color": "#3b518b"}, {"cell_id": "Prog_163", "color": "#50c46a"}, {"cell_id": "LT-HSC_043", "color": "#470e61"}, {"cell_id": "Prog_127", "color": "#472c7a"}, {"cell_id": "Prog_134", "color": "#40bd72"}, {"cell_id": "Prog_140", "color": "#9bd93c"}, {"cell_id": "Prog_146", "color": "#56c667"}, {"cell_id": "Prog_152", "color": "#3c508b"}, {"cell_id": "Prog_158", "color": "#fde725"}, {"cell_id": "LT-HSC_044", "color": "#32b67a"}, {"cell_id": "Prog_128", "color": "#443b84"}, {"cell_id": "Prog_135", "color": "#1fa187"}, {"cell_id": "Prog_141", "color": "#472a7a"}, {"cell_id": "Prog_153", "color": "#48186a"}, {"cell_id": "Prog_159", "color": "#482173"}, {"cell_id": "Prog_165", "color": "#5cc863"}, {"cell_id": "LT-HSC_045", "color": "#31668e"}, {"cell_id": "Prog_129", "color": "#440154"}, {"cell_id": "Prog_136", "color": "#471164"}, {"cell_id": "Prog_142", "color": "#3e4c8a"}, {"cell_id": "Prog_154", "color": "#440154"}, {"cell_id": "Prog_160", "color": "#2b748e"}, {"cell_id": "Prog_166", "color": "#5ac864"}, {"cell_id": "LT-HSC_046", "color": "#440154"}, {"cell_id": "Prog_130", "color": "#27ad81"}, {"cell_id": "Prog_137", "color": "#472f7d"}, {"cell_id": "Prog_143", "color": "#31b57b"}, {"cell_id": "Prog_149", "color": "#69cd5b"}, {"cell_id": "Prog_155", "color": "#2ab07f"}, {"cell_id": "Prog_161", "color": "#56c667"}, {"cell_id": "Prog_167", "color": "#31b57b"}, {"cell_id": "Prog_131", "color": "#481d6f"}, {"cell_id": "Prog_138", "color": "#472c7a"}, {"cell_id": "Prog_144", "color": "#5ac864"}, {"cell_id": "Prog_156", "color": "#238a8d"}, {"cell_id": "Prog_162", "color": "#443a83"}, {"cell_id": "Prog_168", "color": "#20938c"}, {"cell_id": "Prog_132", "color": "#471365"}, {"cell_id": "HSPC_175", "color": "#2f6b8e"}, {"cell_id": "HSPC_181", "color": "#287c8e"}, {"cell_id": "HSPC_187", "color": "#443b84"}, {"cell_id": "HSPC_193", "color": "#3bbb75"}, {"cell_id": "HSPC_199", "color": "#424186"}, {"cell_id": "HSPC_205", "color": "#34b679"}, {"cell_id": "LT-HSC_049", "color": "#440154"}, {"cell_id": "HSPC_169", "color": "#46327e"}, {"cell_id": "HSPC_176", "color": "#32658e"}, {"cell_id": "HSPC_182", "color": "#21918c"}, {"cell_id": "HSPC_200", "color": "#3e4c8a"}, {"cell_id": "HSPC_206", "color": "#6ccd5a"}, {"cell_id": "LT-HSC_050", "color": "#1f968b"}, {"cell_id": "HSPC_170", "color": "#2c728e"}, {"cell_id": "HSPC_177", "color": "#3d4d8a"}, {"cell_id": "HSPC_183", "color": "#25ab82"}, {"cell_id": "HSPC_189", "color": "#440154"}, {"cell_id": "HSPC_195", "color": "#29af7f"}, {"cell_id": "HSPC_207", "color": "#23898e"}, {"cell_id": "LT-HSC_051", "color": "#440154"}, {"cell_id": "HSPC_171", "color": "#26ad81"}, {"cell_id": "HSPC_178", "color": "#424186"}, {"cell_id": "HSPC_190", "color": "#2cb17e"}, {"cell_id": "HSPC_196", "color": "#3d4d8a"}, {"cell_id": "HSPC_202", "color": "#48186a"}, {"cell_id": "HSPC_208", "color": "#2f6b8e"}, {"cell_id": "LT-HSC_052", "color": "#481a6c"}, {"cell_id": "HSPC_172", "color": "#46337f"}, {"cell_id": "HSPC_179", "color": "#433e85"}, {"cell_id": "HSPC_185", "color": "#26818e"}, {"cell_id": "HSPC_191", "color": "#440154"}, {"cell_id": "HSPC_203", "color": "#440154"}, {"cell_id": "HSPC_173", "color": "#414287"}, {"cell_id": "HSPC_180", "color": "#32658e"}, {"cell_id": "HSPC_186", "color": "#75d054"}, {"cell_id": "HSPC_192", "color": "#472e7c"}, {"cell_id": "HSPC_198", "color": "#404588"}, {"cell_id": "HSPC_204", "color": "#297b8e"}, {"cell_id": "HSPC_210", "color": "#7cd250"}, {"cell_id": "LT-HSC_054", "color": "#440154"}, {"cell_id": "HSPC_174", "color": "#440154"}, {"cell_id": "Prog_187", "color": "#46337f"}, {"cell_id": "Prog_193", "color": "#375a8c"}, {"cell_id": "Prog_199", "color": "#31668e"}, {"cell_id": "Prog_205", "color": "#29af7f"}, {"cell_id": "LT-HSC_055", "color": "#470d60"}, {"cell_id": "Prog_176", "color": "#482071"}, {"cell_id": "Prog_182", "color": "#8bd646"}, {"cell_id": "Prog_188", "color": "#a5db36"}, {"cell_id": "Prog_194", "color": "#22a785"}, {"cell_id": "Prog_200", "color": "#472c7a"}, {"cell_id": "Prog_206", "color": "#1f958b"}, {"cell_id": "LT-HSC_056", "color": "#1fa187"}, {"cell_id": "Prog_170", "color": "#95d840"}, {"cell_id": "Prog_177", "color": "#54c568"}, {"cell_id": "Prog_183", "color": "#35b779"}, {"cell_id": "Prog_189", "color": "#481769"}, {"cell_id": "Prog_195", "color": "#355f8d"}, {"cell_id": "Prog_201", "color": "#238a8d"}, {"cell_id": "Prog_207", "color": "#b0dd2f"}, {"cell_id": "LT-HSC_057", "color": "#481f70"}, {"cell_id": "Prog_171", "color": "#440154"}, {"cell_id": "Prog_178", "color": "#d5e21a"}, {"cell_id": "Prog_184", "color": "#3d4e8a"}, {"cell_id": "Prog_190", "color": "#42be71"}, {"cell_id": "Prog_196", "color": "#a8db34"}, {"cell_id": "Prog_208", "color": "#414287"}, {"cell_id": "LT-HSC_058", "color": "#404588"}, {"cell_id": "Prog_172", "color": "#b5de2b"}, {"cell_id": "Prog_179", "color": "#22a884"}, {"cell_id": "Prog_185", "color": "#a5db36"}, {"cell_id": "Prog_191", "color": "#463480"}, {"cell_id": "Prog_197", "color": "#3e4a89"}, {"cell_id": "Prog_203", "color": "#228b8d"}, {"cell_id": "Prog_209", "color": "#482677"}, {"cell_id": "Prog_173", "color": "#453882"}, {"cell_id": "LT-HSC_060", "color": "#440154"}, {"cell_id": "Prog_180", "color": "#35b779"}, {"cell_id": "Prog_186", "color": "#3e4c8a"}, {"cell_id": "Prog_204", "color": "#471063"}, {"cell_id": "Prog_210", "color": "#28ae80"}, {"cell_id": "HSPC_223", "color": "#34618d"}, {"cell_id": "HSPC_229", "color": "#440154"}, {"cell_id": "HSPC_235", "color": "#2b748e"}, {"cell_id": "HSPC_247", "color": "#433e85"}, {"cell_id": "HSPC_211", "color": "#34618d"}, {"cell_id": "HSPC_218", "color": "#277f8e"}, {"cell_id": "HSPC_224", "color": "#39568c"}, {"cell_id": "HSPC_230", "color": "#1f988b"}, {"cell_id": "HSPC_236", "color": "#2b758e"}, {"cell_id": "HSPC_248", "color": "#440154"}, {"cell_id": "LT-HSC_062", "color": "#38598c"}, {"cell_id": "HSPC_212", "color": "#277e8e"}, {"cell_id": "HSPC_219", "color": "#33638d"}, {"cell_id": "HSPC_225", "color": "#25848e"}, {"cell_id": "HSPC_231", "color": "#1f978b"}, {"cell_id": "HSPC_237", "color": "#375a8c"}, {"cell_id": "HSPC_243", "color": "#1fa187"}, {"cell_id": "HSPC_249", "color": "#414487"}, {"cell_id": "LT-HSC_063", "color": "#471063"}, {"cell_id": "HSPC_213", "color": "#23a983"}, {"cell_id": "HSPC_220", "color": "#24878e"}, {"cell_id": "HSPC_232", "color": "#355e8d"}, {"cell_id": "HSPC_244", "color": "#472e7c"}, {"cell_id": "HSPC_250", "color": "#482475"}, {"cell_id": "LT-HSC_064", "color": "#a0da39"}, {"cell_id": "HSPC_214", "color": "#37b878"}, {"cell_id": "HSPC_221", "color": "#33638d"}, {"cell_id": "HSPC_227", "color": "#472d7b"}, {"cell_id": "HSPC_233", "color": "#277f8e"}, {"cell_id": "HSPC_239", "color": "#20a386"}, {"cell_id": "HSPC_245", "color": "#3f4788"}, {"cell_id": "HSPC_251", "color": "#1fa287"}, {"cell_id": "LT-HSC_065", "color": "#1fa187"}, {"cell_id": "HSPC_215", "color": "#423f85"}, {"cell_id": "HSPC_222", "color": "#32658e"}, {"cell_id": "HSPC_228", "color": "#443a83"}, {"cell_id": "HSPC_240", "color": "#482979"}, {"cell_id": "HSPC_246", "color": "#472d7b"}, {"cell_id": "LT-HSC_066", "color": "#443b84"}, {"cell_id": "HSPC_216", "color": "#482878"}, {"cell_id": "Prog_217", "color": "#addc30"}, {"cell_id": "Prog_223", "color": "#26ad81"}, {"cell_id": "Prog_229", "color": "#c0df25"}, {"cell_id": "Prog_235", "color": "#27808e"}, {"cell_id": "Prog_241", "color": "#32648e"}, {"cell_id": "Prog_247", "color": "#77d153"}, {"cell_id": "Prog_211", "color": "#4ec36b"}, {"cell_id": "Prog_218", "color": "#6ccd5a"}, {"cell_id": "Prog_224", "color": "#58c765"}, {"cell_id": "Prog_230", "color": "#2a788e"}, {"cell_id": "Prog_236", "color": "#20938c"}, {"cell_id": "Prog_242", "color": "#98d83e"}, {"cell_id": "Prog_248", "color": "#3d4d8a"}, {"cell_id": "LT-HSC_068", "color": "#2c718e"}, {"cell_id": "Prog_212", "color": "#aadc32"}, {"cell_id": "Prog_225", "color": "#440154"}, {"cell_id": "Prog_231", "color": "#22a785"}, {"cell_id": "Prog_237", "color": "#54c568"}, {"cell_id": "Prog_243", "color": "#471164"}, {"cell_id": "Prog_249", "color": "#48c16e"}, {"cell_id": "LT-HSC_069", "color": "#440154"}, {"cell_id": "Prog_213", "color": "#3f4788"}, {"cell_id": "Prog_226", "color": "#3e4989"}, {"cell_id": "Prog_232", "color": "#48c16e"}, {"cell_id": "Prog_238", "color": "#34b679"}, {"cell_id": "Prog_244", "color": "#433d84"}, {"cell_id": "Prog_250", "color": "#a8db34"}, {"cell_id": "LT-HSC_070", "color": "#29af7f"}, {"cell_id": "Prog_214", "color": "#3f4889"}, {"cell_id": "Prog_221", "color": "#c2df23"}, {"cell_id": "Prog_227", "color": "#5ac864"}, {"cell_id": "Prog_233", "color": "#433d84"}, {"cell_id": "Prog_239", "color": "#70cf57"}, {"cell_id": "Prog_245", "color": "#46337f"}, {"cell_id": "LT-HSC_071", "color": "#443983"}, {"cell_id": "Prog_215", "color": "#81d34d"}, {"cell_id": "LT-HSC_072", "color": "#443b84"}, {"cell_id": "Prog_222", "color": "#50c46a"}, {"cell_id": "Prog_228", "color": "#35b779"}, {"cell_id": "Prog_234", "color": "#34b679"}, {"cell_id": "Prog_240", "color": "#40bd72"}, {"cell_id": "Prog_246", "color": "#3c4f8a"}, {"cell_id": "Prog_252", "color": "#38b977"}, {"cell_id": "Prog_216", "color": "#7ad151"}, {"cell_id": "HSPC_265", "color": "#34608d"}, {"cell_id": "HSPC_271", "color": "#2e6e8e"}, {"cell_id": "HSPC_283", "color": "#3e4a89"}, {"cell_id": "HSPC_289", "color": "#38598c"}, {"cell_id": "LT-HSC_073", "color": "#440154"}, {"cell_id": "HSPC_253", "color": "#453581"}, {"cell_id": "HSPC_266", "color": "#39558c"}, {"cell_id": "HSPC_278", "color": "#482374"}, {"cell_id": "HSPC_290", "color": "#40bd72"}, {"cell_id": "LT-HSC_074", "color": "#440154"}, {"cell_id": "HSPC_254", "color": "#440154"}, {"cell_id": "HSPC_261", "color": "#481a6c"}, {"cell_id": "HSPC_267", "color": "#27808e"}, {"cell_id": "HSPC_279", "color": "#33638d"}, {"cell_id": "HSPC_285", "color": "#482677"}, {"cell_id": "HSPC_291", "color": "#482173"}, {"cell_id": "LT-HSC_075", "color": "#440154"}, {"cell_id": "HSPC_255", "color": "#443983"}, {"cell_id": "HSPC_268", "color": "#1f9e89"}, {"cell_id": "HSPC_274", "color": "#375b8d"}, {"cell_id": "HSPC_280", "color": "#2a768e"}, {"cell_id": "HSPC_286", "color": "#482173"}, {"cell_id": "HSPC_292", "color": "#23888e"}, {"cell_id": "LT-HSC_076", "color": "#440154"}, {"cell_id": "HSPC_256", "color": "#8bd646"}, {"cell_id": "HSPC_263", "color": "#25ab82"}, {"cell_id": "HSPC_269", "color": "#472d7b"}, {"cell_id": "HSPC_275", "color": "#1fa188"}, {"cell_id": "HSPC_281", "color": "#25838e"}, {"cell_id": "HSPC_287", "color": "#34618d"}, {"cell_id": "HSPC_293", "color": "#472f7d"}, {"cell_id": "LT-HSC_077", "color": "#440154"}, {"cell_id": "HSPC_257", "color": "#1f9a8a"}, {"cell_id": "HSPC_264", "color": "#443a83"}, {"cell_id": "HSPC_270", "color": "#453882"}, {"cell_id": "HSPC_276", "color": "#46337f"}, {"cell_id": "HSPC_282", "color": "#3e4a89"}, {"cell_id": "HSPC_288", "color": "#21a685"}, {"cell_id": "HSPC_294", "color": "#42be71"}, {"cell_id": "LT-HSC_078", "color": "#482979"}, {"cell_id": "HSPC_258", "color": "#46337f"}, {"cell_id": "Prog_259", "color": "#404588"}, {"cell_id": "Prog_265", "color": "#9bd93c"}, {"cell_id": "Prog_271", "color": "#482173"}, {"cell_id": "Prog_277", "color": "#32b67a"}, {"cell_id": "Prog_283", "color": "#482979"}, {"cell_id": "Prog_289", "color": "#2c728e"}, {"cell_id": "Prog_253", "color": "#20a386"}, {"cell_id": "Prog_260", "color": "#1f9e89"}, {"cell_id": "Prog_266", "color": "#433e85"}, {"cell_id": "Prog_272", "color": "#7fd34e"}, {"cell_id": "Prog_278", "color": "#d5e21a"}, {"cell_id": "Prog_284", "color": "#84d44b"}, {"cell_id": "Prog_290", "color": "#84d44b"}, {"cell_id": "LT-HSC_080", "color": "#46337f"}, {"cell_id": "Prog_254", "color": "#6ece58"}, {"cell_id": "Prog_261", "color": "#81d34d"}, {"cell_id": "Prog_267", "color": "#25ab82"}, {"cell_id": "Prog_273", "color": "#21a585"}, {"cell_id": "Prog_279", "color": "#c2df23"}, {"cell_id": "Prog_285", "color": "#8ed645"}, {"cell_id": "Prog_291", "color": "#98d83e"}, {"cell_id": "LT-HSC_081", "color": "#414487"}, {"cell_id": "Prog_255", "color": "#297b8e"}, {"cell_id": "Prog_262", "color": "#46c06f"}, {"cell_id": "Prog_268", "color": "#482173"}, {"cell_id": "Prog_274", "color": "#84d44b"}, {"cell_id": "Prog_280", "color": "#31688e"}, {"cell_id": "Prog_286", "color": "#81d34d"}, {"cell_id": "Prog_292", "color": "#443b84"}, {"cell_id": "LT-HSC_082", "color": "#482576"}, {"cell_id": "Prog_256", "color": "#453581"}, {"cell_id": "Prog_263", "color": "#482475"}, {"cell_id": "Prog_269", "color": "#86d549"}, {"cell_id": "Prog_275", "color": "#a2da37"}, {"cell_id": "Prog_281", "color": "#98d83e"}, {"cell_id": "Prog_287", "color": "#472a7a"}, {"cell_id": "Prog_293", "color": "#31b57b"}, {"cell_id": "Prog_264", "color": "#424086"}, {"cell_id": "Prog_270", "color": "#443b84"}, {"cell_id": "Prog_276", "color": "#d2e21b"}, {"cell_id": "Prog_282", "color": "#b8de29"}, {"cell_id": "Prog_288", "color": "#2db27d"}, {"cell_id": "Prog_294", "color": "#8ed645"}, {"cell_id": "Prog_258", "color": "#433e85"}, {"cell_id": "HSPC_301", "color": "#1f9a8a"}, {"cell_id": "HSPC_307", "color": "#24868e"}, {"cell_id": "HSPC_313", "color": "#218e8d"}, {"cell_id": "HSPC_325", "color": "#2f6b8e"}, {"cell_id": "HSPC_331", "color": "#443a83"}, {"cell_id": "LT-HSC_085", "color": "#218e8d"}, {"cell_id": "HSPC_295", "color": "#3f4889"}, {"cell_id": "HSPC_302", "color": "#25ac82"}, {"cell_id": "HSPC_308", "color": "#2f6c8e"}, {"cell_id": "HSPC_314", "color": "#355e8d"}, {"cell_id": "HSPC_320", "color": "#1f998a"}, {"cell_id": "HSPC_326", "color": "#287d8e"}, {"cell_id": "HSPC_332", "color": "#443983"}, {"cell_id": "LT-HSC_086", "color": "#2f6c8e"}, {"cell_id": "HSPC_296", "color": "#355e8d"}, {"cell_id": "HSPC_303", "color": "#38b977"}, {"cell_id": "HSPC_309", "color": "#20a486"}, {"cell_id": "HSPC_315", "color": "#21a585"}, {"cell_id": "HSPC_321", "color": "#355e8d"}, {"cell_id": "HSPC_327", "color": "#23a983"}, {"cell_id": "HSPC_333", "color": "#443a83"}, {"cell_id": "HSPC_297", "color": "#1f9a8a"}, {"cell_id": "HSPC_304", "color": "#355e8d"}, {"cell_id": "HSPC_310", "color": "#2e6f8e"}, {"cell_id": "HSPC_322", "color": "#453781"}, {"cell_id": "HSPC_328", "color": "#27ad81"}, {"cell_id": "HSPC_334", "color": "#453581"}, {"cell_id": "LT-HSC_088", "color": "#56c667"}, {"cell_id": "HSPC_298", "color": "#453581"}, {"cell_id": "HSPC_305", "color": "#22a785"}, {"cell_id": "HSPC_317", "color": "#2c728e"}, {"cell_id": "HSPC_323", "color": "#3e4c8a"}, {"cell_id": "HSPC_329", "color": "#3a538b"}, {"cell_id": "HSPC_335", "color": "#355f8d"}, {"cell_id": "LT-HSC_089", "color": "#228b8d"}, {"cell_id": "HSPC_299", "color": "#3e4c8a"}, {"cell_id": "HSPC_306", "color": "#2f6b8e"}, {"cell_id": "HSPC_312", "color": "#28ae80"}, {"cell_id": "HSPC_318", "color": "#34608d"}, {"cell_id": "HSPC_324", "color": "#443983"}, {"cell_id": "HSPC_330", "color": "#375b8d"}, {"cell_id": "HSPC_336", "color": "#3e4a89"}, {"cell_id": "LT-HSC_090", "color": "#39568c"}, {"cell_id": "HSPC_300", "color": "#404588"}, {"cell_id": "Prog_301", "color": "#58c765"}, {"cell_id": "Prog_307", "color": "#23a983"}, {"cell_id": "Prog_313", "color": "#34608d"}, {"cell_id": "Prog_319", "color": "#3e4a89"}, {"cell_id": "Prog_325", "color": "#34608d"}, {"cell_id": "Prog_331", "color": "#3f4889"}, {"cell_id": "LT-HSC_091", "color": "#bade28"}, {"cell_id": "Prog_295", "color": "#228c8d"}, {"cell_id": "Prog_308", "color": "#24878e"}, {"cell_id": "Prog_314", "color": "#365c8d"}, {"cell_id": "Prog_320", "color": "#5cc863"}, {"cell_id": "Prog_326", "color": "#a0da39"}, {"cell_id": "Prog_332", "color": "#32648e"}, {"cell_id": "Prog_296", "color": "#2db27d"}, {"cell_id": "Prog_303", "color": "#277e8e"}, {"cell_id": "Prog_309", "color": "#2f6c8e"}, {"cell_id": "Prog_315", "color": "#a5db36"}, {"cell_id": "Prog_321", "color": "#84d44b"}, {"cell_id": "Prog_327", "color": "#23888e"}, {"cell_id": "Prog_333", "color": "#39568c"}, {"cell_id": "LT-HSC_093", "color": "#443a83"}, {"cell_id": "Prog_297", "color": "#443b84"}, {"cell_id": "Prog_304", "color": "#3e4c8a"}, {"cell_id": "Prog_310", "color": "#40bd72"}, {"cell_id": "Prog_316", "color": "#b5de2b"}, {"cell_id": "Prog_322", "color": "#58c765"}, {"cell_id": "Prog_328", "color": "#30698e"}, {"cell_id": "Prog_334", "color": "#86d549"}, {"cell_id": "LT-HSC_094", "color": "#1f958b"}, {"cell_id": "Prog_298", "color": "#60ca60"}, {"cell_id": "Prog_305", "color": "#21a585"}, {"cell_id": "Prog_311", "color": "#218f8d"}, {"cell_id": "Prog_323", "color": "#6ccd5a"}, {"cell_id": "Prog_329", "color": "#a0da39"}, {"cell_id": "Prog_335", "color": "#26828e"}, {"cell_id": "LT-HSC_095", "color": "#a8db34"}, {"cell_id": "Prog_299", "color": "#a0da39"}, {"cell_id": "LT-HSC_096", "color": "#1fa287"}, {"cell_id": "Prog_306", "color": "#b5de2b"}, {"cell_id": "Prog_312", "color": "#73d056"}, {"cell_id": "Prog_318", "color": "#56c667"}, {"cell_id": "Prog_324", "color": "#33628d"}, {"cell_id": "Prog_330", "color": "#3a548c"}, {"cell_id": "Prog_336", "color": "#39568c"}, {"cell_id": "Prog_300", "color": "#433e85"}, {"cell_id": "HSPC_343", "color": "#1f968b"}, {"cell_id": "HSPC_349", "color": "#423f85"}, {"cell_id": "HSPC_361", "color": "#3c508b"}, {"cell_id": "HSPC_367", "color": "#404688"}, {"cell_id": "HSPC_373", "color": "#1f948c"}, {"cell_id": "HSPC_337", "color": "#25ab82"}, {"cell_id": "HSPC_344", "color": "#23a983"}, {"cell_id": "HSPC_350", "color": "#2c718e"}, {"cell_id": "HSPC_356", "color": "#4ec36b"}, {"cell_id": "HSPC_362", "color": "#addc30"}, {"cell_id": "HSPC_368", "color": "#34618d"}, {"cell_id": "HSPC_374", "color": "#1fa187"}, {"cell_id": "LT-HSC_098", "color": "#bddf26"}, {"cell_id": "HSPC_338", "color": "#efe51c"}, {"cell_id": "HSPC_345", "color": "#2ab07f"}, {"cell_id": "HSPC_351", "color": "#95d840"}, {"cell_id": "HSPC_363", "color": "#2a768e"}, {"cell_id": "HSPC_339", "color": "#423f85"}, {"cell_id": "HSPC_346", "color": "#34b679"}, {"cell_id": "HSPC_352", "color": "#3f4889"}, {"cell_id": "HSPC_358", "color": "#3c508b"}, {"cell_id": "HSPC_370", "color": "#25ac82"}, {"cell_id": "HSPC_376", "color": "#404688"}, {"cell_id": "LT-HSC_100", "color": "#dfe318"}, {"cell_id": "HSPC_353", "color": "#453882"}, {"cell_id": "HSPC_359", "color": "#404588"}, {"cell_id": "HSPC_365", "color": "#21918c"}, {"cell_id": "HSPC_371", "color": "#44bf70"}, {"cell_id": "HSPC_377", "color": "#21918c"}, {"cell_id": "LT-HSC_101", "color": "#98d83e"}, {"cell_id": "HSPC_341", "color": "#404688"}, {"cell_id": "HSPC_348", "color": "#3d4d8a"}, {"cell_id": "HSPC_354", "color": "#30698e"}, {"cell_id": "HSPC_360", "color": "#1fa088"}, {"cell_id": "HSPC_372", "color": "#38588c"}, {"cell_id": "LT-HSC_102", "color": "#f1e51d"}, {"cell_id": "HSPC_342", "color": "#44bf70"}, {"cell_id": "Prog_343", "color": "#482071"}, {"cell_id": "Prog_349", "color": "#9dd93b"}, {"cell_id": "Prog_355", "color": "#46c06f"}, {"cell_id": "Prog_361", "color": "#b2dd2d"}, {"cell_id": "Prog_367", "color": "#306a8e"}, {"cell_id": "Prog_373", "color": "#86d549"}, {"cell_id": "LT-HSC_103", "color": "#404688"}, {"cell_id": "Prog_337", "color": "#93d741"}, {"cell_id": "Prog_350", "color": "#bade28"}, {"cell_id": "Prog_356", "color": "#d8e219"}, {"cell_id": "Prog_362", "color": "#35b779"}, {"cell_id": "Prog_368", "color": "#9dd93b"}, {"cell_id": "Prog_374", "color": "#7fd34e"}, {"cell_id": "Prog_338", "color": "#443a83"}, {"cell_id": "Prog_345", "color": "#addc30"}, {"cell_id": "Prog_351", "color": "#b8de29"}, {"cell_id": "Prog_357", "color": "#bade28"}, {"cell_id": "Prog_363", "color": "#b2dd2d"}, {"cell_id": "Prog_369", "color": "#c2df23"}, {"cell_id": "Prog_375", "color": "#a8db34"}, {"cell_id": "LT-HSC_105", "color": "#77d153"}, {"cell_id": "Prog_339", "color": "#81d34d"}, {"cell_id": "Prog_346", "color": "#d2e21b"}, {"cell_id": "Prog_352", "color": "#7fd34e"}, {"cell_id": "Prog_358", "color": "#4cc26c"}, {"cell_id": "Prog_364", "color": "#65cb5e"}, {"cell_id": "Prog_370", "color": "#3fbc73"}, {"cell_id": "Prog_376", "color": "#4ec36b"}, {"cell_id": "LT-HSC_106", "color": "#2d718e"}, {"cell_id": "Prog_340", "color": "#8bd646"}, {"cell_id": "Prog_353", "color": "#5ac864"}, {"cell_id": "Prog_359", "color": "#c0df25"}, {"cell_id": "Prog_371", "color": "#4ec36b"}, {"cell_id": "Prog_377", "color": "#aadc32"}, {"cell_id": "LT-HSC_107", "color": "#5ac864"}, {"cell_id": "Prog_341", "color": "#3bbb75"}, {"cell_id": "Prog_348", "color": "#453781"}, {"cell_id": "Prog_354", "color": "#addc30"}, {"cell_id": "Prog_360", "color": "#9bd93c"}, {"cell_id": "Prog_366", "color": "#dfe318"}, {"cell_id": "Prog_372", "color": "#a5db36"}, {"cell_id": "Prog_378", "color": "#2b748e"}, {"cell_id": "Prog_342", "color": "#8ed645"}, {"cell_id": "HSPC_391", "color": "#3f4788"}, {"cell_id": "HSPC_403", "color": "#31668e"}, {"cell_id": "HSPC_409", "color": "#2e6f8e"}, {"cell_id": "HSPC_415", "color": "#2a778e"}, {"cell_id": "HSPC_421", "color": "#2f6c8e"}, {"cell_id": "HSPC_386", "color": "#3c508b"}, {"cell_id": "HSPC_392", "color": "#482173"}, {"cell_id": "HSPC_398", "color": "#440154"}, {"cell_id": "HSPC_404", "color": "#d8e219"}, {"cell_id": "HSPC_410", "color": "#44bf70"}, {"cell_id": "HSPC_416", "color": "#482576"}, {"cell_id": "HSPC_422", "color": "#414287"}, {"cell_id": "HSPC_380", "color": "#463480"}, {"cell_id": "HSPC_387", "color": "#443983"}, {"cell_id": "HSPC_393", "color": "#75d054"}, {"cell_id": "HSPC_399", "color": "#482071"}, {"cell_id": "HSPC_405", "color": "#443b84"}, {"cell_id": "HSPC_411", "color": "#25ac82"}, {"cell_id": "HSPC_417", "color": "#424086"}, {"cell_id": "HSPC_423", "color": "#471164"}, {"cell_id": "HSPC_388", "color": "#44bf70"}, {"cell_id": "HSPC_400", "color": "#46337f"}, {"cell_id": "HSPC_406", "color": "#33638d"}, {"cell_id": "HSPC_412", "color": "#453781"}, {"cell_id": "HSPC_418", "color": "#2c728e"}, {"cell_id": "HSPC_424", "color": "#404588"}, {"cell_id": "HSPC_382", "color": "#482878"}, {"cell_id": "HSPC_389", "color": "#b2dd2d"}, {"cell_id": "HSPC_395", "color": "#b0dd2f"}, {"cell_id": "HSPC_407", "color": "#46337f"}, {"cell_id": "HSPC_413", "color": "#3c508b"}, {"cell_id": "HSPC_419", "color": "#46307e"}, {"cell_id": "HSPC_425", "color": "#423f85"}, {"cell_id": "HSPC_383", "color": "#32658e"}, {"cell_id": "HSPC_390", "color": "#34608d"}, {"cell_id": "HSPC_396", "color": "#453581"}, {"cell_id": "HSPC_402", "color": "#404588"}, {"cell_id": "HSPC_408", "color": "#dde318"}, {"cell_id": "HSPC_420", "color": "#3d4e8a"}, {"cell_id": "HSPC_426", "color": "#3a548c"}, {"cell_id": "Prog_385", "color": "#c8e020"}, {"cell_id": "Prog_397", "color": "#81d34d"}, {"cell_id": "Prog_403", "color": "#a8db34"}, {"cell_id": "Prog_409", "color": "#cae11f"}, {"cell_id": "Prog_415", "color": "#7cd250"}, {"cell_id": "Prog_421", "color": "#d5e21a"}, {"cell_id": "Prog_379", "color": "#7cd250"}, {"cell_id": "Prog_386", "color": "#c2df23"}, {"cell_id": "Prog_392", "color": "#482677"}, {"cell_id": "Prog_398", "color": "#d2e21b"}, {"cell_id": "Prog_404", "color": "#bade28"}, {"cell_id": "Prog_410", "color": "#b5de2b"}, {"cell_id": "Prog_416", "color": "#e7e419"}, {"cell_id": "Prog_422", "color": "#375a8c"}, {"cell_id": "Prog_380", "color": "#a0da39"}, {"cell_id": "Prog_387", "color": "#56c667"}, {"cell_id": "Prog_393", "color": "#bade28"}, {"cell_id": "Prog_399", "color": "#482071"}, {"cell_id": "Prog_405", "color": "#c2df23"}, {"cell_id": "Prog_411", "color": "#440154"}, {"cell_id": "Prog_417", "color": "#7fd34e"}, {"cell_id": "Prog_423", "color": "#423f85"}, {"cell_id": "Prog_381", "color": "#6ccd5a"}, {"cell_id": "Prog_388", "color": "#bddf26"}, {"cell_id": "Prog_394", "color": "#424186"}, {"cell_id": "Prog_406", "color": "#d0e11c"}, {"cell_id": "Prog_412", "color": "#32648e"}, {"cell_id": "Prog_418", "color": "#b0dd2f"}, {"cell_id": "Prog_424", "color": "#dfe318"}, {"cell_id": "Prog_382", "color": "#433d84"}, {"cell_id": "Prog_389", "color": "#6ccd5a"}, {"cell_id": "Prog_395", "color": "#a5db36"}, {"cell_id": "Prog_401", "color": "#48c16e"}, {"cell_id": "Prog_407", "color": "#31b57b"}, {"cell_id": "Prog_413", "color": "#424086"}, {"cell_id": "Prog_419", "color": "#e5e419"}, {"cell_id": "Prog_425", "color": "#73d056"}, {"cell_id": "Prog_383", "color": "#aadc32"}, {"cell_id": "Prog_426", "color": "#2ab07f"}, {"cell_id": "Prog_390", "color": "#9dd93b"}, {"cell_id": "Prog_396", "color": "#414287"}, {"cell_id": "Prog_402", "color": "#7ad151"}, {"cell_id": "Prog_408", "color": "#39558c"}, {"cell_id": "Prog_414", "color": "#218f8d"}, {"cell_id": "Prog_420", "color": "#404588"}, {"cell_id": "Prog_384", "color": "#9dd93b"}, {"cell_id": "HSPC_451", "color": "#46307e"}, {"cell_id": "HSPC_457", "color": "#440154"}, {"cell_id": "HSPC_463", "color": "#482173"}, {"cell_id": "LT-HSC_109", "color": "#3b518b"}, {"cell_id": "HSPC_427", "color": "#31688e"}, {"cell_id": "HSPC_440", "color": "#453882"}, {"cell_id": "HSPC_446", "color": "#46307e"}, {"cell_id": "LT-HSC_110", "color": "#440154"}, {"cell_id": "HSPC_435", "color": "#31688e"}, {"cell_id": "HSPC_441", "color": "#482878"}, {"cell_id": "HSPC_447", "color": "#3d4d8a"}, {"cell_id": "HSPC_453", "color": "#440154"}, {"cell_id": "HSPC_459", "color": "#482475"}, {"cell_id": "HSPC_465", "color": "#453781"}, {"cell_id": "LT-HSC_111", "color": "#440154"}, {"cell_id": "HSPC_436", "color": "#433e85"}, {"cell_id": "HSPC_442", "color": "#471164"}, {"cell_id": "HSPC_448", "color": "#46327e"}, {"cell_id": "HSPC_454", "color": "#20928c"}, {"cell_id": "HSPC_460", "color": "#4ec36b"}, {"cell_id": "HSPC_466", "color": "#443983"}, {"cell_id": "LT-HSC_112", "color": "#46337f"}, {"cell_id": "HSPC_443", "color": "#414287"}, {"cell_id": "HSPC_449", "color": "#38588c"}, {"cell_id": "HSPC_455", "color": "#440154"}, {"cell_id": "HSPC_461", "color": "#440154"}, {"cell_id": "HSPC_467", "color": "#482374"}, {"cell_id": "LT-HSC_113", "color": "#440154"}, {"cell_id": "HSPC_431", "color": "#2d718e"}, {"cell_id": "HSPC_444", "color": "#482878"}, {"cell_id": "HSPC_450", "color": "#365d8d"}, {"cell_id": "HSPC_456", "color": "#482071"}, {"cell_id": "HSPC_462", "color": "#482576"}, {"cell_id": "HSPC_468", "color": "#404588"}, {"cell_id": "LT-HSC_114", "color": "#3c508b"}, {"cell_id": "HSPC_432", "color": "#2d708e"}, {"cell_id": "Prog_433", "color": "#33638d"}, {"cell_id": "Prog_439", "color": "#29af7f"}, {"cell_id": "Prog_445", "color": "#423f85"}, {"cell_id": "Prog_451", "color": "#25838e"}, {"cell_id": "Prog_457", "color": "#a2da37"}, {"cell_id": "Prog_463", "color": "#440154"}, {"cell_id": "LT-HSC_115", "color": "#482475"}, {"cell_id": "Prog_427", "color": "#38588c"}, {"cell_id": "Prog_434", "color": "#c8e020"}, {"cell_id": "Prog_440", "color": "#aadc32"}, {"cell_id": "Prog_446", "color": "#433d84"}, {"cell_id": "Prog_458", "color": "#23a983"}, {"cell_id": "Prog_464", "color": "#287c8e"}, {"cell_id": "LT-HSC_116", "color": "#355f8d"}, {"cell_id": "Prog_428", "color": "#482979"}, {"cell_id": "Prog_435", "color": "#34618d"}, {"cell_id": "Prog_441", "color": "#453882"}, {"cell_id": "Prog_447", "color": "#433e85"}, {"cell_id": "Prog_453", "color": "#75d054"}, {"cell_id": "Prog_459", "color": "#472d7b"}, {"cell_id": "Prog_465", "color": "#30698e"}, {"cell_id": "LT-HSC_117", "color": "#3a548c"}, {"cell_id": "Prog_429", "color": "#dae319"}, {"cell_id": "Prog_436", "color": "#3f4788"}, {"cell_id": "Prog_448", "color": "#63cb5f"}, {"cell_id": "Prog_454", "color": "#34b679"}, {"cell_id": "Prog_460", "color": "#26ad81"}, {"cell_id": "Prog_466", "color": "#93d741"}, {"cell_id": "Prog_430", "color": "#a8db34"}, {"cell_id": "Prog_437", "color": "#bade28"}, {"cell_id": "Prog_443", "color": "#297a8e"}, {"cell_id": "Prog_449", "color": "#95d840"}, {"cell_id": "Prog_455", "color": "#7fd34e"}, {"cell_id": "Prog_461", "color": "#355f8d"}, {"cell_id": "Prog_467", "color": "#433d84"}, {"cell_id": "Prog_431", "color": "#38588c"}, {"cell_id": "LT-HSC_120", "color": "#424186"}, {"cell_id": "Prog_438", "color": "#d0e11c"}, {"cell_id": "Prog_444", "color": "#50c46a"}, {"cell_id": "Prog_450", "color": "#3f4788"}, {"cell_id": "Prog_456", "color": "#3dbc74"}, {"cell_id": "Prog_462", "color": "#a2da37"}, {"cell_id": "Prog_468", "color": "#297b8e"}, {"cell_id": "Prog_432", "color": "#73d056"}, {"cell_id": "HSPC_475", "color": "#3d4e8a"}, {"cell_id": "HSPC_493", "color": "#423f85"}, {"cell_id": "HSPC_499", "color": "#472e7c"}, {"cell_id": "HSPC_505", "color": "#33628d"}, {"cell_id": "HSPC_482", "color": "#440154"}, {"cell_id": "HSPC_488", "color": "#453581"}, {"cell_id": "HSPC_494", "color": "#440154"}, {"cell_id": "HSPC_500", "color": "#440154"}, {"cell_id": "HSPC_506", "color": "#39558c"}, {"cell_id": "LT-HSC_122", "color": "#440154"}, {"cell_id": "HSPC_470", "color": "#440154"}, {"cell_id": "HSPC_477", "color": "#471164"}, {"cell_id": "HSPC_483", "color": "#440154"}, {"cell_id": "HSPC_489", "color": "#440154"}, {"cell_id": "HSPC_495", "color": "#297b8e"}, {"cell_id": "HSPC_501", "color": "#375b8d"}, {"cell_id": "HSPC_507", "color": "#30698e"}, {"cell_id": "LT-HSC_123", "color": "#1fa188"}, {"cell_id": "HSPC_471", "color": "#472c7a"}, {"cell_id": "HSPC_478", "color": "#3e4c8a"}, {"cell_id": "HSPC_490", "color": "#440154"}, {"cell_id": "HSPC_496", "color": "#440154"}, {"cell_id": "HSPC_502", "color": "#424186"}, {"cell_id": "HSPC_508", "color": "#482173"}, {"cell_id": "LT-HSC_124", "color": "#440154"}, {"cell_id": "HSPC_472", "color": "#440154"}, {"cell_id": "HSPC_479", "color": "#3b518b"}, {"cell_id": "HSPC_485", "color": "#2ab07f"}, {"cell_id": "HSPC_491", "color": "#424086"}, {"cell_id": "HSPC_497", "color": "#3d4d8a"}, {"cell_id": "HSPC_503", "color": "#481668"}, {"cell_id": "HSPC_509", "color": "#2c718e"}, {"cell_id": "LT-HSC_125", "color": "#440154"}, {"cell_id": "HSPC_473", "color": "#423f85"}, {"cell_id": "HSPC_480", "color": "#481d6f"}, {"cell_id": "HSPC_486", "color": "#440154"}, {"cell_id": "HSPC_492", "color": "#443a83"}, {"cell_id": "HSPC_498", "color": "#440154"}, {"cell_id": "HSPC_504", "color": "#3a548c"}, {"cell_id": "HSPC_510", "color": "#1fa188"}, {"cell_id": "LT-HSC_126", "color": "#481b6d"}, {"cell_id": "HSPC_474", "color": "#440154"}, {"cell_id": "Prog_475", "color": "#21908d"}, {"cell_id": "Prog_481", "color": "#440154"}, {"cell_id": "Prog_487", "color": "#228b8d"}, {"cell_id": "Prog_493", "color": "#20928c"}, {"cell_id": "Prog_499", "color": "#46337f"}, {"cell_id": "Prog_505", "color": "#3f4788"}, {"cell_id": "Prog_469", "color": "#34b679"}, {"cell_id": "Prog_476", "color": "#482475"}, {"cell_id": "Prog_482", "color": "#21a585"}, {"cell_id": "Prog_488", "color": "#2cb17e"}, {"cell_id": "Prog_494", "color": "#414287"}, {"cell_id": "Prog_500", "color": "#1fa287"}, {"cell_id": "Prog_506", "color": "#5cc863"}, {"cell_id": "LT-HSC_128", "color": "#481c6e"}, {"cell_id": "Prog_470", "color": "#23898e"}, {"cell_id": "Prog_477", "color": "#86d549"}, {"cell_id": "Prog_483", "color": "#20928c"}, {"cell_id": "Prog_489", "color": "#2b748e"}, {"cell_id": "Prog_495", "color": "#440154"}, {"cell_id": "Prog_501", "color": "#482071"}, {"cell_id": "Prog_507", "color": "#bddf26"}, {"cell_id": "Prog_471", "color": "#440154"}, {"cell_id": "Prog_478", "color": "#5ac864"}, {"cell_id": "Prog_484", "color": "#2a778e"}, {"cell_id": "Prog_490", "color": "#306a8e"}, {"cell_id": "Prog_496", "color": "#22a884"}, {"cell_id": "Prog_502", "color": "#c8e020"}, {"cell_id": "Prog_508", "color": "#c8e020"}, {"cell_id": "LT-HSC_130", "color": "#470d60"}, {"cell_id": "Prog_472", "color": "#25ab82"}, {"cell_id": "Prog_479", "color": "#1e9b8a"}, {"cell_id": "Prog_485", "color": "#29798e"}, {"cell_id": "Prog_491", "color": "#3d4d8a"}, {"cell_id": "Prog_497", "color": "#60ca60"}, {"cell_id": "Prog_503", "color": "#4ac16d"}, {"cell_id": "Prog_509", "color": "#3a548c"}, {"cell_id": "LT-HSC_131", "color": "#472d7b"}, {"cell_id": "Prog_473", "color": "#84d44b"}, {"cell_id": "LT-HSC_132", "color": "#297b8e"}, {"cell_id": "Prog_480", "color": "#1f988b"}, {"cell_id": "Prog_486", "color": "#440154"}, {"cell_id": "Prog_498", "color": "#21908d"}, {"cell_id": "Prog_504", "color": "#3e4989"}, {"cell_id": "Prog_510", "color": "#efe51c"}, {"cell_id": "Prog_474", "color": "#482576"}, {"cell_id": "HSPC_523", "color": "#463480"}, {"cell_id": "HSPC_535", "color": "#453581"}, {"cell_id": "HSPC_541", "color": "#404688"}, {"cell_id": "HSPC_547", "color": "#471063"}, {"cell_id": "HSPC_518", "color": "#3e4989"}, {"cell_id": "HSPC_524", "color": "#440154"}, {"cell_id": "HSPC_530", "color": "#440154"}, {"cell_id": "HSPC_548", "color": "#3e4a89"}, {"cell_id": "HSPC_512", "color": "#3dbc74"}, {"cell_id": "HSPC_537", "color": "#46307e"}, {"cell_id": "HSPC_543", "color": "#440154"}, {"cell_id": "HSPC_549", "color": "#414287"}, {"cell_id": "HSPC_520", "color": "#440154"}, {"cell_id": "HSPC_526", "color": "#472a7a"}, {"cell_id": "HSPC_532", "color": "#482374"}, {"cell_id": "HSPC_538", "color": "#3bbb75"}, {"cell_id": "HSPC_544", "color": "#1f978b"}, {"cell_id": "HSPC_550", "color": "#472e7c"}, {"cell_id": "HSPC_514", "color": "#424086"}, {"cell_id": "HSPC_521", "color": "#443a83"}, {"cell_id": "HSPC_527", "color": "#46327e"}, {"cell_id": "HSPC_533", "color": "#482374"}, {"cell_id": "HSPC_539", "color": "#414287"}, {"cell_id": "HSPC_545", "color": "#3e4989"}, {"cell_id": "HSPC_551", "color": "#482576"}, {"cell_id": "LT-HSC_137", "color": "#440154"}, {"cell_id": "HSPC_515", "color": "#472e7c"}, {"cell_id": "HSPC_522", "color": "#433d84"}, {"cell_id": "HSPC_528", "color": "#440154"}, {"cell_id": "HSPC_534", "color": "#46327e"}, {"cell_id": "HSPC_540", "color": "#414287"}, {"cell_id": "HSPC_546", "color": "#32648e"}, {"cell_id": "HSPC_552", "color": "#482173"}, {"cell_id": "LT-HSC_138", "color": "#440154"}, {"cell_id": "HSPC_516", "color": "#453781"}, {"cell_id": "Prog_517", "color": "#34b679"}, {"cell_id": "Prog_523", "color": "#73d056"}, {"cell_id": "Prog_529", "color": "#2c738e"}, {"cell_id": "Prog_535", "color": "#60ca60"}, {"cell_id": "Prog_541", "color": "#1f978b"}, {"cell_id": "Prog_547", "color": "#42be71"}, {"cell_id": "LT-HSC_139", "color": "#414487"}, {"cell_id": "Prog_511", "color": "#3b518b"}, {"cell_id": "Prog_518", "color": "#37b878"}, {"cell_id": "Prog_524", "color": "#472f7d"}, {"cell_id": "Prog_530", "color": "#42be71"}, {"cell_id": "Prog_536", "color": "#89d548"}, {"cell_id": "Prog_542", "color": "#482878"}, {"cell_id": "Prog_548", "color": "#86d549"}, {"cell_id": "LT-HSC_140", "color": "#414287"}, {"cell_id": "Prog_519", "color": "#440154"}, {"cell_id": "Prog_525", "color": "#7ad151"}, {"cell_id": "Prog_531", "color": "#31b57b"}, {"cell_id": "Prog_537", "color": "#3a538b"}, {"cell_id": "Prog_543", "color": "#b0dd2f"}, {"cell_id": "Prog_549", "color": "#1fa088"}, {"cell_id": "Prog_513", "color": "#3bbb75"}, {"cell_id": "Prog_520", "color": "#2c738e"}, {"cell_id": "Prog_526", "color": "#440154"}, {"cell_id": "Prog_532", "color": "#1fa187"}, {"cell_id": "Prog_550", "color": "#482475"}, {"cell_id": "LT-HSC_142", "color": "#423f85"}, {"cell_id": "Prog_514", "color": "#46337f"}, {"cell_id": "Prog_521", "color": "#46327e"}, {"cell_id": "Prog_527", "color": "#20a486"}, {"cell_id": "Prog_533", "color": "#81d34d"}, {"cell_id": "Prog_539", "color": "#38b977"}, {"cell_id": "Prog_545", "color": "#b0dd2f"}, {"cell_id": "Prog_551", "color": "#26ad81"}, {"cell_id": "Prog_515", "color": "#38588c"}, {"cell_id": "LT-HSC_144", "color": "#31688e"}, {"cell_id": "Prog_528", "color": "#228c8d"}, {"cell_id": "Prog_546", "color": "#32b67a"}, {"cell_id": "Prog_552", "color": "#404688"}, {"cell_id": "Prog_516", "color": "#d0e11c"}, {"cell_id": "HSPC_559", "color": "#39568c"}, {"cell_id": "HSPC_571", "color": "#2eb37c"}, {"cell_id": "HSPC_577", "color": "#32648e"}, {"cell_id": "HSPC_589", "color": "#375a8c"}, {"cell_id": "LT-HSC_145", "color": "#440154"}, {"cell_id": "HSPC_553", "color": "#25ac82"}, {"cell_id": "HSPC_560", "color": "#453581"}, {"cell_id": "HSPC_566", "color": "#34618d"}, {"cell_id": "HSPC_578", "color": "#2b748e"}, {"cell_id": "HSPC_584", "color": "#46307e"}, {"cell_id": "HSPC_590", "color": "#433e85"}, {"cell_id": "LT-HSC_146", "color": "#440154"}, {"cell_id": "HSPC_554", "color": "#482677"}, {"cell_id": "HSPC_567", "color": "#472c7a"}, {"cell_id": "HSPC_573", "color": "#482979"}, {"cell_id": "HSPC_579", "color": "#46327e"}, {"cell_id": "HSPC_585", "color": "#482677"}, {"cell_id": "LT-HSC_147", "color": "#440154"}, {"cell_id": "HSPC_555", "color": "#440154"}, {"cell_id": "HSPC_562", "color": "#2a778e"}, {"cell_id": "HSPC_568", "color": "#3b518b"}, {"cell_id": "HSPC_574", "color": "#26ad81"}, {"cell_id": "HSPC_580", "color": "#481a6c"}, {"cell_id": "HSPC_586", "color": "#440154"}, {"cell_id": "HSPC_592", "color": "#482475"}, {"cell_id": "LT-HSC_148", "color": "#46327e"}, {"cell_id": "HSPC_556", "color": "#440154"}, {"cell_id": "HSPC_563", "color": "#440154"}, {"cell_id": "HSPC_569", "color": "#482576"}, {"cell_id": "HSPC_575", "color": "#3f4889"}, {"cell_id": "HSPC_593", "color": "#424086"}, {"cell_id": "LT-HSC_149", "color": "#440154"}, {"cell_id": "HSPC_557", "color": "#482173"}, {"cell_id": "HSPC_576", "color": "#2b748e"}, {"cell_id": "HSPC_582", "color": "#440154"}, {"cell_id": "HSPC_594", "color": "#34608d"}, {"cell_id": "LT-HSC_150", "color": "#440154"}, {"cell_id": "Prog_559", "color": "#1fa187"}, {"cell_id": "Prog_565", "color": "#24868e"}, {"cell_id": "Prog_571", "color": "#1fa287"}, {"cell_id": "Prog_577", "color": "#481769"}, {"cell_id": "Prog_583", "color": "#9dd93b"}, {"cell_id": "Prog_589", "color": "#375b8d"}, {"cell_id": "LT-HSC_151", "color": "#440154"}, {"cell_id": "Prog_553", "color": "#4cc26c"}, {"cell_id": "Prog_560", "color": "#481467"}, {"cell_id": "Prog_566", "color": "#84d44b"}, {"cell_id": "Prog_572", "color": "#433d84"}, {"cell_id": "Prog_578", "color": "#20928c"}, {"cell_id": "Prog_584", "color": "#481f70"}, {"cell_id": "Prog_590", "color": "#453581"}, {"cell_id": "LT-HSC_152", "color": "#440154"}, {"cell_id": "Prog_554", "color": "#440154"}, {"cell_id": "Prog_561", "color": "#440154"}, {"cell_id": "Prog_567", "color": "#44bf70"}, {"cell_id": "Prog_573", "color": "#443b84"}, {"cell_id": "Prog_579", "color": "#306a8e"}, {"cell_id": "Prog_585", "color": "#28ae80"}, {"cell_id": "Prog_555", "color": "#440154"}, {"cell_id": "Prog_562", "color": "#addc30"}, {"cell_id": "Prog_568", "color": "#5ac864"}, {"cell_id": "Prog_574", "color": "#39558c"}, {"cell_id": "Prog_580", "color": "#37b878"}, {"cell_id": "Prog_586", "color": "#472c7a"}, {"cell_id": "Prog_592", "color": "#c5e021"}, {"cell_id": "Prog_556", "color": "#26ad81"}, {"cell_id": "Prog_569", "color": "#4ec36b"}, {"cell_id": "Prog_575", "color": "#8ed645"}, {"cell_id": "Prog_581", "color": "#443b84"}, {"cell_id": "Prog_587", "color": "#26818e"}, {"cell_id": "Prog_593", "color": "#433d84"}, {"cell_id": "Prog_557", "color": "#3d4d8a"}, {"cell_id": "LT-HSC_156", "color": "#481a6c"}, {"cell_id": "Prog_564", "color": "#a0da39"}, {"cell_id": "Prog_570", "color": "#a2da37"}, {"cell_id": "Prog_576", "color": "#46307e"}, {"cell_id": "Prog_582", "color": "#7ad151"}, {"cell_id": "Prog_588", "color": "#44bf70"}, {"cell_id": "Prog_594", "color": "#2d708e"}, {"cell_id": "Prog_558", "color": "#440154"}, {"cell_id": "HSPC_601", "color": "#3f4889"}, {"cell_id": "HSPC_607", "color": "#34608d"}, {"cell_id": "HSPC_613", "color": "#404688"}, {"cell_id": "HSPC_625", "color": "#440154"}, {"cell_id": "HSPC_631", "color": "#472e7c"}, {"cell_id": "HSPC_595", "color": "#443b84"}, {"cell_id": "HSPC_602", "color": "#34b679"}, {"cell_id": "HSPC_608", "color": "#472e7c"}, {"cell_id": "HSPC_614", "color": "#440154"}, {"cell_id": "HSPC_620", "color": "#440154"}, {"cell_id": "HSPC_626", "color": "#3e4a89"}, {"cell_id": "LT-HSC_158", "color": "#440154"}, {"cell_id": "HSPC_596", "color": "#440154"}, {"cell_id": "HSPC_603", "color": "#1f988b"}, {"cell_id": "HSPC_615", "color": "#34618d"}, {"cell_id": "HSPC_627", "color": "#440154"}, {"cell_id": "HSPC_633", "color": "#440154"}, {"cell_id": "LT-HSC_159", "color": "#b8de29"}, {"cell_id": "HSPC_597", "color": "#440154"}, {"cell_id": "HSPC_604", "color": "#414487"}, {"cell_id": "HSPC_610", "color": "#433d84"}, {"cell_id": "HSPC_628", "color": "#440154"}, {"cell_id": "HSPC_634", "color": "#482677"}, {"cell_id": "HSPC_598", "color": "#443b84"}, {"cell_id": "HSPC_617", "color": "#3d4e8a"}, {"cell_id": "HSPC_623", "color": "#472f7d"}, {"cell_id": "HSPC_629", "color": "#440154"}, {"cell_id": "HSPC_635", "color": "#44bf70"}, {"cell_id": "LT-HSC_161", "color": "#440154"}, {"cell_id": "HSPC_599", "color": "#453781"}, {"cell_id": "HSPC_606", "color": "#472e7c"}, {"cell_id": "HSPC_612", "color": "#482576"}, {"cell_id": "HSPC_618", "color": "#3d4e8a"}, {"cell_id": "HSPC_624", "color": "#4ac16d"}, {"cell_id": "HSPC_630", "color": "#440154"}, {"cell_id": "HSPC_636", "color": "#440154"}, {"cell_id": "HSPC_600", "color": "#443a83"}, {"cell_id": "Prog_607", "color": "#20a386"}, {"cell_id": "Prog_613", "color": "#1fa188"}, {"cell_id": "Prog_619", "color": "#20938c"}, {"cell_id": "Prog_625", "color": "#21a585"}, {"cell_id": "Prog_631", "color": "#482071"}, {"cell_id": "LT-HSC_163", "color": "#440154"}, {"cell_id": "Prog_595", "color": "#25ab82"}, {"cell_id": "Prog_602", "color": "#472e7c"}, {"cell_id": "Prog_614", "color": "#433e85"}, {"cell_id": "Prog_620", "color": "#423f85"}, {"cell_id": "Prog_626", "color": "#30698e"}, {"cell_id": "Prog_632", "color": "#46c06f"}, {"cell_id": "LT-HSC_164", "color": "#481f70"}, {"cell_id": "Prog_596", "color": "#1f948c"}, {"cell_id": "Prog_603", "color": "#75d054"}, {"cell_id": "Prog_609", "color": "#1f9e89"}, {"cell_id": "Prog_615", "color": "#81d34d"}, {"cell_id": "Prog_621", "color": "#37b878"}, {"cell_id": "Prog_627", "color": "#482374"}, {"cell_id": "Prog_633", "color": "#440154"}, {"cell_id": "LT-HSC_165", "color": "#472a7a"}, {"cell_id": "Prog_597", "color": "#2cb17e"}, {"cell_id": "Prog_604", "color": "#58c765"}, {"cell_id": "Prog_610", "color": "#30698e"}, {"cell_id": "Prog_616", "color": "#81d34d"}, {"cell_id": "Prog_622", "color": "#60ca60"}, {"cell_id": "Prog_628", "color": "#27ad81"}, {"cell_id": "Prog_634", "color": "#22a884"}, {"cell_id": "LT-HSC_166", "color": "#440154"}, {"cell_id": "Prog_598", "color": "#1f968b"}, {"cell_id": "Prog_605", "color": "#a0da39"}, {"cell_id": "Prog_611", "color": "#addc30"}, {"cell_id": "Prog_617", "color": "#482173"}, {"cell_id": "Prog_623", "color": "#440154"}, {"cell_id": "Prog_629", "color": "#440154"}, {"cell_id": "Prog_635", "color": "#3aba76"}, {"cell_id": "LT-HSC_167", "color": "#46327e"}, {"cell_id": "Prog_599", "color": "#4cc26c"}, {"cell_id": "Prog_606", "color": "#482979"}, {"cell_id": "Prog_612", "color": "#423f85"}, {"cell_id": "Prog_618", "color": "#3fbc73"}, {"cell_id": "Prog_624", "color": "#481b6d"}, {"cell_id": "Prog_636", "color": "#470e61"}, {"cell_id": "Prog_600", "color": "#26818e"}, {"cell_id": "HSPC_643", "color": "#46307e"}, {"cell_id": "HSPC_649", "color": "#443b84"}, {"cell_id": "HSPC_661", "color": "#482979"}, {"cell_id": "HSPC_667", "color": "#463480"}, {"cell_id": "HSPC_673", "color": "#3e4a89"}, {"cell_id": "LT-HSC_169", "color": "#440154"}, {"cell_id": "HSPC_637", "color": "#443983"}, {"cell_id": "HSPC_644", "color": "#22a785"}, {"cell_id": "HSPC_656", "color": "#3f4788"}, {"cell_id": "HSPC_662", "color": "#46327e"}, {"cell_id": "HSPC_668", "color": "#440154"}, {"cell_id": "HSPC_674", "color": "#440154"}, {"cell_id": "LT-HSC_170", "color": "#2c738e"}, {"cell_id": "HSPC_638", "color": "#6ece58"}, {"cell_id": "HSPC_645", "color": "#481467"}, {"cell_id": "HSPC_651", "color": "#63cb5f"}, {"cell_id": "HSPC_657", "color": "#440154"}, {"cell_id": "HSPC_663", "color": "#2db27d"}, {"cell_id": "HSPC_669", "color": "#440154"}, {"cell_id": "LT-HSC_171", "color": "#482677"}, {"cell_id": "HSPC_639", "color": "#443983"}, {"cell_id": "HSPC_646", "color": "#481f70"}, {"cell_id": "HSPC_652", "color": "#482576"}, {"cell_id": "HSPC_658", "color": "#21918c"}, {"cell_id": "HSPC_664", "color": "#443983"}, {"cell_id": "HSPC_670", "color": "#424186"}, {"cell_id": "HSPC_676", "color": "#46337f"}, {"cell_id": "LT-HSC_172", "color": "#440154"}, {"cell_id": "HSPC_640", "color": "#414287"}, {"cell_id": "HSPC_665", "color": "#424086"}, {"cell_id": "HSPC_671", "color": "#440154"}, {"cell_id": "LT-HSC_173", "color": "#453882"}, {"cell_id": "HSPC_641", "color": "#443a83"}, {"cell_id": "HSPC_648", "color": "#440154"}, {"cell_id": "HSPC_654", "color": "#472a7a"}, {"cell_id": "HSPC_660", "color": "#25ac82"}, {"cell_id": "HSPC_666", "color": "#1f948c"}, {"cell_id": "HSPC_672", "color": "#46307e"}, {"cell_id": "HSPC_678", "color": "#482979"}, {"cell_id": "LT-HSC_174", "color": "#481d6f"}, {"cell_id": "Prog_643", "color": "#21918c"}, {"cell_id": "Prog_649", "color": "#9bd93c"}, {"cell_id": "Prog_655", "color": "#a2da37"}, {"cell_id": "Prog_661", "color": "#26818e"}, {"cell_id": "Prog_667", "color": "#65cb5e"}, {"cell_id": "Prog_673", "color": "#25ac82"}, {"cell_id": "Prog_637", "color": "#73d056"}, {"cell_id": "Prog_644", "color": "#472c7a"}, {"cell_id": "Prog_650", "color": "#34b679"}, {"cell_id": "Prog_662", "color": "#21a585"}, {"cell_id": "Prog_668", "color": "#218e8d"}, {"cell_id": "Prog_674", "color": "#4ec36b"}, {"cell_id": "LT-HSC_176", "color": "#440154"}, {"cell_id": "Prog_638", "color": "#4cc26c"}, {"cell_id": "Prog_645", "color": "#440154"}, {"cell_id": "Prog_651", "color": "#1e9d89"}, {"cell_id": "Prog_657", "color": "#9bd93c"}, {"cell_id": "Prog_663", "color": "#86d549"}, {"cell_id": "Prog_669", "color": "#440154"}, {"cell_id": "Prog_675", "color": "#3f4889"}, {"cell_id": "LT-HSC_177", "color": "#472d7b"}, {"cell_id": "Prog_639", "color": "#38b977"}, {"cell_id": "Prog_646", "color": "#3fbc73"}, {"cell_id": "Prog_652", "color": "#482576"}, {"cell_id": "Prog_658", "color": "#2ab07f"}, {"cell_id": "Prog_670", "color": "#4ac16d"}, {"cell_id": "Prog_676", "color": "#481c6e"}, {"cell_id": "Prog_640", "color": "#93d741"}, {"cell_id": "Prog_647", "color": "#1f9f88"}, {"cell_id": "Prog_653", "color": "#424086"}, {"cell_id": "Prog_659", "color": "#228d8d"}, {"cell_id": "Prog_665", "color": "#3f4889"}, {"cell_id": "Prog_671", "color": "#453581"}, {"cell_id": "Prog_677", "color": "#a0da39"}, {"cell_id": "LT-HSC_179", "color": "#482071"}, {"cell_id": "Prog_641", "color": "#3c508b"}, {"cell_id": "LT-HSC_180", "color": "#440154"}, {"cell_id": "Prog_648", "color": "#21a585"}, {"cell_id": "Prog_654", "color": "#404588"}, {"cell_id": "Prog_666", "color": "#481c6e"}, {"cell_id": "Prog_672", "color": "#7fd34e"}, {"cell_id": "Prog_678", "color": "#21a685"}, {"cell_id": "Prog_642", "color": "#48186a"}, {"cell_id": "HSPC_697", "color": "#50c46a"}, {"cell_id": "HSPC_703", "color": "#39558c"}, {"cell_id": "HSPC_709", "color": "#29af7f"}, {"cell_id": "HSPC_679", "color": "#38588c"}, {"cell_id": "HSPC_692", "color": "#3d4d8a"}, {"cell_id": "HSPC_698", "color": "#2d718e"}, {"cell_id": "HSPC_704", "color": "#414487"}, {"cell_id": "HSPC_716", "color": "#453581"}, {"cell_id": "HSPC_680", "color": "#32648e"}, {"cell_id": "HSPC_687", "color": "#443a83"}, {"cell_id": "HSPC_699", "color": "#2e6f8e"}, {"cell_id": "HSPC_705", "color": "#2db27d"}, {"cell_id": "HSPC_717", "color": "#3f4788"}, {"cell_id": "LT-HSC_183", "color": "#440154"}, {"cell_id": "HSPC_681", "color": "#218e8d"}, {"cell_id": "HSPC_700", "color": "#22a884"}, {"cell_id": "HSPC_706", "color": "#46307e"}, {"cell_id": "LT-HSC_184", "color": "#440154"}, {"cell_id": "HSPC_682", "color": "#1fa088"}, {"cell_id": "HSPC_689", "color": "#3e4a89"}, {"cell_id": "HSPC_695", "color": "#472e7c"}, {"cell_id": "HSPC_701", "color": "#423f85"}, {"cell_id": "HSPC_707", "color": "#24878e"}, {"cell_id": "HSPC_719", "color": "#3c508b"}, {"cell_id": "HSPC_683", "color": "#355f8d"}, {"cell_id": "HSPC_690", "color": "#355e8d"}, {"cell_id": "HSPC_696", "color": "#1f958b"}, {"cell_id": "HSPC_702", "color": "#424186"}, {"cell_id": "HSPC_708", "color": "#3a548c"}, {"cell_id": "HSPC_714", "color": "#32648e"}, {"cell_id": "HSPC_720", "color": "#1f968b"}, {"cell_id": "Prog_685", "color": "#404688"}, {"cell_id": "Prog_697", "color": "#a8db34"}, {"cell_id": "Prog_709", "color": "#67cc5c"}, {"cell_id": "Prog_715", "color": "#58c765"}, {"cell_id": "LT-HSC_187", "color": "#443b84"}, {"cell_id": "Prog_679", "color": "#24aa83"}, {"cell_id": "Prog_686", "color": "#25ac82"}, {"cell_id": "Prog_692", "color": "#433e85"}, {"cell_id": "Prog_698", "color": "#1e9c89"}, {"cell_id": "Prog_704", "color": "#463480"}, {"cell_id": "Prog_710", "color": "#50c46a"}, {"cell_id": "Prog_716", "color": "#440154"}, {"cell_id": "LT-HSC_188", "color": "#482677"}, {"cell_id": "Prog_680", "color": "#481b6d"}, {"cell_id": "Prog_687", "color": "#414487"}, {"cell_id": "Prog_693", "color": "#46327e"}, {"cell_id": "Prog_699", "color": "#424086"}, {"cell_id": "Prog_705", "color": "#3fbc73"}, {"cell_id": "Prog_711", "color": "#65cb5e"}, {"cell_id": "Prog_717", "color": "#2fb47c"}, {"cell_id": "Prog_681", "color": "#1f958b"}, {"cell_id": "Prog_688", "color": "#7cd250"}, {"cell_id": "Prog_694", "color": "#40bd72"}, {"cell_id": "Prog_700", "color": "#b2dd2d"}, {"cell_id": "Prog_706", "color": "#58c765"}, {"cell_id": "Prog_712", "color": "#84d44b"}, {"cell_id": "Prog_718", "color": "#1e9b8a"}, {"cell_id": "Prog_682", "color": "#93d741"}, {"cell_id": "Prog_689", "color": "#3c508b"}, {"cell_id": "Prog_695", "color": "#8bd646"}, {"cell_id": "Prog_701", "color": "#b0dd2f"}, {"cell_id": "Prog_707", "color": "#3aba76"}, {"cell_id": "Prog_713", "color": "#46327e"}, {"cell_id": "Prog_719", "color": "#b2dd2d"}, {"cell_id": "LT-HSC_191", "color": "#3b528b"}, {"cell_id": "Prog_683", "color": "#27808e"}, {"cell_id": "Prog_690", "color": "#2a788e"}, {"cell_id": "Prog_696", "color": "#69cd5b"}, {"cell_id": "Prog_702", "color": "#7cd250"}, {"cell_id": "Prog_708", "color": "#89d548"}, {"cell_id": "Prog_714", "color": "#9dd93b"}, {"cell_id": "Prog_720", "color": "#52c569"}, {"cell_id": "LT-HSC_192", "color": "#482576"}, {"cell_id": "Prog_684", "color": "#46337f"}, {"cell_id": "HSPC_727", "color": "#2e6e8e"}, {"cell_id": "HSPC_733", "color": "#3f4889"}, {"cell_id": "HSPC_745", "color": "#424186"}, {"cell_id": "HSPC_751", "color": "#46337f"}, {"cell_id": "HSPC_757", "color": "#433e85"}, {"cell_id": "LT-HSC_193", "color": "#472e7c"}, {"cell_id": "HSPC_721", "color": "#37b878"}, {"cell_id": "HSPC_734", "color": "#58c765"}, {"cell_id": "HSPC_740", "color": "#365d8d"}, {"cell_id": "HSPC_746", "color": "#440154"}, {"cell_id": "HSPC_752", "color": "#440154"}, {"cell_id": "HSPC_758", "color": "#482677"}, {"cell_id": "LT-HSC_194", "color": "#472c7a"}, {"cell_id": "HSPC_722", "color": "#423f85"}, {"cell_id": "HSPC_729", "color": "#3c508b"}, {"cell_id": "HSPC_735", "color": "#481f70"}, {"cell_id": "HSPC_747", "color": "#1f988b"}, {"cell_id": "HSPC_753", "color": "#433d84"}, {"cell_id": "HSPC_759", "color": "#453581"}, {"cell_id": "LT-HSC_195", "color": "#440154"}, {"cell_id": "HSPC_723", "color": "#433d84"}, {"cell_id": "HSPC_730", "color": "#404688"}, {"cell_id": "HSPC_736", "color": "#482173"}, {"cell_id": "HSPC_742", "color": "#46307e"}, {"cell_id": "HSPC_748", "color": "#440154"}, {"cell_id": "HSPC_760", "color": "#440154"}, {"cell_id": "HSPC_724", "color": "#443b84"}, {"cell_id": "HSPC_731", "color": "#2ab07f"}, {"cell_id": "HSPC_737", "color": "#3e4c8a"}, {"cell_id": "HSPC_743", "color": "#440154"}, {"cell_id": "HSPC_749", "color": "#35b779"}, {"cell_id": "HSPC_755", "color": "#472f7d"}, {"cell_id": "HSPC_761", "color": "#481467"}, {"cell_id": "LT-HSC_197", "color": "#440154"}, {"cell_id": "HSPC_725", "color": "#2f6b8e"}, {"cell_id": "HSPC_732", "color": "#3e4989"}, {"cell_id": "HSPC_738", "color": "#3e4a89"}, {"cell_id": "HSPC_744", "color": "#46337f"}, {"cell_id": "HSPC_750", "color": "#440154"}, {"cell_id": "HSPC_756", "color": "#414287"}, {"cell_id": "HSPC_762", "color": "#443b84"}, {"cell_id": "LT-HSC_198", "color": "#440154"}, {"cell_id": "Prog_727", "color": "#24aa83"}, {"cell_id": "Prog_733", "color": "#3f4788"}, {"cell_id": "Prog_739", "color": "#482475"}, {"cell_id": "Prog_745", "color": "#3e4989"}, {"cell_id": "Prog_751", "color": "#81d34d"}, {"cell_id": "Prog_757", "color": "#2ab07f"}, {"cell_id": "Prog_721", "color": "#93d741"}, {"cell_id": "Prog_728", "color": "#21a685"}, {"cell_id": "Prog_734", "color": "#81d34d"}, {"cell_id": "Prog_740", "color": "#5ec962"}, {"cell_id": "Prog_746", "color": "#c8e020"}, {"cell_id": "Prog_752", "color": "#482173"}, {"cell_id": "Prog_758", "color": "#70cf57"}, {"cell_id": "LT-HSC_200", "color": "#3e4c8a"}, {"cell_id": "Prog_722", "color": "#28ae80"}, {"cell_id": "Prog_729", "color": "#481f70"}, {"cell_id": "Prog_735", "color": "#31b57b"}, {"cell_id": "Prog_747", "color": "#453581"}, {"cell_id": "Prog_753", "color": "#1f968b"}, {"cell_id": "Prog_759", "color": "#440154"}, {"cell_id": "LT-HSC_201", "color": "#472d7b"}, {"cell_id": "Prog_723", "color": "#3fbc73"}, {"cell_id": "Prog_730", "color": "#addc30"}, {"cell_id": "Prog_736", "color": "#460b5e"}, {"cell_id": "Prog_748", "color": "#32648e"}, {"cell_id": "Prog_754", "color": "#1fa088"}, {"cell_id": "Prog_760", "color": "#472f7d"}, {"cell_id": "Prog_724", "color": "#482374"}, {"cell_id": "Prog_731", "color": "#bddf26"}, {"cell_id": "Prog_737", "color": "#355f8d"}, {"cell_id": "Prog_743", "color": "#31b57b"}, {"cell_id": "Prog_749", "color": "#1f998a"}, {"cell_id": "Prog_761", "color": "#67cc5c"}, {"cell_id": "Prog_725", "color": "#375a8c"}, {"cell_id": "Prog_732", "color": "#1f948c"}, {"cell_id": "Prog_738", "color": "#24868e"}, {"cell_id": "Prog_744", "color": "#3e4989"}, {"cell_id": "Prog_750", "color": "#3a548c"}, {"cell_id": "Prog_756", "color": "#472d7b"}, {"cell_id": "Prog_762", "color": "#433d84"}, {"cell_id": "LT-HSC_204", "color": "#482576"}, {"cell_id": "Prog_726", "color": "#472c7a"}, {"cell_id": "HSPC_769", "color": "#440154"}, {"cell_id": "HSPC_781", "color": "#453882"}, {"cell_id": "HSPC_787", "color": "#375a8c"}, {"cell_id": "HSPC_799", "color": "#3f4889"}, {"cell_id": "HSPC_770", "color": "#440154"}, {"cell_id": "HSPC_776", "color": "#375b8d"}, {"cell_id": "HSPC_782", "color": "#440154"}, {"cell_id": "HSPC_788", "color": "#440154"}, {"cell_id": "HSPC_794", "color": "#482071"}, {"cell_id": "HSPC_800", "color": "#25ac82"}, {"cell_id": "LT-HSC_206", "color": "#440154"}, {"cell_id": "HSPC_764", "color": "#443b84"}, {"cell_id": "HSPC_771", "color": "#3bbb75"}, {"cell_id": "HSPC_777", "color": "#440154"}, {"cell_id": "HSPC_783", "color": "#404688"}, {"cell_id": "HSPC_789", "color": "#440154"}, {"cell_id": "HSPC_795", "color": "#482576"}, {"cell_id": "HSPC_801", "color": "#365d8d"}, {"cell_id": "LT-HSC_207", "color": "#440154"}, {"cell_id": "HSPC_765", "color": "#3c4f8a"}, {"cell_id": "HSPC_772", "color": "#433d84"}, {"cell_id": "HSPC_778", "color": "#443983"}, {"cell_id": "HSPC_784", "color": "#3f4889"}, {"cell_id": "HSPC_790", "color": "#482979"}, {"cell_id": "HSPC_796", "color": "#44bf70"}, {"cell_id": "HSPC_802", "color": "#3e4c8a"}, {"cell_id": "LT-HSC_208", "color": "#440154"}, {"cell_id": "HSPC_766", "color": "#481c6e"}, {"cell_id": "HSPC_773", "color": "#433d84"}, {"cell_id": "HSPC_785", "color": "#472c7a"}, {"cell_id": "HSPC_791", "color": "#34618d"}, {"cell_id": "HSPC_797", "color": "#482677"}, {"cell_id": "HSPC_803", "color": "#3f4788"}, {"cell_id": "HSPC_767", "color": "#482071"}, {"cell_id": "HSPC_774", "color": "#443a83"}, {"cell_id": "HSPC_780", "color": "#46337f"}, {"cell_id": "HSPC_786", "color": "#481f70"}, {"cell_id": "HSPC_798", "color": "#39558c"}, {"cell_id": "HSPC_804", "color": "#38b977"}, {"cell_id": "LT-HSC_210", "color": "#440154"}, {"cell_id": "HSPC_768", "color": "#46307e"}, {"cell_id": "Prog_769", "color": "#26ad81"}, {"cell_id": "Prog_775", "color": "#433d84"}, {"cell_id": "Prog_781", "color": "#481f70"}, {"cell_id": "Prog_787", "color": "#20a386"}, {"cell_id": "Prog_793", "color": "#27ad81"}, {"cell_id": "Prog_799", "color": "#23a983"}, {"cell_id": "LT-HSC_211", "color": "#482878"}, {"cell_id": "Prog_763", "color": "#471365"}, {"cell_id": "Prog_770", "color": "#5ac864"}, {"cell_id": "Prog_776", "color": "#2ab07f"}, {"cell_id": "Prog_782", "color": "#424086"}, {"cell_id": "Prog_788", "color": "#67cc5c"}, {"cell_id": "Prog_794", "color": "#93d741"}, {"cell_id": "Prog_800", "color": "#424186"}, {"cell_id": "LT-HSC_212", "color": "#482475"}, {"cell_id": "Prog_764", "color": "#3e4c8a"}, {"cell_id": "Prog_771", "color": "#73d056"}, {"cell_id": "Prog_777", "color": "#4ac16d"}, {"cell_id": "Prog_783", "color": "#a2da37"}, {"cell_id": "Prog_789", "color": "#21918c"}, {"cell_id": "Prog_795", "color": "#42be71"}, {"cell_id": "Prog_801", "color": "#472d7b"}, {"cell_id": "LT-HSC_213", "color": "#3e4a89"}, {"cell_id": "Prog_765", "color": "#472d7b"}, {"cell_id": "Prog_772", "color": "#472e7c"}, {"cell_id": "Prog_778", "color": "#23a983"}, {"cell_id": "Prog_784", "color": "#440154"}, {"cell_id": "Prog_790", "color": "#a2da37"}, {"cell_id": "Prog_796", "color": "#39558c"}, {"cell_id": "Prog_802", "color": "#77d153"}, {"cell_id": "LT-HSC_214", "color": "#453781"}, {"cell_id": "Prog_779", "color": "#1f958b"}, {"cell_id": "Prog_785", "color": "#84d44b"}, {"cell_id": "Prog_791", "color": "#33638d"}, {"cell_id": "Prog_797", "color": "#34608d"}, {"cell_id": "Prog_803", "color": "#75d054"}, {"cell_id": "LT-HSC_215", "color": "#481668"}, {"cell_id": "Prog_767", "color": "#6ccd5a"}, {"cell_id": "Prog_774", "color": "#404588"}, {"cell_id": "Prog_780", "color": "#3fbc73"}, {"cell_id": "Prog_786", "color": "#54c568"}, {"cell_id": "Prog_792", "color": "#24aa83"}, {"cell_id": "Prog_798", "color": "#1f958b"}, {"cell_id": "Prog_804", "color": "#35b779"}, {"cell_id": "LT-HSC_216", "color": "#6ccd5a"}, {"cell_id": "Prog_768", "color": "#443983"}, {"cell_id": "HSPC_835", "color": "#440154"}, {"cell_id": "HSPC_841", "color": "#355e8d"}, {"cell_id": "HSPC_812", "color": "#443a83"}, {"cell_id": "HSPC_818", "color": "#472a7a"}, {"cell_id": "HSPC_824", "color": "#46307e"}, {"cell_id": "HSPC_836", "color": "#2f6c8e"}, {"cell_id": "HSPC_842", "color": "#365d8d"}, {"cell_id": "HSPC_848", "color": "#433d84"}, {"cell_id": "HSPC_806", "color": "#365c8d"}, {"cell_id": "HSPC_813", "color": "#46327e"}, {"cell_id": "HSPC_819", "color": "#32658e"}, {"cell_id": "HSPC_825", "color": "#3e4c8a"}, {"cell_id": "HSPC_831", "color": "#39568c"}, {"cell_id": "HSPC_837", "color": "#453781"}, {"cell_id": "HSPC_843", "color": "#440154"}, {"cell_id": "HSPC_849", "color": "#424086"}, {"cell_id": "HSPC_807", "color": "#481668"}, {"cell_id": "HSPC_814", "color": "#3aba76"}, {"cell_id": "HSPC_820", "color": "#482677"}, {"cell_id": "HSPC_826", "color": "#3d4e8a"}, {"cell_id": "HSPC_832", "color": "#472d7b"}, {"cell_id": "HSPC_838", "color": "#472a7a"}, {"cell_id": "HSPC_844", "color": "#472a7a"}, {"cell_id": "HSPC_808", "color": "#482173"}, {"cell_id": "HSPC_815", "color": "#365c8d"}, {"cell_id": "HSPC_821", "color": "#482173"}, {"cell_id": "HSPC_827", "color": "#472c7a"}, {"cell_id": "HSPC_833", "color": "#481668"}, {"cell_id": "HSPC_839", "color": "#34608d"}, {"cell_id": "HSPC_845", "color": "#38598c"}, {"cell_id": "HSPC_851", "color": "#2f6b8e"}, {"cell_id": "HSPC_809", "color": "#440154"}, {"cell_id": "HSPC_816", "color": "#306a8e"}, {"cell_id": "HSPC_822", "color": "#453781"}, {"cell_id": "HSPC_828", "color": "#3f4889"}, {"cell_id": "HSPC_834", "color": "#453581"}, {"cell_id": "HSPC_840", "color": "#3f4889"}, {"cell_id": "HSPC_846", "color": "#440154"}, {"cell_id": "HSPC_852", "color": "#472d7b"}, {"cell_id": "HSPC_810", "color": "#21908d"}, {"cell_id": "Prog_811", "color": "#b8de29"}, {"cell_id": "Prog_817", "color": "#424086"}, {"cell_id": "Prog_823", "color": "#37b878"}, {"cell_id": "Prog_829", "color": "#26ad81"}, {"cell_id": "Prog_835", "color": "#86d549"}, {"cell_id": "Prog_841", "color": "#a8db34"}, {"cell_id": "Prog_847", "color": "#37b878"}, {"cell_id": "Prog_805", "color": "#3dbc74"}, {"cell_id": "Prog_812", "color": "#6ece58"}, {"cell_id": "Prog_818", "color": "#7ad151"}, {"cell_id": "Prog_824", "color": "#463480"}, {"cell_id": "Prog_830", "color": "#6ece58"}, {"cell_id": "Prog_836", "color": "#482071"}, {"cell_id": "Prog_842", "color": "#9bd93c"}, {"cell_id": "Prog_848", "color": "#54c568"}, {"cell_id": "Prog_806", "color": "#73d056"}, {"cell_id": "Prog_813", "color": "#84d44b"}, {"cell_id": "Prog_819", "color": "#52c569"}, {"cell_id": "Prog_825", "color": "#95d840"}, {"cell_id": "Prog_831", "color": "#84d44b"}, {"cell_id": "Prog_837", "color": "#a0da39"}, {"cell_id": "Prog_843", "color": "#3c508b"}, {"cell_id": "Prog_849", "color": "#2c728e"}, {"cell_id": "Prog_807", "color": "#b0dd2f"}, {"cell_id": "Prog_814", "color": "#8bd646"}, {"cell_id": "Prog_820", "color": "#25ac82"}, {"cell_id": "Prog_826", "color": "#7fd34e"}, {"cell_id": "Prog_832", "color": "#3b518b"}, {"cell_id": "Prog_838", "color": "#77d153"}, {"cell_id": "Prog_844", "color": "#9dd93b"}, {"cell_id": "Prog_850", "color": "#b8de29"}, {"cell_id": "Prog_808", "color": "#2ab07f"}, {"cell_id": "Prog_815", "color": "#c0df25"}, {"cell_id": "Prog_821", "color": "#50c46a"}, {"cell_id": "Prog_827", "color": "#37b878"}, {"cell_id": "Prog_833", "color": "#443983"}, {"cell_id": "Prog_839", "color": "#70cf57"}, {"cell_id": "Prog_845", "color": "#20a386"}, {"cell_id": "Prog_851", "color": "#90d743"}, {"cell_id": "Prog_809", "color": "#443b84"}, {"cell_id": "Prog_816", "color": "#90d743"}, {"cell_id": "Prog_822", "color": "#8ed645"}, {"cell_id": "Prog_828", "color": "#58c765"}, {"cell_id": "Prog_834", "color": "#20928c"}, {"cell_id": "Prog_840", "color": "#20938c"}, {"cell_id": "Prog_846", "color": "#3d4e8a"}, {"cell_id": "Prog_852", "color": "#6ccd5a"}, {"cell_id": "Prog_810", "color": "#33628d"}]