[{"cell_id": "HSPC_025", "color": "#db6b55"}, {"cell_id": "HSPC_031", "color": "#d35a4a"}, {"cell_id": "HSPC_037", "color": "#a81529"}, {"cell_id": "LT-HSC_001", "color": "#dc6e57"}, {"cell_id": "HSPC_001", "color": "#b61f2e"}, {"cell_id": "HSPC_008", "color": "#b72230"}, {"cell_id": "HSPC_014", "color": "#d86551"}, {"cell_id": "HSPC_020", "color": "#f19e7d"}, {"cell_id": "HSPC_026", "color": "#e27b62"}, {"cell_id": "HSPC_038", "color": "#59a1ca"}, {"cell_id": "LT-HSC_002", "color": "#d25849"}, {"cell_id": "HSPC_002", "color": "#9bc9e0"}, {"cell_id": "HSPC_009", "color": "#fcdecd"}, {"cell_id": "HSPC_015", "color": "#cb4942"}, {"cell_id": "HSPC_021", "color": "#bb2a34"}, {"cell_id": "HSPC_027", "color": "#fdd9c4"}, {"cell_id": "HSPC_033", "color": "#de735c"}, {"cell_id": "LT-HSC_003", "color": "#fcd5bf"}, {"cell_id": "HSPC_003", "color": "#a81529"}, {"cell_id": "HSPC_016", "color": "#db6b55"}, {"cell_id": "HSPC_022", "color": "#f7b99c"}, {"cell_id": "HSPC_028", "color": "#15508d"}, {"cell_id": "HSPC_034", "color": "#e98b6e"}, {"cell_id": "HSPC_040", "color": "#d6604d"}, {"cell_id": "LT-HSC_004", "color": "#e17860"}, {"cell_id": "HSPC_004", "color": "#fcd5bf"}, {"cell_id": "HSPC_011", "color": "#a2cde3"}, {"cell_id": "HSPC_017", "color": "#d2e6f0"}, {"cell_id": "HSPC_023", "color": "#c6413e"}, {"cell_id": "HSPC_035", "color": "#df765e"}, {"cell_id": "HSPC_041", "color": "#f9efe9"}, {"cell_id": "HSPC_012", "color": "#e0ecf3"}, {"cell_id": "HSPC_018", "color": "#f5aa89"}, {"cell_id": "HSPC_024", "color": "#c53e3d"}, {"cell_id": "HSPC_030", "color": "#faeae1"}, {"cell_id": "HSPC_036", "color": "#da6853"}, {"cell_id": "HSPC_042", "color": "#d6604d"}, {"cell_id": "LT-HSC_006", "color": "#8dc2dc"}, {"cell_id": "HSPC_006", "color": "#68abd0"}, {"cell_id": "Prog_007", "color": "#67001f"}, {"cell_id": "Prog_013", "color": "#8d0c25"}, {"cell_id": "Prog_019", "color": "#67001f"}, {"cell_id": "Prog_025", "color": "#c0dceb"}, {"cell_id": "Prog_031", "color": "#4f9bc7"}, {"cell_id": "Prog_037", "color": "#f8f3f0"}, {"cell_id": "Prog_001", "color": "#67001f"}, {"cell_id": "Prog_008", "color": "#337eb8"}, {"cell_id": "Prog_014", "color": "#c2ddec"}, {"cell_id": "Prog_020", "color": "#faeae1"}, {"cell_id": "Prog_026", "color": "#7f0823"}, {"cell_id": "Prog_032", "color": "#246aae"}, {"cell_id": "Prog_038", "color": "#edf2f5"}, {"cell_id": "Prog_002", "color": "#4f9bc7"}, {"cell_id": "Prog_009", "color": "#1c5c9f"}, {"cell_id": "Prog_015", "color": "#f7b799"}, {"cell_id": "Prog_021", "color": "#195696"}, {"cell_id": "Prog_027", "color": "#175290"}, {"cell_id": "Prog_033", "color": "#3885bc"}, {"cell_id": "Prog_039", "color": "#327cb7"}, {"cell_id": "LT-HSC_009", "color": "#cf5246"}, {"cell_id": "Prog_003", "color": "#185493"}, {"cell_id": "Prog_010", "color": "#c6413e"}, {"cell_id": "Prog_016", "color": "#e0ecf3"}, {"cell_id": "Prog_022", "color": "#053061"}, {"cell_id": "Prog_028", "color": "#f8f4f2"}, {"cell_id": "Prog_040", "color": "#be3036"}, {"cell_id": "LT-HSC_010", "color": "#053061"}, {"cell_id": "Prog_004", "color": "#4997c5"}, {"cell_id": "Prog_011", "color": "#b8d8e9"}, {"cell_id": "Prog_017", "color": "#67001f"}, {"cell_id": "Prog_023", "color": "#2369ad"}, {"cell_id": "Prog_029", "color": "#90c4dd"}, {"cell_id": "Prog_035", "color": "#2b73b3"}, {"cell_id": "LT-HSC_012", "color": "#f09c7b"}, {"cell_id": "Prog_012", "color": "#dc6e57"}, {"cell_id": "Prog_018", "color": "#cae1ee"}, {"cell_id": "Prog_024", "color": "#a2cde3"}, {"cell_id": "Prog_030", "color": "#2065ab"}, {"cell_id": "Prog_036", "color": "#eff3f5"}, {"cell_id": "Prog_042", "color": "#62a7ce"}, {"cell_id": "Prog_006", "color": "#276eb0"}, {"cell_id": "HSPC_049", "color": "#f8bb9e"}, {"cell_id": "HSPC_055", "color": "#e48066"}, {"cell_id": "HSPC_061", "color": "#960f27"}, {"cell_id": "HSPC_067", "color": "#8a0b25"}, {"cell_id": "HSPC_073", "color": "#f7b596"}, {"cell_id": "HSPC_079", "color": "#f9c6ac"}, {"cell_id": "LT-HSC_013", "color": "#c53e3d"}, {"cell_id": "HSPC_043", "color": "#a51429"}, {"cell_id": "HSPC_050", "color": "#edf2f5"}, {"cell_id": "HSPC_056", "color": "#fce0d0"}, {"cell_id": "HSPC_062", "color": "#f7b99c"}, {"cell_id": "HSPC_068", "color": "#f09c7b"}, {"cell_id": "HSPC_074", "color": "#a81529"}, {"cell_id": "HSPC_080", "color": "#cc4c44"}, {"cell_id": "LT-HSC_014", "color": "#f8f4f2"}, {"cell_id": "HSPC_044", "color": "#67001f"}, {"cell_id": "HSPC_051", "color": "#a81529"}, {"cell_id": "HSPC_057", "color": "#f9ebe3"}, {"cell_id": "HSPC_063", "color": "#67001f"}, {"cell_id": "HSPC_069", "color": "#f9c2a7"}, {"cell_id": "HSPC_075", "color": "#e27b62"}, {"cell_id": "HSPC_081", "color": "#d7634f"}, {"cell_id": "LT-HSC_015", "color": "#c5dfec"}, {"cell_id": "HSPC_045", "color": "#fbe4d6"}, {"cell_id": "HSPC_052", "color": "#67001f"}, {"cell_id": "HSPC_058", "color": "#d55d4c"}, {"cell_id": "HSPC_064", "color": "#fbe3d4"}, {"cell_id": "HSPC_070", "color": "#f8bda1"}, {"cell_id": "HSPC_076", "color": "#b3192c"}, {"cell_id": "HSPC_082", "color": "#c53e3d"}, {"cell_id": "LT-HSC_016", "color": "#71b0d3"}, {"cell_id": "HSPC_046", "color": "#f3a481"}, {"cell_id": "HSPC_053", "color": "#d55d4c"}, {"cell_id": "HSPC_065", "color": "#d55d4c"}, {"cell_id": "HSPC_071", "color": "#f5aa89"}, {"cell_id": "HSPC_077", "color": "#e27b62"}, {"cell_id": "HSPC_083", "color": "#da6853"}, {"cell_id": "LT-HSC_017", "color": "#b41c2d"}, {"cell_id": "HSPC_047", "color": "#e48066"}, {"cell_id": "HSPC_054", "color": "#e98b6e"}, {"cell_id": "HSPC_060", "color": "#ae172a"}, {"cell_id": "HSPC_066", "color": "#f4a683"}, {"cell_id": "HSPC_072", "color": "#67001f"}, {"cell_id": "HSPC_078", "color": "#fdd9c4"}, {"cell_id": "HSPC_084", "color": "#b82531"}, {"cell_id": "LT-HSC_018", "color": "#cc4c44"}, {"cell_id": "HSPC_048", "color": "#e6866a"}, {"cell_id": "Prog_049", "color": "#aed3e6"}, {"cell_id": "Prog_055", "color": "#67001f"}, {"cell_id": "Prog_061", "color": "#81bad8"}, {"cell_id": "Prog_067", "color": "#a5cee3"}, {"cell_id": "Prog_073", "color": "#e27b62"}, {"cell_id": "Prog_079", "color": "#408fc1"}, {"cell_id": "Prog_043", "color": "#68abd0"}, {"cell_id": "Prog_050", "color": "#67001f"}, {"cell_id": "Prog_056", "color": "#84bcd9"}, {"cell_id": "Prog_062", "color": "#d5e7f1"}, {"cell_id": "Prog_068", "color": "#ce4f45"}, {"cell_id": "Prog_074", "color": "#fcdecd"}, {"cell_id": "Prog_080", "color": "#67001f"}, {"cell_id": "LT-HSC_020", "color": "#cce2ef"}, {"cell_id": "Prog_044", "color": "#67001f"}, {"cell_id": "Prog_051", "color": "#e7f0f4"}, {"cell_id": "Prog_057", "color": "#67001f"}, {"cell_id": "Prog_063", "color": "#67001f"}, {"cell_id": "Prog_069", "color": "#569fc9"}, {"cell_id": "Prog_075", "color": "#67001f"}, {"cell_id": "Prog_081", "color": "#71b0d3"}, {"cell_id": "LT-HSC_021", "color": "#ce4f45"}, {"cell_id": "Prog_045", "color": "#b6d7e8"}, {"cell_id": "Prog_052", "color": "#67001f"}, {"cell_id": "Prog_058", "color": "#d4e6f1"}, {"cell_id": "Prog_064", "color": "#93c6de"}, {"cell_id": "Prog_070", "color": "#991027"}, {"cell_id": "Prog_076", "color": "#9bc9e0"}, {"cell_id": "Prog_082", "color": "#4393c3"}, {"cell_id": "LT-HSC_022", "color": "#9dcbe1"}, {"cell_id": "Prog_046", "color": "#8dc2dc"}, {"cell_id": "Prog_053", "color": "#e1edf3"}, {"cell_id": "Prog_059", "color": "#cae1ee"}, {"cell_id": "Prog_065", "color": "#67001f"}, {"cell_id": "Prog_071", "color": "#a9d1e5"}, {"cell_id": "Prog_077", "color": "#dbeaf2"}, {"cell_id": "Prog_083", "color": "#7f0823"}, {"cell_id": "LT-HSC_023", "color": "#eb9172"}, {"cell_id": "Prog_047", "color": "#67001f"}, {"cell_id": "LT-HSC_024", "color": "#2b73b3"}, {"cell_id": "Prog_060", "color": "#fae9df"}, {"cell_id": "Prog_066", "color": "#bf3338"}, {"cell_id": "Prog_072", "color": "#408fc1"}, {"cell_id": "Prog_078", "color": "#4c99c6"}, {"cell_id": "Prog_084", "color": "#e4eef4"}, {"cell_id": "Prog_048", "color": "#fbceb7"}, {"cell_id": "HSPC_103", "color": "#ab162a"}, {"cell_id": "HSPC_109", "color": "#a7d0e4"}, {"cell_id": "HSPC_115", "color": "#c94741"}, {"cell_id": "HSPC_121", "color": "#cc4c44"}, {"cell_id": "HSPC_085", "color": "#930e26"}, {"cell_id": "HSPC_098", "color": "#f09c7b"}, {"cell_id": "HSPC_104", "color": "#c94741"}, {"cell_id": "HSPC_110", "color": "#fbceb7"}, {"cell_id": "HSPC_122", "color": "#7c0722"}, {"cell_id": "LT-HSC_026", "color": "#62a7ce"}, {"cell_id": "HSPC_099", "color": "#fbccb4"}, {"cell_id": "HSPC_105", "color": "#cce2ef"}, {"cell_id": "HSPC_111", "color": "#a2cde3"}, {"cell_id": "HSPC_117", "color": "#acd2e5"}, {"cell_id": "HSPC_123", "color": "#a21328"}, {"cell_id": "HSPC_087", "color": "#eb9172"}, {"cell_id": "HSPC_094", "color": "#dd7059"}, {"cell_id": "HSPC_100", "color": "#a81529"}, {"cell_id": "HSPC_106", "color": "#cb4942"}, {"cell_id": "HSPC_118", "color": "#c84440"}, {"cell_id": "LT-HSC_028", "color": "#9c1127"}, {"cell_id": "HSPC_088", "color": "#a21328"}, {"cell_id": "HSPC_095", "color": "#d55d4c"}, {"cell_id": "HSPC_101", "color": "#fae7dc"}, {"cell_id": "HSPC_107", "color": "#c43b3c"}, {"cell_id": "HSPC_119", "color": "#c6413e"}, {"cell_id": "HSPC_125", "color": "#d55d4c"}, {"cell_id": "HSPC_089", "color": "#ce4f45"}, {"cell_id": "HSPC_096", "color": "#71b0d3"}, {"cell_id": "HSPC_102", "color": "#67001f"}, {"cell_id": "HSPC_108", "color": "#dc6e57"}, {"cell_id": "HSPC_114", "color": "#f4a683"}, {"cell_id": "HSPC_120", "color": "#b8d8e9"}, {"cell_id": "HSPC_126", "color": "#b41c2d"}, {"cell_id": "HSPC_090", "color": "#ce4f45"}, {"cell_id": "Prog_091", "color": "#edf2f5"}, {"cell_id": "Prog_097", "color": "#67001f"}, {"cell_id": "Prog_103", "color": "#9dcbe1"}, {"cell_id": "Prog_109", "color": "#67001f"}, {"cell_id": "Prog_115", "color": "#c2ddec"}, {"cell_id": "LT-HSC_031", "color": "#fac8af"}, {"cell_id": "Prog_085", "color": "#c0dceb"}, {"cell_id": "Prog_092", "color": "#337eb8"}, {"cell_id": "Prog_098", "color": "#fcd7c2"}, {"cell_id": "Prog_110", "color": "#3c8abe"}, {"cell_id": "Prog_116", "color": "#840924"}, {"cell_id": "Prog_122", "color": "#f8f4f2"}, {"cell_id": "LT-HSC_032", "color": "#15508d"}, {"cell_id": "Prog_093", "color": "#a0cce2"}, {"cell_id": "Prog_099", "color": "#b8d8e9"}, {"cell_id": "Prog_105", "color": "#67001f"}, {"cell_id": "Prog_111", "color": "#e0ecf3"}, {"cell_id": "Prog_117", "color": "#67001f"}, {"cell_id": "Prog_123", "color": "#67001f"}, {"cell_id": "LT-HSC_033", "color": "#dbeaf2"}, {"cell_id": "Prog_087", "color": "#67001f"}, {"cell_id": "Prog_094", "color": "#68abd0"}, {"cell_id": "Prog_100", "color": "#b3d6e8"}, {"cell_id": "Prog_106", "color": "#facab1"}, {"cell_id": "Prog_112", "color": "#c2ddec"}, {"cell_id": "Prog_118", "color": "#67001f"}, {"cell_id": "Prog_124", "color": "#67001f"}, {"cell_id": "LT-HSC_034", "color": "#d7634f"}, {"cell_id": "Prog_088", "color": "#6a011f"}, {"cell_id": "Prog_095", "color": "#3480b9"}, {"cell_id": "Prog_101", "color": "#67001f"}, {"cell_id": "Prog_107", "color": "#3a87bd"}, {"cell_id": "Prog_113", "color": "#a21328"}, {"cell_id": "Prog_119", "color": "#5ca3cb"}, {"cell_id": "Prog_125", "color": "#a7d0e4"}, {"cell_id": "Prog_089", "color": "#a0cce2"}, {"cell_id": "LT-HSC_036", "color": "#c13639"}, {"cell_id": "Prog_096", "color": "#a9d1e5"}, {"cell_id": "Prog_102", "color": "#eaf1f5"}, {"cell_id": "Prog_108", "color": "#67001f"}, {"cell_id": "Prog_114", "color": "#f2f5f6"}, {"cell_id": "Prog_120", "color": "#a7d0e4"}, {"cell_id": "Prog_126", "color": "#9bc9e0"}, {"cell_id": "Prog_090", "color": "#59a1ca"}, {"cell_id": "HSPC_133", "color": "#cf5246"}, {"cell_id": "HSPC_139", "color": "#ce4f45"}, {"cell_id": "HSPC_151", "color": "#960f27"}, {"cell_id": "HSPC_157", "color": "#67001f"}, {"cell_id": "HSPC_127", "color": "#f9eee7"}, {"cell_id": "HSPC_134", "color": "#bf3338"}, {"cell_id": "HSPC_140", "color": "#c43b3c"}, {"cell_id": "HSPC_146", "color": "#d86551"}, {"cell_id": "HSPC_152", "color": "#ce4f45"}, {"cell_id": "HSPC_158", "color": "#c94741"}, {"cell_id": "HSPC_164", "color": "#bd2d35"}, {"cell_id": "HSPC_135", "color": "#f6b394"}, {"cell_id": "HSPC_141", "color": "#f19e7d"}, {"cell_id": "HSPC_153", "color": "#f0f4f6"}, {"cell_id": "HSPC_159", "color": "#d86551"}, {"cell_id": "HSPC_165", "color": "#faeae1"}, {"cell_id": "LT-HSC_039", "color": "#fbceb7"}, {"cell_id": "HSPC_136", "color": "#cb4942"}, {"cell_id": "HSPC_142", "color": "#d05548"}, {"cell_id": "HSPC_148", "color": "#e8896c"}, {"cell_id": "HSPC_154", "color": "#a0cce2"}, {"cell_id": "HSPC_166", "color": "#053061"}, {"cell_id": "LT-HSC_040", "color": "#cae1ee"}, {"cell_id": "HSPC_130", "color": "#c13639"}, {"cell_id": "HSPC_143", "color": "#f8f1ed"}, {"cell_id": "HSPC_149", "color": "#e6866a"}, {"cell_id": "HSPC_155", "color": "#d25849"}, {"cell_id": "HSPC_161", "color": "#eb9172"}, {"cell_id": "LT-HSC_041", "color": "#e8896c"}, {"cell_id": "HSPC_131", "color": "#cc4c44"}, {"cell_id": "HSPC_138", "color": "#d7634f"}, {"cell_id": "HSPC_144", "color": "#a7d0e4"}, {"cell_id": "HSPC_156", "color": "#4997c5"}, {"cell_id": "HSPC_162", "color": "#c6413e"}, {"cell_id": "HSPC_168", "color": "#fae8de"}, {"cell_id": "HSPC_132", "color": "#e6866a"}, {"cell_id": "Prog_133", "color": "#67001f"}, {"cell_id": "Prog_139", "color": "#c5dfec"}, {"cell_id": "Prog_145", "color": "#facab1"}, {"cell_id": "Prog_151", "color": "#6d0220"}, {"cell_id": "Prog_157", "color": "#f6b394"}, {"cell_id": "Prog_163", "color": "#337eb8"}, {"cell_id": "LT-HSC_043", "color": "#facab1"}, {"cell_id": "Prog_127", "color": "#eff3f5"}, {"cell_id": "Prog_134", "color": "#fae9df"}, {"cell_id": "Prog_140", "color": "#78b4d5"}, {"cell_id": "Prog_146", "color": "#67001f"}, {"cell_id": "Prog_152", "color": "#fcd3bc"}, {"cell_id": "Prog_158", "color": "#d5e7f1"}, {"cell_id": "LT-HSC_044", "color": "#c5dfec"}, {"cell_id": "Prog_128", "color": "#67001f"}, {"cell_id": "Prog_135", "color": "#b1182b"}, {"cell_id": "Prog_141", "color": "#67001f"}, {"cell_id": "Prog_153", "color": "#9dcbe1"}, {"cell_id": "Prog_159", "color": "#f0f4f6"}, {"cell_id": "Prog_165", "color": "#f8f2ef"}, {"cell_id": "LT-HSC_045", "color": "#fbe6da"}, {"cell_id": "Prog_129", "color": "#67001f"}, {"cell_id": "Prog_136", "color": "#67001f"}, {"cell_id": "Prog_142", "color": "#ab162a"}, {"cell_id": "Prog_154", "color": "#b3d6e8"}, {"cell_id": "Prog_160", "color": "#f7f5f4"}, {"cell_id": "Prog_166", "color": "#90c4dd"}, {"cell_id": "LT-HSC_046", "color": "#cce2ef"}, {"cell_id": "Prog_130", "color": "#67001f"}, {"cell_id": "Prog_137", "color": "#96c7df"}, {"cell_id": "Prog_143", "color": "#acd2e5"}, {"cell_id": "Prog_149", "color": "#f9ebe3"}, {"cell_id": "Prog_155", "color": "#ba2832"}, {"cell_id": "Prog_161", "color": "#f2f5f6"}, {"cell_id": "Prog_167", "color": "#a81529"}, {"cell_id": "Prog_131", "color": "#e9f0f4"}, {"cell_id": "Prog_138", "color": "#fdd9c4"}, {"cell_id": "Prog_144", "color": "#790622"}, {"cell_id": "Prog_156", "color": "#67001f"}, {"cell_id": "Prog_162", "color": "#67001f"}, {"cell_id": "Prog_168", "color": "#fbd0b9"}, {"cell_id": "Prog_132", "color": "#b72230"}, {"cell_id": "HSPC_175", "color": "#fbccb4"}, {"cell_id": "HSPC_181", "color": "#c53e3d"}, {"cell_id": "HSPC_187", "color": "#f7b99c"}, {"cell_id": "HSPC_193", "color": "#bd2d35"}, {"cell_id": "HSPC_199", "color": "#cf5246"}, {"cell_id": "HSPC_205", "color": "#fddcc9"}, {"cell_id": "LT-HSC_049", "color": "#408fc1"}, {"cell_id": "HSPC_169", "color": "#d25849"}, {"cell_id": "HSPC_176", "color": "#cf5246"}, {"cell_id": "HSPC_182", "color": "#f6af8e"}, {"cell_id": "HSPC_200", "color": "#e17860"}, {"cell_id": "HSPC_206", "color": "#960f27"}, {"cell_id": "LT-HSC_050", "color": "#fcdfcf"}, {"cell_id": "HSPC_170", "color": "#c7e0ed"}, {"cell_id": "HSPC_177", "color": "#b61f2e"}, {"cell_id": "HSPC_183", "color": "#d05548"}, {"cell_id": "HSPC_189", "color": "#e17860"}, {"cell_id": "HSPC_195", "color": "#f5ac8b"}, {"cell_id": "HSPC_207", "color": "#dd7059"}, {"cell_id": "LT-HSC_051", "color": "#fbe4d6"}, {"cell_id": "HSPC_171", "color": "#d05548"}, {"cell_id": "HSPC_178", "color": "#edf2f5"}, {"cell_id": "HSPC_190", "color": "#67001f"}, {"cell_id": "HSPC_196", "color": "#d25849"}, {"cell_id": "HSPC_202", "color": "#e98b6e"}, {"cell_id": "HSPC_208", "color": "#d2e6f0"}, {"cell_id": "LT-HSC_052", "color": "#f5ac8b"}, {"cell_id": "HSPC_172", "color": "#f4a683"}, {"cell_id": "HSPC_179", "color": "#cce2ef"}, {"cell_id": "HSPC_185", "color": "#e27b62"}, {"cell_id": "HSPC_191", "color": "#f5aa89"}, {"cell_id": "HSPC_203", "color": "#bf3338"}, {"cell_id": "HSPC_173", "color": "#a2cde3"}, {"cell_id": "HSPC_180", "color": "#fbceb7"}, {"cell_id": "HSPC_186", "color": "#edf2f5"}, {"cell_id": "HSPC_192", "color": "#f9efe9"}, {"cell_id": "HSPC_198", "color": "#eb9172"}, {"cell_id": "HSPC_204", "color": "#fdddcb"}, {"cell_id": "HSPC_210", "color": "#4f9bc7"}, {"cell_id": "LT-HSC_054", "color": "#fcdecd"}, {"cell_id": "HSPC_174", "color": "#de735c"}, {"cell_id": "Prog_187", "color": "#3e8cbf"}, {"cell_id": "Prog_193", "color": "#67001f"}, {"cell_id": "Prog_199", "color": "#bb2a34"}, {"cell_id": "Prog_205", "color": "#67001f"}, {"cell_id": "LT-HSC_055", "color": "#f7b99c"}, {"cell_id": "Prog_176", "color": "#790622"}, {"cell_id": "Prog_182", "color": "#dc6e57"}, {"cell_id": "Prog_188", "color": "#87beda"}, {"cell_id": "Prog_194", "color": "#569fc9"}, {"cell_id": "Prog_200", "color": "#f7b99c"}, {"cell_id": "Prog_206", "color": "#90c4dd"}, {"cell_id": "LT-HSC_056", "color": "#3b88be"}, {"cell_id": "Prog_170", "color": "#2c75b4"}, {"cell_id": "Prog_177", "color": "#d7e8f1"}, {"cell_id": "Prog_183", "color": "#67001f"}, {"cell_id": "Prog_189", "color": "#4291c2"}, {"cell_id": "Prog_195", "color": "#ae172a"}, {"cell_id": "Prog_201", "color": "#ef9979"}, {"cell_id": "Prog_207", "color": "#e6eff4"}, {"cell_id": "LT-HSC_057", "color": "#fdddcb"}, {"cell_id": "Prog_171", "color": "#408fc1"}, {"cell_id": "Prog_178", "color": "#deebf2"}, {"cell_id": "Prog_184", "color": "#67001f"}, {"cell_id": "Prog_190", "color": "#67001f"}, {"cell_id": "Prog_196", "color": "#4291c2"}, {"cell_id": "Prog_208", "color": "#87beda"}, {"cell_id": "LT-HSC_058", "color": "#fcd5bf"}, {"cell_id": "Prog_172", "color": "#b1d5e7"}, {"cell_id": "Prog_179", "color": "#67001f"}, {"cell_id": "Prog_185", "color": "#f2f5f6"}, {"cell_id": "Prog_191", "color": "#e17860"}, {"cell_id": "Prog_197", "color": "#730421"}, {"cell_id": "Prog_203", "color": "#67001f"}, {"cell_id": "Prog_209", "color": "#8ac0db"}, {"cell_id": "Prog_173", "color": "#67001f"}, {"cell_id": "LT-HSC_060", "color": "#f19e7d"}, {"cell_id": "Prog_180", "color": "#67001f"}, {"cell_id": "Prog_186", "color": "#67001f"}, {"cell_id": "Prog_204", "color": "#fddbc7"}, {"cell_id": "Prog_210", "color": "#408fc1"}, {"cell_id": "HSPC_223", "color": "#f5ac8b"}, {"cell_id": "HSPC_229", "color": "#df765e"}, {"cell_id": "HSPC_235", "color": "#fae9df"}, {"cell_id": "HSPC_247", "color": "#e8896c"}, {"cell_id": "HSPC_211", "color": "#f6b394"}, {"cell_id": "HSPC_218", "color": "#d05548"}, {"cell_id": "HSPC_224", "color": "#f6b394"}, {"cell_id": "HSPC_230", "color": "#f8f1ed"}, {"cell_id": "HSPC_236", "color": "#f4a683"}, {"cell_id": "HSPC_248", "color": "#ef9979"}, {"cell_id": "LT-HSC_062", "color": "#a5cee3"}, {"cell_id": "HSPC_212", "color": "#c13639"}, {"cell_id": "HSPC_219", "color": "#f4a683"}, {"cell_id": "HSPC_225", "color": "#df765e"}, {"cell_id": "HSPC_231", "color": "#ce4f45"}, {"cell_id": "HSPC_237", "color": "#cae1ee"}, {"cell_id": "HSPC_243", "color": "#e17860"}, {"cell_id": "HSPC_249", "color": "#e6eff4"}, {"cell_id": "LT-HSC_063", "color": "#3885bc"}, {"cell_id": "HSPC_213", "color": "#e17860"}, {"cell_id": "HSPC_220", "color": "#ee9677"}, {"cell_id": "HSPC_232", "color": "#a5cee3"}, {"cell_id": "HSPC_244", "color": "#e37e64"}, {"cell_id": "HSPC_250", "color": "#c53e3d"}, {"cell_id": "LT-HSC_064", "color": "#2e77b5"}, {"cell_id": "HSPC_214", "color": "#cb4942"}, {"cell_id": "HSPC_221", "color": "#f7b799"}, {"cell_id": "HSPC_227", "color": "#8dc2dc"}, {"cell_id": "HSPC_233", "color": "#bb2a34"}, {"cell_id": "HSPC_239", "color": "#d86551"}, {"cell_id": "HSPC_245", "color": "#f8bb9e"}, {"cell_id": "HSPC_251", "color": "#f9c6ac"}, {"cell_id": "LT-HSC_065", "color": "#d7634f"}, {"cell_id": "HSPC_215", "color": "#67001f"}, {"cell_id": "HSPC_222", "color": "#4f9bc7"}, {"cell_id": "HSPC_228", "color": "#be3036"}, {"cell_id": "HSPC_240", "color": "#d7634f"}, {"cell_id": "HSPC_246", "color": "#e17860"}, {"cell_id": "LT-HSC_066", "color": "#df765e"}, {"cell_id": "HSPC_216", "color": "#4c99c6"}, {"cell_id": "Prog_217", "color": "#1a5899"}, {"cell_id": "Prog_223", "color": "#f5ac8b"}, {"cell_id": "Prog_229", "color": "#3c8abe"}, {"cell_id": "Prog_235", "color": "#67001f"}, {"cell_id": "Prog_241", "color": "#fcdfcf"}, {"cell_id": "Prog_247", "color": "#b6d7e8"}, {"cell_id": "Prog_211", "color": "#8dc2dc"}, {"cell_id": "Prog_218", "color": "#f9c6ac"}, {"cell_id": "Prog_224", "color": "#6a011f"}, {"cell_id": "Prog_230", "color": "#930e26"}, {"cell_id": "Prog_236", "color": "#c5dfec"}, {"cell_id": "Prog_242", "color": "#fbe3d4"}, {"cell_id": "Prog_248", "color": "#67001f"}, {"cell_id": "LT-HSC_068", "color": "#da6853"}, {"cell_id": "Prog_212", "color": "#a9d1e5"}, {"cell_id": "Prog_225", "color": "#246aae"}, {"cell_id": "Prog_231", "color": "#e37e64"}, {"cell_id": "Prog_237", "color": "#90c4dd"}, {"cell_id": "Prog_243", "color": "#db6b55"}, {"cell_id": "Prog_249", "color": "#3e8cbf"}, {"cell_id": "LT-HSC_069", "color": "#e37e64"}, {"cell_id": "Prog_213", "color": "#71b0d3"}, {"cell_id": "Prog_226", "color": "#b3d6e8"}, {"cell_id": "Prog_232", "color": "#960f27"}, {"cell_id": "Prog_238", "color": "#67001f"}, {"cell_id": "Prog_244", "color": "#b61f2e"}, {"cell_id": "Prog_250", "color": "#e6eff4"}, {"cell_id": "LT-HSC_070", "color": "#eaf1f5"}, {"cell_id": "Prog_214", "color": "#67001f"}, {"cell_id": "Prog_221", "color": "#4997c5"}, {"cell_id": "Prog_227", "color": "#6bacd1"}, {"cell_id": "Prog_233", "color": "#a0cce2"}, {"cell_id": "Prog_239", "color": "#3c8abe"}, {"cell_id": "Prog_245", "color": "#67001f"}, {"cell_id": "LT-HSC_071", "color": "#c84440"}, {"cell_id": "Prog_215", "color": "#a5cee3"}, {"cell_id": "LT-HSC_072", "color": "#b41c2d"}, {"cell_id": "Prog_222", "color": "#3b88be"}, {"cell_id": "Prog_228", "color": "#ba2832"}, {"cell_id": "Prog_234", "color": "#960f27"}, {"cell_id": "Prog_240", "color": "#f7b799"}, {"cell_id": "Prog_246", "color": "#c84440"}, {"cell_id": "Prog_252", "color": "#67001f"}, {"cell_id": "Prog_216", "color": "#faeae1"}, {"cell_id": "HSPC_265", "color": "#f5aa89"}, {"cell_id": "HSPC_271", "color": "#fdddcb"}, {"cell_id": "HSPC_283", "color": "#fbd0b9"}, {"cell_id": "HSPC_289", "color": "#fddcc9"}, {"cell_id": "LT-HSC_073", "color": "#59a1ca"}, {"cell_id": "HSPC_253", "color": "#f2a17f"}, {"cell_id": "HSPC_266", "color": "#f6af8e"}, {"cell_id": "HSPC_278", "color": "#ee9677"}, {"cell_id": "HSPC_290", "color": "#cfe4ef"}, {"cell_id": "LT-HSC_074", "color": "#68abd0"}, {"cell_id": "HSPC_254", "color": "#f5ac8b"}, {"cell_id": "HSPC_261", "color": "#a51429"}, {"cell_id": "HSPC_267", "color": "#9dcbe1"}, {"cell_id": "HSPC_279", "color": "#9f1228"}, {"cell_id": "HSPC_285", "color": "#bd2d35"}, {"cell_id": "HSPC_291", "color": "#ea8e70"}, {"cell_id": "LT-HSC_075", "color": "#f9c6ac"}, {"cell_id": "HSPC_255", "color": "#c6413e"}, {"cell_id": "HSPC_268", "color": "#93c6de"}, {"cell_id": "HSPC_274", "color": "#fcdecd"}, {"cell_id": "HSPC_280", "color": "#c6413e"}, {"cell_id": "HSPC_286", "color": "#e58368"}, {"cell_id": "HSPC_292", "color": "#dd7059"}, {"cell_id": "LT-HSC_076", "color": "#f6af8e"}, {"cell_id": "HSPC_256", "color": "#a7d0e4"}, {"cell_id": "HSPC_263", "color": "#f3a481"}, {"cell_id": "HSPC_269", "color": "#e17860"}, {"cell_id": "HSPC_275", "color": "#fbe3d4"}, {"cell_id": "HSPC_281", "color": "#d4e6f1"}, {"cell_id": "HSPC_287", "color": "#c43b3c"}, {"cell_id": "HSPC_293", "color": "#fcd7c2"}, {"cell_id": "LT-HSC_077", "color": "#acd2e5"}, {"cell_id": "HSPC_257", "color": "#d25849"}, {"cell_id": "HSPC_264", "color": "#f9f0eb"}, {"cell_id": "HSPC_270", "color": "#df765e"}, {"cell_id": "HSPC_276", "color": "#d86551"}, {"cell_id": "HSPC_282", "color": "#c53e3d"}, {"cell_id": "HSPC_288", "color": "#7bb6d6"}, {"cell_id": "HSPC_294", "color": "#d25849"}, {"cell_id": "LT-HSC_078", "color": "#ce4f45"}, {"cell_id": "HSPC_258", "color": "#a2cde3"}, {"cell_id": "Prog_259", "color": "#fac8af"}, {"cell_id": "Prog_265", "color": "#8dc2dc"}, {"cell_id": "Prog_271", "color": "#7c0722"}, {"cell_id": "Prog_277", "color": "#68abd0"}, {"cell_id": "Prog_283", "color": "#67001f"}, {"cell_id": "Prog_289", "color": "#67001f"}, {"cell_id": "Prog_253", "color": "#acd2e5"}, {"cell_id": "Prog_260", "color": "#ba2832"}, {"cell_id": "Prog_266", "color": "#fdddcb"}, {"cell_id": "Prog_272", "color": "#6eaed2"}, {"cell_id": "Prog_278", "color": "#4f9bc7"}, {"cell_id": "Prog_284", "color": "#b3d6e8"}, {"cell_id": "Prog_290", "color": "#1d5fa2"}, {"cell_id": "LT-HSC_080", "color": "#d55d4c"}, {"cell_id": "Prog_254", "color": "#d1e5f0"}, {"cell_id": "Prog_261", "color": "#f8f3f0"}, {"cell_id": "Prog_267", "color": "#67001f"}, {"cell_id": "Prog_273", "color": "#67001f"}, {"cell_id": "Prog_279", "color": "#aed3e6"}, {"cell_id": "Prog_285", "color": "#dae9f2"}, {"cell_id": "Prog_291", "color": "#f8f3f0"}, {"cell_id": "LT-HSC_081", "color": "#f4a683"}, {"cell_id": "Prog_255", "color": "#67001f"}, {"cell_id": "Prog_262", "color": "#67001f"}, {"cell_id": "Prog_268", "color": "#b1182b"}, {"cell_id": "Prog_274", "color": "#cae1ee"}, {"cell_id": "Prog_280", "color": "#67001f"}, {"cell_id": "Prog_286", "color": "#a0cce2"}, {"cell_id": "Prog_292", "color": "#e27b62"}, {"cell_id": "LT-HSC_082", "color": "#c13639"}, {"cell_id": "Prog_256", "color": "#fbe5d8"}, {"cell_id": "Prog_263", "color": "#f19e7d"}, {"cell_id": "Prog_269", "color": "#62a7ce"}, {"cell_id": "Prog_275", "color": "#d1e5f0"}, {"cell_id": "Prog_281", "color": "#c0dceb"}, {"cell_id": "Prog_287", "color": "#67001f"}, {"cell_id": "Prog_293", "color": "#fcd3bc"}, {"cell_id": "Prog_264", "color": "#67001f"}, {"cell_id": "Prog_270", "color": "#b1182b"}, {"cell_id": "Prog_276", "color": "#bddbea"}, {"cell_id": "Prog_282", "color": "#fddbc7"}, {"cell_id": "Prog_288", "color": "#f5f6f7"}, {"cell_id": "Prog_294", "color": "#d8e9f1"}, {"cell_id": "Prog_258", "color": "#67001f"}, {"cell_id": "HSPC_301", "color": "#fbccb4"}, {"cell_id": "HSPC_307", "color": "#f6b191"}, {"cell_id": "HSPC_313", "color": "#c84440"}, {"cell_id": "HSPC_325", "color": "#eb9172"}, {"cell_id": "HSPC_331", "color": "#cc4c44"}, {"cell_id": "LT-HSC_085", "color": "#f7b596"}, {"cell_id": "HSPC_295", "color": "#e17860"}, {"cell_id": "HSPC_302", "color": "#e8896c"}, {"cell_id": "HSPC_308", "color": "#c43b3c"}, {"cell_id": "HSPC_314", "color": "#ec9374"}, {"cell_id": "HSPC_320", "color": "#f6b191"}, {"cell_id": "HSPC_326", "color": "#dd7059"}, {"cell_id": "HSPC_332", "color": "#67001f"}, {"cell_id": "LT-HSC_086", "color": "#e58368"}, {"cell_id": "HSPC_296", "color": "#c53e3d"}, {"cell_id": "HSPC_303", "color": "#b61f2e"}, {"cell_id": "HSPC_309", "color": "#b72230"}, {"cell_id": "HSPC_315", "color": "#eb9172"}, {"cell_id": "HSPC_321", "color": "#ee9677"}, {"cell_id": "HSPC_327", "color": "#c2383a"}, {"cell_id": "HSPC_333", "color": "#e37e64"}, {"cell_id": "HSPC_297", "color": "#f8f3f0"}, {"cell_id": "HSPC_304", "color": "#b3192c"}, {"cell_id": "HSPC_310", "color": "#b3192c"}, {"cell_id": "HSPC_322", "color": "#8d0c25"}, {"cell_id": "HSPC_328", "color": "#d86551"}, {"cell_id": "HSPC_334", "color": "#67001f"}, {"cell_id": "LT-HSC_088", "color": "#e4eef4"}, {"cell_id": "HSPC_298", "color": "#c13639"}, {"cell_id": "HSPC_305", "color": "#f8f4f2"}, {"cell_id": "HSPC_317", "color": "#df765e"}, {"cell_id": "HSPC_323", "color": "#eaf1f5"}, {"cell_id": "HSPC_329", "color": "#f5a886"}, {"cell_id": "HSPC_335", "color": "#c94741"}, {"cell_id": "LT-HSC_089", "color": "#b6d7e8"}, {"cell_id": "HSPC_299", "color": "#d25849"}, {"cell_id": "HSPC_306", "color": "#f5aa89"}, {"cell_id": "HSPC_312", "color": "#db6b55"}, {"cell_id": "HSPC_318", "color": "#ec9374"}, {"cell_id": "HSPC_324", "color": "#c2383a"}, {"cell_id": "HSPC_330", "color": "#f6b191"}, {"cell_id": "HSPC_336", "color": "#fbe5d8"}, {"cell_id": "LT-HSC_090", "color": "#9bc9e0"}, {"cell_id": "HSPC_300", "color": "#fbceb7"}, {"cell_id": "Prog_301", "color": "#fbe5d8"}, {"cell_id": "Prog_307", "color": "#67001f"}, {"cell_id": "Prog_313", "color": "#67001f"}, {"cell_id": "Prog_319", "color": "#67001f"}, {"cell_id": "Prog_325", "color": "#67001f"}, {"cell_id": "Prog_331", "color": "#67001f"}, {"cell_id": "LT-HSC_091", "color": "#cce2ef"}, {"cell_id": "Prog_295", "color": "#67001f"}, {"cell_id": "Prog_308", "color": "#67001f"}, {"cell_id": "Prog_314", "color": "#93c6de"}, {"cell_id": "Prog_320", "color": "#d7634f"}, {"cell_id": "Prog_326", "color": "#b1d5e7"}, {"cell_id": "Prog_332", "color": "#f0f4f6"}, {"cell_id": "Prog_296", "color": "#a5cee3"}, {"cell_id": "Prog_303", "color": "#f4a683"}, {"cell_id": "Prog_309", "color": "#fcdfcf"}, {"cell_id": "Prog_315", "color": "#fcdecd"}, {"cell_id": "Prog_321", "color": "#fae7dc"}, {"cell_id": "Prog_327", "color": "#67001f"}, {"cell_id": "Prog_333", "color": "#fdd9c4"}, {"cell_id": "LT-HSC_093", "color": "#d4e6f1"}, {"cell_id": "Prog_297", "color": "#67001f"}, {"cell_id": "Prog_304", "color": "#67001f"}, {"cell_id": "Prog_310", "color": "#dd7059"}, {"cell_id": "Prog_316", "color": "#f0f4f6"}, {"cell_id": "Prog_322", "color": "#fae8de"}, {"cell_id": "Prog_328", "color": "#f8bfa4"}, {"cell_id": "Prog_334", "color": "#fcdfcf"}, {"cell_id": "LT-HSC_094", "color": "#f4a683"}, {"cell_id": "Prog_298", "color": "#c7e0ed"}, {"cell_id": "Prog_305", "color": "#f7b799"}, {"cell_id": "Prog_311", "color": "#67001f"}, {"cell_id": "Prog_323", "color": "#fcdecd"}, {"cell_id": "Prog_329", "color": "#f6b191"}, {"cell_id": "Prog_335", "color": "#67001f"}, {"cell_id": "LT-HSC_095", "color": "#b3d6e8"}, {"cell_id": "Prog_299", "color": "#e3edf3"}, {"cell_id": "LT-HSC_096", "color": "#db6b55"}, {"cell_id": "Prog_306", "color": "#84bcd9"}, {"cell_id": "Prog_312", "color": "#7eb8d7"}, {"cell_id": "Prog_318", "color": "#8dc2dc"}, {"cell_id": "Prog_324", "color": "#67001f"}, {"cell_id": "Prog_330", "color": "#9dcbe1"}, {"cell_id": "Prog_336", "color": "#d35a4a"}, {"cell_id": "Prog_300", "color": "#f5ac8b"}, {"cell_id": "HSPC_343", "color": "#e37e64"}, {"cell_id": "HSPC_349", "color": "#2a71b2"}, {"cell_id": "HSPC_361", "color": "#a5cee3"}, {"cell_id": "HSPC_367", "color": "#eff3f5"}, {"cell_id": "HSPC_373", "color": "#d6604d"}, {"cell_id": "HSPC_337", "color": "#fcd5bf"}, {"cell_id": "HSPC_344", "color": "#fcdfcf"}, {"cell_id": "HSPC_350", "color": "#ea8e70"}, {"cell_id": "HSPC_356", "color": "#fcd3bc"}, {"cell_id": "HSPC_362", "color": "#6eaed2"}, {"cell_id": "HSPC_368", "color": "#c53e3d"}, {"cell_id": "HSPC_374", "color": "#bd2d35"}, {"cell_id": "LT-HSC_098", "color": "#3a87bd"}, {"cell_id": "HSPC_338", "color": "#68abd0"}, {"cell_id": "HSPC_345", "color": "#c43b3c"}, {"cell_id": "HSPC_351", "color": "#cb4942"}, {"cell_id": "HSPC_363", "color": "#d55d4c"}, {"cell_id": "HSPC_339", "color": "#b3192c"}, {"cell_id": "HSPC_346", "color": "#fbe4d6"}, {"cell_id": "HSPC_352", "color": "#529dc8"}, {"cell_id": "HSPC_358", "color": "#87beda"}, {"cell_id": "HSPC_370", "color": "#67001f"}, {"cell_id": "HSPC_376", "color": "#e17860"}, {"cell_id": "LT-HSC_100", "color": "#6bacd1"}, {"cell_id": "HSPC_353", "color": "#c7e0ed"}, {"cell_id": "HSPC_359", "color": "#a21328"}, {"cell_id": "HSPC_365", "color": "#fcd7c2"}, {"cell_id": "HSPC_371", "color": "#da6853"}, {"cell_id": "HSPC_377", "color": "#f2a17f"}, {"cell_id": "LT-HSC_101", "color": "#c5dfec"}, {"cell_id": "HSPC_341", "color": "#b72230"}, {"cell_id": "HSPC_348", "color": "#e37e64"}, {"cell_id": "HSPC_354", "color": "#d7634f"}, {"cell_id": "HSPC_360", "color": "#f9eee7"}, {"cell_id": "HSPC_372", "color": "#c13639"}, {"cell_id": "LT-HSC_102", "color": "#124984"}, {"cell_id": "HSPC_342", "color": "#eb9172"}, {"cell_id": "Prog_343", "color": "#276eb0"}, {"cell_id": "Prog_349", "color": "#3a87bd"}, {"cell_id": "Prog_355", "color": "#fdd9c4"}, {"cell_id": "Prog_361", "color": "#1c5c9f"}, {"cell_id": "Prog_367", "color": "#df765e"}, {"cell_id": "Prog_373", "color": "#59a1ca"}, {"cell_id": "LT-HSC_103", "color": "#e27b62"}, {"cell_id": "Prog_337", "color": "#3681ba"}, {"cell_id": "Prog_350", "color": "#053061"}, {"cell_id": "Prog_356", "color": "#307ab6"}, {"cell_id": "Prog_362", "color": "#3c8abe"}, {"cell_id": "Prog_368", "color": "#f9f0eb"}, {"cell_id": "Prog_374", "color": "#5ca3cb"}, {"cell_id": "Prog_338", "color": "#67001f"}, {"cell_id": "Prog_345", "color": "#053061"}, {"cell_id": "Prog_351", "color": "#2a71b2"}, {"cell_id": "Prog_357", "color": "#053061"}, {"cell_id": "Prog_363", "color": "#2065ab"}, {"cell_id": "Prog_369", "color": "#f6b394"}, {"cell_id": "Prog_375", "color": "#15508d"}, {"cell_id": "LT-HSC_105", "color": "#053061"}, {"cell_id": "Prog_339", "color": "#2a71b2"}, {"cell_id": "Prog_346", "color": "#2a71b2"}, {"cell_id": "Prog_352", "color": "#053061"}, {"cell_id": "Prog_358", "color": "#4393c3"}, {"cell_id": "Prog_364", "color": "#fae7dc"}, {"cell_id": "Prog_370", "color": "#6bacd1"}, {"cell_id": "Prog_376", "color": "#3c8abe"}, {"cell_id": "LT-HSC_106", "color": "#c6413e"}, {"cell_id": "Prog_340", "color": "#569fc9"}, {"cell_id": "Prog_353", "color": "#fddcc9"}, {"cell_id": "Prog_359", "color": "#053061"}, {"cell_id": "Prog_371", "color": "#a51429"}, {"cell_id": "Prog_377", "color": "#3a87bd"}, {"cell_id": "LT-HSC_107", "color": "#b41c2d"}, {"cell_id": "Prog_341", "color": "#a51429"}, {"cell_id": "Prog_348", "color": "#3480b9"}, {"cell_id": "Prog_354", "color": "#3783bb"}, {"cell_id": "Prog_360", "color": "#5fa5cd"}, {"cell_id": "Prog_366", "color": "#3e8cbf"}, {"cell_id": "Prog_372", "color": "#71b0d3"}, {"cell_id": "Prog_378", "color": "#67001f"}, {"cell_id": "Prog_342", "color": "#68abd0"}, {"cell_id": "HSPC_391", "color": "#d6604d"}, {"cell_id": "HSPC_403", "color": "#960f27"}, {"cell_id": "HSPC_409", "color": "#dd7059"}, {"cell_id": "HSPC_415", "color": "#e0ecf3"}, {"cell_id": "HSPC_421", "color": "#67001f"}, {"cell_id": "HSPC_386", "color": "#ef9979"}, {"cell_id": "HSPC_392", "color": "#b61f2e"}, {"cell_id": "HSPC_398", "color": "#a81529"}, {"cell_id": "HSPC_404", "color": "#3a87bd"}, {"cell_id": "HSPC_410", "color": "#7eb8d7"}, {"cell_id": "HSPC_416", "color": "#c13639"}, {"cell_id": "HSPC_422", "color": "#b3192c"}, {"cell_id": "HSPC_380", "color": "#f9c4a9"}, {"cell_id": "HSPC_387", "color": "#f5f6f7"}, {"cell_id": "HSPC_393", "color": "#6bacd1"}, {"cell_id": "HSPC_399", "color": "#e6866a"}, {"cell_id": "HSPC_405", "color": "#f9c6ac"}, {"cell_id": "HSPC_411", "color": "#67001f"}, {"cell_id": "HSPC_417", "color": "#c84440"}, {"cell_id": "HSPC_423", "color": "#cf5246"}, {"cell_id": "HSPC_388", "color": "#991027"}, {"cell_id": "HSPC_400", "color": "#be3036"}, {"cell_id": "HSPC_406", "color": "#d25849"}, {"cell_id": "HSPC_412", "color": "#569fc9"}, {"cell_id": "HSPC_418", "color": "#f8bda1"}, {"cell_id": "HSPC_424", "color": "#fdd9c4"}, {"cell_id": "HSPC_382", "color": "#7c0722"}, {"cell_id": "HSPC_389", "color": "#4393c3"}, {"cell_id": "HSPC_395", "color": "#62a7ce"}, {"cell_id": "HSPC_407", "color": "#d05548"}, {"cell_id": "HSPC_413", "color": "#f8bb9e"}, {"cell_id": "HSPC_419", "color": "#9f1228"}, {"cell_id": "HSPC_425", "color": "#e58368"}, {"cell_id": "HSPC_383", "color": "#529dc8"}, {"cell_id": "HSPC_390", "color": "#e98b6e"}, {"cell_id": "HSPC_396", "color": "#9bc9e0"}, {"cell_id": "HSPC_402", "color": "#db6b55"}, {"cell_id": "HSPC_408", "color": "#3f8ec0"}, {"cell_id": "HSPC_420", "color": "#fcd3bc"}, {"cell_id": "HSPC_426", "color": "#de735c"}, {"cell_id": "Prog_385", "color": "#246aae"}, {"cell_id": "Prog_397", "color": "#1e61a5"}, {"cell_id": "Prog_403", "color": "#2a71b2"}, {"cell_id": "Prog_409", "color": "#6bacd1"}, {"cell_id": "Prog_415", "color": "#569fc9"}, {"cell_id": "Prog_421", "color": "#569fc9"}, {"cell_id": "Prog_379", "color": "#4393c3"}, {"cell_id": "Prog_386", "color": "#053061"}, {"cell_id": "Prog_392", "color": "#fcd7c2"}, {"cell_id": "Prog_398", "color": "#185493"}, {"cell_id": "Prog_404", "color": "#ef9979"}, {"cell_id": "Prog_410", "color": "#84bcd9"}, {"cell_id": "Prog_416", "color": "#7eb8d7"}, {"cell_id": "Prog_422", "color": "#f09c7b"}, {"cell_id": "Prog_380", "color": "#15508d"}, {"cell_id": "Prog_387", "color": "#053061"}, {"cell_id": "Prog_393", "color": "#59a1ca"}, {"cell_id": "Prog_399", "color": "#900d26"}, {"cell_id": "Prog_405", "color": "#337eb8"}, {"cell_id": "Prog_411", "color": "#9dcbe1"}, {"cell_id": "Prog_417", "color": "#75b2d4"}, {"cell_id": "Prog_423", "color": "#5ca3cb"}, {"cell_id": "Prog_381", "color": "#2b73b3"}, {"cell_id": "Prog_388", "color": "#1e61a5"}, {"cell_id": "Prog_394", "color": "#2065ab"}, {"cell_id": "Prog_406", "color": "#4393c3"}, {"cell_id": "Prog_412", "color": "#fbd0b9"}, {"cell_id": "Prog_418", "color": "#3c8abe"}, {"cell_id": "Prog_424", "color": "#59a1ca"}, {"cell_id": "Prog_382", "color": "#eb9172"}, {"cell_id": "Prog_389", "color": "#2369ad"}, {"cell_id": "Prog_395", "color": "#2369ad"}, {"cell_id": "Prog_401", "color": "#3783bb"}, {"cell_id": "Prog_407", "color": "#6eaed2"}, {"cell_id": "Prog_413", "color": "#840924"}, {"cell_id": "Prog_419", "color": "#62a7ce"}, {"cell_id": "Prog_425", "color": "#dbeaf2"}, {"cell_id": "Prog_383", "color": "#2a71b2"}, {"cell_id": "Prog_426", "color": "#f7f6f6"}, {"cell_id": "Prog_390", "color": "#f9c4a9"}, {"cell_id": "Prog_396", "color": "#67001f"}, {"cell_id": "Prog_402", "color": "#fce2d2"}, {"cell_id": "Prog_408", "color": "#67001f"}, {"cell_id": "Prog_414", "color": "#67001f"}, {"cell_id": "Prog_420", "color": "#67001f"}, {"cell_id": "Prog_384", "color": "#810823"}, {"cell_id": "HSPC_451", "color": "#c53e3d"}, {"cell_id": "HSPC_457", "color": "#e6866a"}, {"cell_id": "HSPC_463", "color": "#b41c2d"}, {"cell_id": "LT-HSC_109", "color": "#a7d0e4"}, {"cell_id": "HSPC_427", "color": "#bddbea"}, {"cell_id": "HSPC_440", "color": "#c6413e"}, {"cell_id": "HSPC_446", "color": "#f6af8e"}, {"cell_id": "LT-HSC_110", "color": "#f6af8e"}, {"cell_id": "HSPC_435", "color": "#e37e64"}, {"cell_id": "HSPC_441", "color": "#ddebf2"}, {"cell_id": "HSPC_447", "color": "#c2383a"}, {"cell_id": "HSPC_453", "color": "#8d0c25"}, {"cell_id": "HSPC_459", "color": "#fcd3bc"}, {"cell_id": "HSPC_465", "color": "#dbeaf2"}, {"cell_id": "LT-HSC_111", "color": "#c6413e"}, {"cell_id": "HSPC_436", "color": "#f9ede5"}, {"cell_id": "HSPC_442", "color": "#f5aa89"}, {"cell_id": "HSPC_448", "color": "#b41c2d"}, {"cell_id": "HSPC_454", "color": "#e6866a"}, {"cell_id": "HSPC_460", "color": "#3f8ec0"}, {"cell_id": "HSPC_466", "color": "#f3a481"}, {"cell_id": "LT-HSC_112", "color": "#d25849"}, {"cell_id": "HSPC_443", "color": "#c2383a"}, {"cell_id": "HSPC_449", "color": "#ab162a"}, {"cell_id": "HSPC_455", "color": "#ec9374"}, {"cell_id": "HSPC_461", "color": "#810823"}, {"cell_id": "HSPC_467", "color": "#cb4942"}, {"cell_id": "LT-HSC_113", "color": "#db6b55"}, {"cell_id": "HSPC_431", "color": "#f8bda1"}, {"cell_id": "HSPC_444", "color": "#f5a886"}, {"cell_id": "HSPC_450", "color": "#e8896c"}, {"cell_id": "HSPC_456", "color": "#cb4942"}, {"cell_id": "HSPC_462", "color": "#053061"}, {"cell_id": "HSPC_468", "color": "#bf3338"}, {"cell_id": "LT-HSC_114", "color": "#90c4dd"}, {"cell_id": "HSPC_432", "color": "#c43b3c"}, {"cell_id": "Prog_433", "color": "#68abd0"}, {"cell_id": "Prog_439", "color": "#9bc9e0"}, {"cell_id": "Prog_445", "color": "#db6b55"}, {"cell_id": "Prog_451", "color": "#b82531"}, {"cell_id": "Prog_457", "color": "#266caf"}, {"cell_id": "Prog_463", "color": "#4393c3"}, {"cell_id": "LT-HSC_115", "color": "#fce2d2"}, {"cell_id": "Prog_427", "color": "#d05548"}, {"cell_id": "Prog_434", "color": "#eaf1f5"}, {"cell_id": "Prog_440", "color": "#bbdaea"}, {"cell_id": "Prog_446", "color": "#960f27"}, {"cell_id": "Prog_458", "color": "#f3f5f6"}, {"cell_id": "Prog_464", "color": "#fce0d0"}, {"cell_id": "LT-HSC_116", "color": "#84bcd9"}, {"cell_id": "Prog_428", "color": "#f19e7d"}, {"cell_id": "Prog_435", "color": "#9bc9e0"}, {"cell_id": "Prog_441", "color": "#67001f"}, {"cell_id": "Prog_447", "color": "#a2cde3"}, {"cell_id": "Prog_453", "color": "#3c8abe"}, {"cell_id": "Prog_459", "color": "#f8f4f2"}, {"cell_id": "Prog_465", "color": "#6a011f"}, {"cell_id": "LT-HSC_117", "color": "#c53e3d"}, {"cell_id": "Prog_429", "color": "#276eb0"}, {"cell_id": "Prog_436", "color": "#760521"}, {"cell_id": "Prog_448", "color": "#f4a683"}, {"cell_id": "Prog_454", "color": "#f8bda1"}, {"cell_id": "Prog_460", "color": "#d35a4a"}, {"cell_id": "Prog_466", "color": "#d5e7f1"}, {"cell_id": "Prog_430", "color": "#185493"}, {"cell_id": "Prog_437", "color": "#a51429"}, {"cell_id": "Prog_443", "color": "#67001f"}, {"cell_id": "Prog_449", "color": "#3a87bd"}, {"cell_id": "Prog_455", "color": "#d2e6f0"}, {"cell_id": "Prog_461", "color": "#ecf2f5"}, {"cell_id": "Prog_467", "color": "#7eb8d7"}, {"cell_id": "Prog_431", "color": "#3e8cbf"}, {"cell_id": "LT-HSC_120", "color": "#f8bb9e"}, {"cell_id": "Prog_438", "color": "#4393c3"}, {"cell_id": "Prog_444", "color": "#aed3e6"}, {"cell_id": "Prog_450", "color": "#4c99c6"}, {"cell_id": "Prog_456", "color": "#90c4dd"}, {"cell_id": "Prog_462", "color": "#2c75b4"}, {"cell_id": "Prog_468", "color": "#c94741"}, {"cell_id": "Prog_432", "color": "#3b88be"}, {"cell_id": "HSPC_475", "color": "#e17860"}, {"cell_id": "HSPC_493", "color": "#be3036"}, {"cell_id": "HSPC_499", "color": "#d05548"}, {"cell_id": "HSPC_505", "color": "#b3192c"}, {"cell_id": "HSPC_482", "color": "#acd2e5"}, {"cell_id": "HSPC_488", "color": "#db6b55"}, {"cell_id": "HSPC_494", "color": "#96c7df"}, {"cell_id": "HSPC_500", "color": "#d86551"}, {"cell_id": "HSPC_506", "color": "#cf5246"}, {"cell_id": "LT-HSC_122", "color": "#71b0d3"}, {"cell_id": "HSPC_470", "color": "#f9c2a7"}, {"cell_id": "HSPC_477", "color": "#de735c"}, {"cell_id": "HSPC_483", "color": "#ee9677"}, {"cell_id": "HSPC_489", "color": "#c84440"}, {"cell_id": "HSPC_495", "color": "#d7634f"}, {"cell_id": "HSPC_501", "color": "#f4a683"}, {"cell_id": "HSPC_507", "color": "#f9eee7"}, {"cell_id": "LT-HSC_123", "color": "#c53e3d"}, {"cell_id": "HSPC_471", "color": "#f6af8e"}, {"cell_id": "HSPC_478", "color": "#f3f5f6"}, {"cell_id": "HSPC_490", "color": "#f19e7d"}, {"cell_id": "HSPC_496", "color": "#f9ebe3"}, {"cell_id": "HSPC_502", "color": "#f6b191"}, {"cell_id": "HSPC_508", "color": "#bf3338"}, {"cell_id": "LT-HSC_124", "color": "#f2a17f"}, {"cell_id": "HSPC_472", "color": "#a51429"}, {"cell_id": "HSPC_479", "color": "#e27b62"}, {"cell_id": "HSPC_485", "color": "#ee9677"}, {"cell_id": "HSPC_491", "color": "#df765e"}, {"cell_id": "HSPC_497", "color": "#f7b596"}, {"cell_id": "HSPC_503", "color": "#f9c4a9"}, {"cell_id": "HSPC_509", "color": "#fae8de"}, {"cell_id": "LT-HSC_125", "color": "#b82531"}, {"cell_id": "HSPC_473", "color": "#d7634f"}, {"cell_id": "HSPC_480", "color": "#c6413e"}, {"cell_id": "HSPC_486", "color": "#e27b62"}, {"cell_id": "HSPC_492", "color": "#c2383a"}, {"cell_id": "HSPC_498", "color": "#68abd0"}, {"cell_id": "HSPC_504", "color": "#f8f4f2"}, {"cell_id": "HSPC_510", "color": "#d6604d"}, {"cell_id": "LT-HSC_126", "color": "#e8896c"}, {"cell_id": "HSPC_474", "color": "#e17860"}, {"cell_id": "Prog_475", "color": "#67001f"}, {"cell_id": "Prog_481", "color": "#dc6e57"}, {"cell_id": "Prog_487", "color": "#67001f"}, {"cell_id": "Prog_493", "color": "#75b2d4"}, {"cell_id": "Prog_499", "color": "#c5dfec"}, {"cell_id": "Prog_505", "color": "#67001f"}, {"cell_id": "Prog_469", "color": "#e6eff4"}, {"cell_id": "Prog_476", "color": "#ab162a"}, {"cell_id": "Prog_482", "color": "#6bacd1"}, {"cell_id": "Prog_488", "color": "#e4eef4"}, {"cell_id": "Prog_494", "color": "#67001f"}, {"cell_id": "Prog_500", "color": "#67001f"}, {"cell_id": "Prog_506", "color": "#67001f"}, {"cell_id": "LT-HSC_128", "color": "#cf5246"}, {"cell_id": "Prog_470", "color": "#9c1127"}, {"cell_id": "Prog_477", "color": "#d5e7f1"}, {"cell_id": "Prog_483", "color": "#b6d7e8"}, {"cell_id": "Prog_489", "color": "#67001f"}, {"cell_id": "Prog_495", "color": "#a21328"}, {"cell_id": "Prog_501", "color": "#700320"}, {"cell_id": "Prog_507", "color": "#fbccb4"}, {"cell_id": "Prog_471", "color": "#fddbc7"}, {"cell_id": "Prog_478", "color": "#8dc2dc"}, {"cell_id": "Prog_484", "color": "#67001f"}, {"cell_id": "Prog_490", "color": "#67001f"}, {"cell_id": "Prog_496", "color": "#2b73b3"}, {"cell_id": "Prog_502", "color": "#a7d0e4"}, {"cell_id": "Prog_508", "color": "#5fa5cd"}, {"cell_id": "LT-HSC_130", "color": "#f8bda1"}, {"cell_id": "Prog_472", "color": "#81bad8"}, {"cell_id": "Prog_479", "color": "#c5dfec"}, {"cell_id": "Prog_485", "color": "#760521"}, {"cell_id": "Prog_491", "color": "#67001f"}, {"cell_id": "Prog_497", "color": "#d7e8f1"}, {"cell_id": "Prog_503", "color": "#bb2a34"}, {"cell_id": "Prog_509", "color": "#edf2f5"}, {"cell_id": "LT-HSC_131", "color": "#e98b6e"}, {"cell_id": "Prog_473", "color": "#fac8af"}, {"cell_id": "LT-HSC_132", "color": "#f7b799"}, {"cell_id": "Prog_480", "color": "#67001f"}, {"cell_id": "Prog_486", "color": "#fcd7c2"}, {"cell_id": "Prog_498", "color": "#6d0220"}, {"cell_id": "Prog_504", "color": "#cae1ee"}, {"cell_id": "Prog_510", "color": "#faeae1"}, {"cell_id": "Prog_474", "color": "#dae9f2"}, {"cell_id": "HSPC_523", "color": "#b72230"}, {"cell_id": "HSPC_535", "color": "#fbceb7"}, {"cell_id": "HSPC_541", "color": "#d35a4a"}, {"cell_id": "HSPC_547", "color": "#67001f"}, {"cell_id": "HSPC_518", "color": "#e6866a"}, {"cell_id": "HSPC_524", "color": "#f19e7d"}, {"cell_id": "HSPC_530", "color": "#f6b394"}, {"cell_id": "HSPC_548", "color": "#db6b55"}, {"cell_id": "HSPC_512", "color": "#c6413e"}, {"cell_id": "HSPC_537", "color": "#f8bb9e"}, {"cell_id": "HSPC_543", "color": "#c53e3d"}, {"cell_id": "HSPC_549", "color": "#f09c7b"}, {"cell_id": "HSPC_520", "color": "#d55d4c"}, {"cell_id": "HSPC_526", "color": "#de735c"}, {"cell_id": "HSPC_532", "color": "#337eb8"}, {"cell_id": "HSPC_538", "color": "#e37e64"}, {"cell_id": "HSPC_544", "color": "#f8bda1"}, {"cell_id": "HSPC_550", "color": "#f9efe9"}, {"cell_id": "HSPC_514", "color": "#b82531"}, {"cell_id": "HSPC_521", "color": "#fae8de"}, {"cell_id": "HSPC_527", "color": "#3a87bd"}, {"cell_id": "HSPC_533", "color": "#fddbc7"}, {"cell_id": "HSPC_539", "color": "#7eb8d7"}, {"cell_id": "HSPC_545", "color": "#dbeaf2"}, {"cell_id": "HSPC_551", "color": "#f5ac8b"}, {"cell_id": "LT-HSC_137", "color": "#f6af8e"}, {"cell_id": "HSPC_515", "color": "#fbe4d6"}, {"cell_id": "HSPC_522", "color": "#ec9374"}, {"cell_id": "HSPC_528", "color": "#cc4c44"}, {"cell_id": "HSPC_534", "color": "#fddbc7"}, {"cell_id": "HSPC_540", "color": "#ef9979"}, {"cell_id": "HSPC_546", "color": "#dd7059"}, {"cell_id": "HSPC_552", "color": "#e48066"}, {"cell_id": "LT-HSC_138", "color": "#6bacd1"}, {"cell_id": "HSPC_516", "color": "#2870b1"}, {"cell_id": "Prog_517", "color": "#67001f"}, {"cell_id": "Prog_523", "color": "#68abd0"}, {"cell_id": "Prog_529", "color": "#f9eee7"}, {"cell_id": "Prog_535", "color": "#3a87bd"}, {"cell_id": "Prog_541", "color": "#bb2a34"}, {"cell_id": "Prog_547", "color": "#4695c4"}, {"cell_id": "LT-HSC_139", "color": "#f9c2a7"}, {"cell_id": "Prog_511", "color": "#bbdaea"}, {"cell_id": "Prog_518", "color": "#b1182b"}, {"cell_id": "Prog_524", "color": "#a51429"}, {"cell_id": "Prog_530", "color": "#8a0b25"}, {"cell_id": "Prog_536", "color": "#f8f1ed"}, {"cell_id": "Prog_542", "color": "#67001f"}, {"cell_id": "Prog_548", "color": "#59a1ca"}, {"cell_id": "LT-HSC_140", "color": "#f5ac8b"}, {"cell_id": "Prog_519", "color": "#b61f2e"}, {"cell_id": "Prog_525", "color": "#9bc9e0"}, {"cell_id": "Prog_531", "color": "#df765e"}, {"cell_id": "Prog_537", "color": "#f9ede5"}, {"cell_id": "Prog_543", "color": "#3480b9"}, {"cell_id": "Prog_549", "color": "#ce4f45"}, {"cell_id": "Prog_513", "color": "#4695c4"}, {"cell_id": "Prog_520", "color": "#67001f"}, {"cell_id": "Prog_526", "color": "#d55d4c"}, {"cell_id": "Prog_532", "color": "#900d26"}, {"cell_id": "Prog_550", "color": "#6d0220"}, {"cell_id": "LT-HSC_142", "color": "#a7d0e4"}, {"cell_id": "Prog_514", "color": "#67001f"}, {"cell_id": "Prog_521", "color": "#991027"}, {"cell_id": "Prog_527", "color": "#d05548"}, {"cell_id": "Prog_533", "color": "#c7e0ed"}, {"cell_id": "Prog_539", "color": "#2369ad"}, {"cell_id": "Prog_545", "color": "#cfe4ef"}, {"cell_id": "Prog_551", "color": "#e98b6e"}, {"cell_id": "Prog_515", "color": "#cce2ef"}, {"cell_id": "LT-HSC_144", "color": "#b72230"}, {"cell_id": "Prog_528", "color": "#67001f"}, {"cell_id": "Prog_546", "color": "#67001f"}, {"cell_id": "Prog_552", "color": "#cf5246"}, {"cell_id": "Prog_516", "color": "#408fc1"}, {"cell_id": "HSPC_559", "color": "#d86551"}, {"cell_id": "HSPC_571", "color": "#fce2d2"}, {"cell_id": "HSPC_577", "color": "#e27b62"}, {"cell_id": "HSPC_589", "color": "#b1182b"}, {"cell_id": "LT-HSC_145", "color": "#053061"}, {"cell_id": "HSPC_553", "color": "#15508d"}, {"cell_id": "HSPC_560", "color": "#be3036"}, {"cell_id": "HSPC_566", "color": "#da6853"}, {"cell_id": "HSPC_578", "color": "#f8f1ed"}, {"cell_id": "HSPC_584", "color": "#ee9677"}, {"cell_id": "HSPC_590", "color": "#f9f0eb"}, {"cell_id": "LT-HSC_146", "color": "#d6604d"}, {"cell_id": "HSPC_554", "color": "#fddcc9"}, {"cell_id": "HSPC_567", "color": "#c2383a"}, {"cell_id": "HSPC_573", "color": "#be3036"}, {"cell_id": "HSPC_579", "color": "#e58368"}, {"cell_id": "HSPC_585", "color": "#eb9172"}, {"cell_id": "LT-HSC_147", "color": "#fdddcb"}, {"cell_id": "HSPC_555", "color": "#cc4c44"}, {"cell_id": "HSPC_562", "color": "#f7b596"}, {"cell_id": "HSPC_568", "color": "#e8896c"}, {"cell_id": "HSPC_574", "color": "#fdddcb"}, {"cell_id": "HSPC_580", "color": "#cc4c44"}, {"cell_id": "HSPC_586", "color": "#7f0823"}, {"cell_id": "HSPC_592", "color": "#f5a886"}, {"cell_id": "LT-HSC_148", "color": "#f5a886"}, {"cell_id": "HSPC_556", "color": "#e37e64"}, {"cell_id": "HSPC_563", "color": "#276eb0"}, {"cell_id": "HSPC_569", "color": "#c43b3c"}, {"cell_id": "HSPC_575", "color": "#65a9cf"}, {"cell_id": "HSPC_593", "color": "#f9efe9"}, {"cell_id": "LT-HSC_149", "color": "#f6b394"}, {"cell_id": "HSPC_557", "color": "#f6af8e"}, {"cell_id": "HSPC_576", "color": "#dc6e57"}, {"cell_id": "HSPC_582", "color": "#f8bb9e"}, {"cell_id": "HSPC_594", "color": "#ec9374"}, {"cell_id": "LT-HSC_150", "color": "#053061"}, {"cell_id": "Prog_559", "color": "#f9ede5"}, {"cell_id": "Prog_565", "color": "#bd2d35"}, {"cell_id": "Prog_571", "color": "#78b4d5"}, {"cell_id": "Prog_577", "color": "#730421"}, {"cell_id": "Prog_583", "color": "#ea8e70"}, {"cell_id": "Prog_589", "color": "#5ca3cb"}, {"cell_id": "LT-HSC_151", "color": "#3681ba"}, {"cell_id": "Prog_553", "color": "#f8f1ed"}, {"cell_id": "Prog_560", "color": "#67001f"}, {"cell_id": "Prog_566", "color": "#fbe3d4"}, {"cell_id": "Prog_572", "color": "#c43b3c"}, {"cell_id": "Prog_578", "color": "#67001f"}, {"cell_id": "Prog_584", "color": "#67001f"}, {"cell_id": "Prog_590", "color": "#840924"}, {"cell_id": "LT-HSC_152", "color": "#f5a886"}, {"cell_id": "Prog_554", "color": "#df765e"}, {"cell_id": "Prog_561", "color": "#cf5246"}, {"cell_id": "Prog_567", "color": "#67001f"}, {"cell_id": "Prog_573", "color": "#db6b55"}, {"cell_id": "Prog_579", "color": "#67001f"}, {"cell_id": "Prog_585", "color": "#6eaed2"}, {"cell_id": "Prog_555", "color": "#f6af8e"}, {"cell_id": "Prog_562", "color": "#6eaed2"}, {"cell_id": "Prog_568", "color": "#96c7df"}, {"cell_id": "Prog_574", "color": "#67001f"}, {"cell_id": "Prog_580", "color": "#3a87bd"}, {"cell_id": "Prog_586", "color": "#960f27"}, {"cell_id": "Prog_592", "color": "#4291c2"}, {"cell_id": "Prog_556", "color": "#fbe3d4"}, {"cell_id": "Prog_569", "color": "#67001f"}, {"cell_id": "Prog_575", "color": "#d5e7f1"}, {"cell_id": "Prog_581", "color": "#68abd0"}, {"cell_id": "Prog_587", "color": "#f6b394"}, {"cell_id": "Prog_593", "color": "#eaf1f5"}, {"cell_id": "Prog_557", "color": "#4291c2"}, {"cell_id": "LT-HSC_156", "color": "#276eb0"}, {"cell_id": "Prog_564", "color": "#bbdaea"}, {"cell_id": "Prog_570", "color": "#edf2f5"}, {"cell_id": "Prog_576", "color": "#ae172a"}, {"cell_id": "Prog_582", "color": "#78b4d5"}, {"cell_id": "Prog_588", "color": "#a9d1e5"}, {"cell_id": "Prog_594", "color": "#2e77b5"}, {"cell_id": "Prog_558", "color": "#ce4f45"}, {"cell_id": "HSPC_601", "color": "#b1d5e7"}, {"cell_id": "HSPC_607", "color": "#840924"}, {"cell_id": "HSPC_613", "color": "#de735c"}, {"cell_id": "HSPC_625", "color": "#f6af8e"}, {"cell_id": "HSPC_631", "color": "#7c0722"}, {"cell_id": "HSPC_595", "color": "#a51429"}, {"cell_id": "HSPC_602", "color": "#eb9172"}, {"cell_id": "HSPC_608", "color": "#c2383a"}, {"cell_id": "HSPC_614", "color": "#f2a17f"}, {"cell_id": "HSPC_620", "color": "#ddebf2"}, {"cell_id": "HSPC_626", "color": "#f2f5f6"}, {"cell_id": "LT-HSC_158", "color": "#c43b3c"}, {"cell_id": "HSPC_596", "color": "#ce4f45"}, {"cell_id": "HSPC_603", "color": "#053061"}, {"cell_id": "HSPC_615", "color": "#7c0722"}, {"cell_id": "HSPC_627", "color": "#fdddcb"}, {"cell_id": "HSPC_633", "color": "#ba2832"}, {"cell_id": "LT-HSC_159", "color": "#87beda"}, {"cell_id": "HSPC_597", "color": "#dd7059"}, {"cell_id": "HSPC_604", "color": "#f6af8e"}, {"cell_id": "HSPC_610", "color": "#ab162a"}, {"cell_id": "HSPC_628", "color": "#e37e64"}, {"cell_id": "HSPC_634", "color": "#f3a481"}, {"cell_id": "HSPC_598", "color": "#7eb8d7"}, {"cell_id": "HSPC_617", "color": "#c84440"}, {"cell_id": "HSPC_623", "color": "#f9c6ac"}, {"cell_id": "HSPC_629", "color": "#b72230"}, {"cell_id": "HSPC_635", "color": "#8ac0db"}, {"cell_id": "LT-HSC_161", "color": "#fcdfcf"}, {"cell_id": "HSPC_599", "color": "#f9c6ac"}, {"cell_id": "HSPC_606", "color": "#4291c2"}, {"cell_id": "HSPC_612", "color": "#bb2a34"}, {"cell_id": "HSPC_618", "color": "#ee9677"}, {"cell_id": "HSPC_624", "color": "#c13639"}, {"cell_id": "HSPC_630", "color": "#edf2f5"}, {"cell_id": "HSPC_636", "color": "#d86551"}, {"cell_id": "HSPC_600", "color": "#f8f1ed"}, {"cell_id": "Prog_607", "color": "#fbccb4"}, {"cell_id": "Prog_613", "color": "#246aae"}, {"cell_id": "Prog_619", "color": "#ce4f45"}, {"cell_id": "Prog_625", "color": "#67001f"}, {"cell_id": "Prog_631", "color": "#276eb0"}, {"cell_id": "LT-HSC_163", "color": "#eff3f5"}, {"cell_id": "Prog_595", "color": "#ba2832"}, {"cell_id": "Prog_602", "color": "#e48066"}, {"cell_id": "Prog_614", "color": "#90c4dd"}, {"cell_id": "Prog_620", "color": "#c2ddec"}, {"cell_id": "Prog_626", "color": "#67001f"}, {"cell_id": "Prog_632", "color": "#acd2e5"}, {"cell_id": "LT-HSC_164", "color": "#84bcd9"}, {"cell_id": "Prog_596", "color": "#67001f"}, {"cell_id": "Prog_603", "color": "#4695c4"}, {"cell_id": "Prog_609", "color": "#6a011f"}, {"cell_id": "Prog_615", "color": "#d7e8f1"}, {"cell_id": "Prog_621", "color": "#67001f"}, {"cell_id": "Prog_627", "color": "#840924"}, {"cell_id": "Prog_633", "color": "#f6b394"}, {"cell_id": "LT-HSC_165", "color": "#e37e64"}, {"cell_id": "Prog_597", "color": "#9f1228"}, {"cell_id": "Prog_604", "color": "#b3d6e8"}, {"cell_id": "Prog_610", "color": "#aed3e6"}, {"cell_id": "Prog_616", "color": "#4393c3"}, {"cell_id": "Prog_622", "color": "#fac8af"}, {"cell_id": "Prog_628", "color": "#67001f"}, {"cell_id": "Prog_634", "color": "#f9c6ac"}, {"cell_id": "LT-HSC_166", "color": "#fcdfcf"}, {"cell_id": "Prog_598", "color": "#67001f"}, {"cell_id": "Prog_605", "color": "#8dc2dc"}, {"cell_id": "Prog_611", "color": "#c2ddec"}, {"cell_id": "Prog_617", "color": "#b82531"}, {"cell_id": "Prog_623", "color": "#67001f"}, {"cell_id": "Prog_629", "color": "#67001f"}, {"cell_id": "Prog_635", "color": "#fae9df"}, {"cell_id": "LT-HSC_167", "color": "#f5ac8b"}, {"cell_id": "Prog_599", "color": "#cae1ee"}, {"cell_id": "Prog_606", "color": "#eb9172"}, {"cell_id": "Prog_612", "color": "#337eb8"}, {"cell_id": "Prog_618", "color": "#3c8abe"}, {"cell_id": "Prog_624", "color": "#9c1127"}, {"cell_id": "Prog_636", "color": "#a81529"}, {"cell_id": "Prog_600", "color": "#fae8de"}, {"cell_id": "HSPC_643", "color": "#ec9374"}, {"cell_id": "HSPC_649", "color": "#a81529"}, {"cell_id": "HSPC_661", "color": "#fddcc9"}, {"cell_id": "HSPC_667", "color": "#e37e64"}, {"cell_id": "HSPC_673", "color": "#d35a4a"}, {"cell_id": "LT-HSC_169", "color": "#d05548"}, {"cell_id": "HSPC_637", "color": "#fcd3bc"}, {"cell_id": "HSPC_644", "color": "#a21328"}, {"cell_id": "HSPC_656", "color": "#d35a4a"}, {"cell_id": "HSPC_662", "color": "#d55d4c"}, {"cell_id": "HSPC_668", "color": "#fce0d0"}, {"cell_id": "HSPC_674", "color": "#c7e0ed"}, {"cell_id": "LT-HSC_170", "color": "#b8d8e9"}, {"cell_id": "HSPC_638", "color": "#bb2a34"}, {"cell_id": "HSPC_645", "color": "#e8896c"}, {"cell_id": "HSPC_651", "color": "#f7b799"}, {"cell_id": "HSPC_657", "color": "#68abd0"}, {"cell_id": "HSPC_663", "color": "#dc6e57"}, {"cell_id": "HSPC_669", "color": "#a0cce2"}, {"cell_id": "LT-HSC_171", "color": "#e98b6e"}, {"cell_id": "HSPC_639", "color": "#eb9172"}, {"cell_id": "HSPC_646", "color": "#bf3338"}, {"cell_id": "HSPC_652", "color": "#aed3e6"}, {"cell_id": "HSPC_658", "color": "#e17860"}, {"cell_id": "HSPC_664", "color": "#c94741"}, {"cell_id": "HSPC_670", "color": "#fddbc7"}, {"cell_id": "HSPC_676", "color": "#f7b596"}, {"cell_id": "LT-HSC_172", "color": "#84bcd9"}, {"cell_id": "HSPC_640", "color": "#eb9172"}, {"cell_id": "HSPC_665", "color": "#f3a481"}, {"cell_id": "HSPC_671", "color": "#f5ac8b"}, {"cell_id": "LT-HSC_173", "color": "#facab1"}, {"cell_id": "HSPC_641", "color": "#dc6e57"}, {"cell_id": "HSPC_648", "color": "#db6b55"}, {"cell_id": "HSPC_654", "color": "#f6b191"}, {"cell_id": "HSPC_660", "color": "#f6f7f7"}, {"cell_id": "HSPC_666", "color": "#c13639"}, {"cell_id": "HSPC_672", "color": "#de735c"}, {"cell_id": "HSPC_678", "color": "#f6b191"}, {"cell_id": "LT-HSC_174", "color": "#f8bb9e"}, {"cell_id": "Prog_643", "color": "#fdd9c4"}, {"cell_id": "Prog_649", "color": "#1f63a8"}, {"cell_id": "Prog_655", "color": "#2a71b2"}, {"cell_id": "Prog_661", "color": "#67001f"}, {"cell_id": "Prog_667", "color": "#569fc9"}, {"cell_id": "Prog_673", "color": "#f5a886"}, {"cell_id": "Prog_637", "color": "#96c7df"}, {"cell_id": "Prog_644", "color": "#e37e64"}, {"cell_id": "Prog_650", "color": "#67001f"}, {"cell_id": "Prog_662", "color": "#991027"}, {"cell_id": "Prog_668", "color": "#98c8e0"}, {"cell_id": "Prog_674", "color": "#960f27"}, {"cell_id": "LT-HSC_176", "color": "#d7e8f1"}, {"cell_id": "Prog_638", "color": "#68abd0"}, {"cell_id": "Prog_645", "color": "#67001f"}, {"cell_id": "Prog_651", "color": "#4f9bc7"}, {"cell_id": "Prog_657", "color": "#4c99c6"}, {"cell_id": "Prog_663", "color": "#4291c2"}, {"cell_id": "Prog_669", "color": "#fbe6da"}, {"cell_id": "Prog_675", "color": "#67001f"}, {"cell_id": "LT-HSC_177", "color": "#2a71b2"}, {"cell_id": "Prog_639", "color": "#3f8ec0"}, {"cell_id": "Prog_646", "color": "#7bb6d6"}, {"cell_id": "Prog_652", "color": "#7bb6d6"}, {"cell_id": "Prog_658", "color": "#a21328"}, {"cell_id": "Prog_670", "color": "#67001f"}, {"cell_id": "Prog_676", "color": "#9bc9e0"}, {"cell_id": "Prog_640", "color": "#4c99c6"}, {"cell_id": "Prog_647", "color": "#ba2832"}, {"cell_id": "Prog_653", "color": "#a5cee3"}, {"cell_id": "Prog_659", "color": "#fce0d0"}, {"cell_id": "Prog_665", "color": "#67001f"}, {"cell_id": "Prog_671", "color": "#b6d7e8"}, {"cell_id": "Prog_677", "color": "#3b88be"}, {"cell_id": "LT-HSC_179", "color": "#1d5fa2"}, {"cell_id": "Prog_641", "color": "#67001f"}, {"cell_id": "LT-HSC_180", "color": "#f9c6ac"}, {"cell_id": "Prog_648", "color": "#ae172a"}, {"cell_id": "Prog_654", "color": "#f9eee7"}, {"cell_id": "Prog_666", "color": "#f7b99c"}, {"cell_id": "Prog_672", "color": "#acd2e5"}, {"cell_id": "Prog_678", "color": "#a0cce2"}, {"cell_id": "Prog_642", "color": "#991027"}, {"cell_id": "HSPC_697", "color": "#fae9df"}, {"cell_id": "HSPC_703", "color": "#b1182b"}, {"cell_id": "HSPC_709", "color": "#c5dfec"}, {"cell_id": "HSPC_679", "color": "#c6413e"}, {"cell_id": "HSPC_692", "color": "#d6604d"}, {"cell_id": "HSPC_698", "color": "#c94741"}, {"cell_id": "HSPC_704", "color": "#df765e"}, {"cell_id": "HSPC_716", "color": "#f8bda1"}, {"cell_id": "HSPC_680", "color": "#db6b55"}, {"cell_id": "HSPC_687", "color": "#dc6e57"}, {"cell_id": "HSPC_699", "color": "#f7b596"}, {"cell_id": "HSPC_705", "color": "#fbe3d4"}, {"cell_id": "HSPC_717", "color": "#ae172a"}, {"cell_id": "LT-HSC_183", "color": "#84bcd9"}, {"cell_id": "HSPC_681", "color": "#ee9677"}, {"cell_id": "HSPC_700", "color": "#f19e7d"}, {"cell_id": "HSPC_706", "color": "#e27b62"}, {"cell_id": "LT-HSC_184", "color": "#a0cce2"}, {"cell_id": "HSPC_682", "color": "#b72230"}, {"cell_id": "HSPC_689", "color": "#fbd0b9"}, {"cell_id": "HSPC_695", "color": "#67001f"}, {"cell_id": "HSPC_701", "color": "#e9f0f4"}, {"cell_id": "HSPC_707", "color": "#f5ac8b"}, {"cell_id": "HSPC_719", "color": "#dbeaf2"}, {"cell_id": "HSPC_683", "color": "#d86551"}, {"cell_id": "HSPC_690", "color": "#dd7059"}, {"cell_id": "HSPC_696", "color": "#b61f2e"}, {"cell_id": "HSPC_702", "color": "#f5aa89"}, {"cell_id": "HSPC_708", "color": "#c84440"}, {"cell_id": "HSPC_714", "color": "#ba2832"}, {"cell_id": "HSPC_720", "color": "#fcd5bf"}, {"cell_id": "Prog_685", "color": "#67001f"}, {"cell_id": "Prog_697", "color": "#acd2e5"}, {"cell_id": "Prog_709", "color": "#6eaed2"}, {"cell_id": "Prog_715", "color": "#facab1"}, {"cell_id": "LT-HSC_187", "color": "#b8d8e9"}, {"cell_id": "Prog_679", "color": "#e6eff4"}, {"cell_id": "Prog_686", "color": "#67001f"}, {"cell_id": "Prog_692", "color": "#e58368"}, {"cell_id": "Prog_698", "color": "#67001f"}, {"cell_id": "Prog_704", "color": "#c94741"}, {"cell_id": "Prog_710", "color": "#edf2f5"}, {"cell_id": "Prog_716", "color": "#f5aa89"}, {"cell_id": "LT-HSC_188", "color": "#cb4942"}, {"cell_id": "Prog_680", "color": "#dd7059"}, {"cell_id": "Prog_687", "color": "#8a0b25"}, {"cell_id": "Prog_693", "color": "#a51429"}, {"cell_id": "Prog_699", "color": "#fcd5bf"}, {"cell_id": "Prog_705", "color": "#c84440"}, {"cell_id": "Prog_711", "color": "#a2cde3"}, {"cell_id": "Prog_717", "color": "#b41c2d"}, {"cell_id": "Prog_681", "color": "#67001f"}, {"cell_id": "Prog_688", "color": "#7eb8d7"}, {"cell_id": "Prog_694", "color": "#cfe4ef"}, {"cell_id": "Prog_700", "color": "#96c7df"}, {"cell_id": "Prog_706", "color": "#67001f"}, {"cell_id": "Prog_712", "color": "#3e8cbf"}, {"cell_id": "Prog_718", "color": "#e17860"}, {"cell_id": "Prog_682", "color": "#fac8af"}, {"cell_id": "Prog_689", "color": "#67001f"}, {"cell_id": "Prog_695", "color": "#a0cce2"}, {"cell_id": "Prog_701", "color": "#a0cce2"}, {"cell_id": "Prog_707", "color": "#a9d1e5"}, {"cell_id": "Prog_713", "color": "#1b5a9c"}, {"cell_id": "Prog_719", "color": "#9dcbe1"}, {"cell_id": "LT-HSC_191", "color": "#a5cee3"}, {"cell_id": "Prog_683", "color": "#67001f"}, {"cell_id": "Prog_690", "color": "#d35a4a"}, {"cell_id": "Prog_696", "color": "#e27b62"}, {"cell_id": "Prog_702", "color": "#ecf2f5"}, {"cell_id": "Prog_708", "color": "#a2cde3"}, {"cell_id": "Prog_714", "color": "#6eaed2"}, {"cell_id": "Prog_720", "color": "#da6853"}, {"cell_id": "LT-HSC_192", "color": "#c2383a"}, {"cell_id": "Prog_684", "color": "#e37e64"}, {"cell_id": "HSPC_727", "color": "#e6eff4"}, {"cell_id": "HSPC_733", "color": "#f8bb9e"}, {"cell_id": "HSPC_745", "color": "#ee9677"}, {"cell_id": "HSPC_751", "color": "#e8896c"}, {"cell_id": "HSPC_757", "color": "#e27b62"}, {"cell_id": "LT-HSC_193", "color": "#d55d4c"}, {"cell_id": "HSPC_721", "color": "#f8f1ed"}, {"cell_id": "HSPC_734", "color": "#d86551"}, {"cell_id": "HSPC_740", "color": "#f6f7f7"}, {"cell_id": "HSPC_746", "color": "#f7b799"}, {"cell_id": "HSPC_752", "color": "#f2a17f"}, {"cell_id": "HSPC_758", "color": "#e37e64"}, {"cell_id": "LT-HSC_194", "color": "#f8bb9e"}, {"cell_id": "HSPC_722", "color": "#dd7059"}, {"cell_id": "HSPC_729", "color": "#68abd0"}, {"cell_id": "HSPC_735", "color": "#fddcc9"}, {"cell_id": "HSPC_747", "color": "#da6853"}, {"cell_id": "HSPC_753", "color": "#d86551"}, {"cell_id": "HSPC_759", "color": "#ce4f45"}, {"cell_id": "LT-HSC_195", "color": "#f09c7b"}, {"cell_id": "HSPC_723", "color": "#c94741"}, {"cell_id": "HSPC_730", "color": "#7eb8d7"}, {"cell_id": "HSPC_736", "color": "#de735c"}, {"cell_id": "HSPC_742", "color": "#ee9677"}, {"cell_id": "HSPC_748", "color": "#da6853"}, {"cell_id": "HSPC_760", "color": "#8ac0db"}, {"cell_id": "HSPC_724", "color": "#529dc8"}, {"cell_id": "HSPC_731", "color": "#fac8af"}, {"cell_id": "HSPC_737", "color": "#a81529"}, {"cell_id": "HSPC_743", "color": "#f8bfa4"}, {"cell_id": "HSPC_749", "color": "#b41c2d"}, {"cell_id": "HSPC_755", "color": "#e37e64"}, {"cell_id": "HSPC_761", "color": "#a21328"}, {"cell_id": "LT-HSC_197", "color": "#c2ddec"}, {"cell_id": "HSPC_725", "color": "#ec9374"}, {"cell_id": "HSPC_732", "color": "#f9c4a9"}, {"cell_id": "HSPC_738", "color": "#cce2ef"}, {"cell_id": "HSPC_744", "color": "#e37e64"}, {"cell_id": "HSPC_750", "color": "#d35a4a"}, {"cell_id": "HSPC_756", "color": "#fddcc9"}, {"cell_id": "HSPC_762", "color": "#fbd0b9"}, {"cell_id": "LT-HSC_198", "color": "#fdd9c4"}, {"cell_id": "Prog_727", "color": "#3e8cbf"}, {"cell_id": "Prog_733", "color": "#f6af8e"}, {"cell_id": "Prog_739", "color": "#67001f"}, {"cell_id": "Prog_745", "color": "#67001f"}, {"cell_id": "Prog_751", "color": "#e1edf3"}, {"cell_id": "Prog_757", "color": "#bbdaea"}, {"cell_id": "Prog_721", "color": "#e0ecf3"}, {"cell_id": "Prog_728", "color": "#ce4f45"}, {"cell_id": "Prog_734", "color": "#f8f1ed"}, {"cell_id": "Prog_740", "color": "#d1e5f0"}, {"cell_id": "Prog_746", "color": "#3f8ec0"}, {"cell_id": "Prog_752", "color": "#f9c6ac"}, {"cell_id": "Prog_758", "color": "#2c75b4"}, {"cell_id": "LT-HSC_200", "color": "#71b0d3"}, {"cell_id": "Prog_722", "color": "#4997c5"}, {"cell_id": "Prog_729", "color": "#b1d5e7"}, {"cell_id": "Prog_735", "color": "#900d26"}, {"cell_id": "Prog_747", "color": "#67001f"}, {"cell_id": "Prog_753", "color": "#b82531"}, {"cell_id": "Prog_759", "color": "#59a1ca"}, {"cell_id": "LT-HSC_201", "color": "#f9c4a9"}, {"cell_id": "Prog_723", "color": "#f9ebe3"}, {"cell_id": "Prog_730", "color": "#b6d7e8"}, {"cell_id": "Prog_736", "color": "#dae9f2"}, {"cell_id": "Prog_748", "color": "#b82531"}, {"cell_id": "Prog_754", "color": "#67001f"}, {"cell_id": "Prog_760", "color": "#a9d1e5"}, {"cell_id": "Prog_724", "color": "#67001f"}, {"cell_id": "Prog_731", "color": "#78b4d5"}, {"cell_id": "Prog_737", "color": "#acd2e5"}, {"cell_id": "Prog_743", "color": "#730421"}, {"cell_id": "Prog_749", "color": "#dae9f2"}, {"cell_id": "Prog_761", "color": "#b1182b"}, {"cell_id": "Prog_725", "color": "#d7634f"}, {"cell_id": "Prog_732", "color": "#67001f"}, {"cell_id": "Prog_738", "color": "#7f0823"}, {"cell_id": "Prog_744", "color": "#e27b62"}, {"cell_id": "Prog_750", "color": "#ae172a"}, {"cell_id": "Prog_756", "color": "#991027"}, {"cell_id": "Prog_762", "color": "#e17860"}, {"cell_id": "LT-HSC_204", "color": "#e27b62"}, {"cell_id": "Prog_726", "color": "#bbdaea"}, {"cell_id": "HSPC_769", "color": "#f3a481"}, {"cell_id": "HSPC_781", "color": "#be3036"}, {"cell_id": "HSPC_787", "color": "#fbe6da"}, {"cell_id": "HSPC_799", "color": "#9f1228"}, {"cell_id": "HSPC_770", "color": "#cf5246"}, {"cell_id": "HSPC_776", "color": "#a81529"}, {"cell_id": "HSPC_782", "color": "#c53e3d"}, {"cell_id": "HSPC_788", "color": "#c6413e"}, {"cell_id": "HSPC_794", "color": "#e48066"}, {"cell_id": "HSPC_800", "color": "#be3036"}, {"cell_id": "LT-HSC_206", "color": "#f8f1ed"}, {"cell_id": "HSPC_764", "color": "#c2383a"}, {"cell_id": "HSPC_771", "color": "#b72230"}, {"cell_id": "HSPC_777", "color": "#b61f2e"}, {"cell_id": "HSPC_783", "color": "#f7b596"}, {"cell_id": "HSPC_789", "color": "#bf3338"}, {"cell_id": "HSPC_795", "color": "#c94741"}, {"cell_id": "HSPC_801", "color": "#d6604d"}, {"cell_id": "LT-HSC_207", "color": "#a0cce2"}, {"cell_id": "HSPC_765", "color": "#fbe4d6"}, {"cell_id": "HSPC_772", "color": "#e6eff4"}, {"cell_id": "HSPC_778", "color": "#df765e"}, {"cell_id": "HSPC_784", "color": "#8d0c25"}, {"cell_id": "HSPC_790", "color": "#f5aa89"}, {"cell_id": "HSPC_796", "color": "#b3192c"}, {"cell_id": "HSPC_802", "color": "#f8bb9e"}, {"cell_id": "LT-HSC_208", "color": "#db6b55"}, {"cell_id": "HSPC_766", "color": "#d86551"}, {"cell_id": "HSPC_773", "color": "#f19e7d"}, {"cell_id": "HSPC_785", "color": "#b72230"}, {"cell_id": "HSPC_791", "color": "#f5a886"}, {"cell_id": "HSPC_797", "color": "#fcdfcf"}, {"cell_id": "HSPC_803", "color": "#c94741"}, {"cell_id": "HSPC_767", "color": "#e58368"}, {"cell_id": "HSPC_774", "color": "#f9c4a9"}, {"cell_id": "HSPC_780", "color": "#e37e64"}, {"cell_id": "HSPC_786", "color": "#f6b191"}, {"cell_id": "HSPC_798", "color": "#e98b6e"}, {"cell_id": "HSPC_804", "color": "#f8bda1"}, {"cell_id": "LT-HSC_210", "color": "#fae8de"}, {"cell_id": "HSPC_768", "color": "#cb4942"}, {"cell_id": "Prog_769", "color": "#bb2a34"}, {"cell_id": "Prog_775", "color": "#67001f"}, {"cell_id": "Prog_781", "color": "#acd2e5"}, {"cell_id": "Prog_787", "color": "#9f1228"}, {"cell_id": "Prog_793", "color": "#6d0220"}, {"cell_id": "Prog_799", "color": "#c2ddec"}, {"cell_id": "LT-HSC_211", "color": "#c84440"}, {"cell_id": "Prog_763", "color": "#a21328"}, {"cell_id": "Prog_770", "color": "#cae1ee"}, {"cell_id": "Prog_776", "color": "#7eb8d7"}, {"cell_id": "Prog_782", "color": "#c53e3d"}, {"cell_id": "Prog_788", "color": "#9bc9e0"}, {"cell_id": "Prog_794", "color": "#bbdaea"}, {"cell_id": "Prog_800", "color": "#67001f"}, {"cell_id": "LT-HSC_212", "color": "#ea8e70"}, {"cell_id": "Prog_764", "color": "#67001f"}, {"cell_id": "Prog_771", "color": "#f8f1ed"}, {"cell_id": "Prog_777", "color": "#67001f"}, {"cell_id": "Prog_783", "color": "#ecf2f5"}, {"cell_id": "Prog_789", "color": "#67001f"}, {"cell_id": "Prog_795", "color": "#a81529"}, {"cell_id": "Prog_801", "color": "#700320"}, {"cell_id": "LT-HSC_213", "color": "#c53e3d"}, {"cell_id": "Prog_765", "color": "#67001f"}, {"cell_id": "Prog_772", "color": "#67001f"}, {"cell_id": "Prog_778", "color": "#faeae1"}, {"cell_id": "Prog_784", "color": "#da6853"}, {"cell_id": "Prog_790", "color": "#9bc9e0"}, {"cell_id": "Prog_796", "color": "#d86551"}, {"cell_id": "Prog_802", "color": "#aed3e6"}, {"cell_id": "LT-HSC_214", "color": "#c13639"}, {"cell_id": "Prog_779", "color": "#b82531"}, {"cell_id": "Prog_785", "color": "#d4e6f1"}, {"cell_id": "Prog_791", "color": "#67001f"}, {"cell_id": "Prog_797", "color": "#9f1228"}, {"cell_id": "Prog_803", "color": "#f8f3f0"}, {"cell_id": "LT-HSC_215", "color": "#ee9677"}, {"cell_id": "Prog_767", "color": "#c2ddec"}, {"cell_id": "Prog_774", "color": "#9dcbe1"}, {"cell_id": "Prog_780", "color": "#7eb8d7"}, {"cell_id": "Prog_786", "color": "#760521"}, {"cell_id": "Prog_792", "color": "#810823"}, {"cell_id": "Prog_798", "color": "#e37e64"}, {"cell_id": "Prog_804", "color": "#ef9979"}, {"cell_id": "LT-HSC_216", "color": "#b8d8e9"}, {"cell_id": "Prog_768", "color": "#67001f"}, {"cell_id": "HSPC_835", "color": "#fbd0b9"}, {"cell_id": "HSPC_841", "color": "#e27b62"}, {"cell_id": "HSPC_812", "color": "#ce4f45"}, {"cell_id": "HSPC_818", "color": "#f4a683"}, {"cell_id": "HSPC_824", "color": "#ee9677"}, {"cell_id": "HSPC_836", "color": "#fae8de"}, {"cell_id": "HSPC_842", "color": "#ae172a"}, {"cell_id": "HSPC_848", "color": "#93c6de"}, {"cell_id": "HSPC_806", "color": "#e1edf3"}, {"cell_id": "HSPC_813", "color": "#f5ac8b"}, {"cell_id": "HSPC_819", "color": "#5ca3cb"}, {"cell_id": "HSPC_825", "color": "#bd2d35"}, {"cell_id": "HSPC_831", "color": "#cc4c44"}, {"cell_id": "HSPC_837", "color": "#f7b596"}, {"cell_id": "HSPC_843", "color": "#f5a886"}, {"cell_id": "HSPC_849", "color": "#9dcbe1"}, {"cell_id": "HSPC_807", "color": "#d86551"}, {"cell_id": "HSPC_814", "color": "#eb9172"}, {"cell_id": "HSPC_820", "color": "#ae172a"}, {"cell_id": "HSPC_826", "color": "#f5a886"}, {"cell_id": "HSPC_832", "color": "#e98b6e"}, {"cell_id": "HSPC_838", "color": "#900d26"}, {"cell_id": "HSPC_844", "color": "#de735c"}, {"cell_id": "HSPC_808", "color": "#e17860"}, {"cell_id": "HSPC_815", "color": "#c43b3c"}, {"cell_id": "HSPC_821", "color": "#fcd7c2"}, {"cell_id": "HSPC_827", "color": "#ce4f45"}, {"cell_id": "HSPC_833", "color": "#df765e"}, {"cell_id": "HSPC_839", "color": "#e48066"}, {"cell_id": "HSPC_845", "color": "#fae8de"}, {"cell_id": "HSPC_851", "color": "#fbe4d6"}, {"cell_id": "HSPC_809", "color": "#d05548"}, {"cell_id": "HSPC_816", "color": "#930e26"}, {"cell_id": "HSPC_822", "color": "#f8bda1"}, {"cell_id": "HSPC_828", "color": "#e98b6e"}, {"cell_id": "HSPC_834", "color": "#db6b55"}, {"cell_id": "HSPC_840", "color": "#f5aa89"}, {"cell_id": "HSPC_846", "color": "#a51429"}, {"cell_id": "HSPC_852", "color": "#fddbc7"}, {"cell_id": "HSPC_810", "color": "#ea8e70"}, {"cell_id": "Prog_811", "color": "#eaf1f5"}, {"cell_id": "Prog_817", "color": "#67001f"}, {"cell_id": "Prog_823", "color": "#8dc2dc"}, {"cell_id": "Prog_829", "color": "#67001f"}, {"cell_id": "Prog_835", "color": "#e9f0f4"}, {"cell_id": "Prog_841", "color": "#e7f0f4"}, {"cell_id": "Prog_847", "color": "#67001f"}, {"cell_id": "Prog_805", "color": "#e9f0f4"}, {"cell_id": "Prog_812", "color": "#e6866a"}, {"cell_id": "Prog_818", "color": "#deebf2"}, {"cell_id": "Prog_824", "color": "#700320"}, {"cell_id": "Prog_830", "color": "#f8f1ed"}, {"cell_id": "Prog_836", "color": "#67001f"}, {"cell_id": "Prog_842", "color": "#f8f1ed"}, {"cell_id": "Prog_848", "color": "#d35a4a"}, {"cell_id": "Prog_806", "color": "#930e26"}, {"cell_id": "Prog_813", "color": "#a5cee3"}, {"cell_id": "Prog_819", "color": "#8ac0db"}, {"cell_id": "Prog_825", "color": "#93c6de"}, {"cell_id": "Prog_831", "color": "#f7b799"}, {"cell_id": "Prog_837", "color": "#f2f5f6"}, {"cell_id": "Prog_843", "color": "#67001f"}, {"cell_id": "Prog_849", "color": "#d4e6f1"}, {"cell_id": "Prog_807", "color": "#e1edf3"}, {"cell_id": "Prog_814", "color": "#4393c3"}, {"cell_id": "Prog_820", "color": "#e37e64"}, {"cell_id": "Prog_826", "color": "#9dcbe1"}, {"cell_id": "Prog_832", "color": "#67001f"}, {"cell_id": "Prog_838", "color": "#e6eff4"}, {"cell_id": "Prog_844", "color": "#f8f4f2"}, {"cell_id": "Prog_850", "color": "#d4e6f1"}, {"cell_id": "Prog_808", "color": "#760521"}, {"cell_id": "Prog_815", "color": "#ddebf2"}, {"cell_id": "Prog_821", "color": "#75b2d4"}, {"cell_id": "Prog_827", "color": "#dae9f2"}, {"cell_id": "Prog_833", "color": "#e17860"}, {"cell_id": "Prog_839", "color": "#e6eff4"}, {"cell_id": "Prog_845", "color": "#67001f"}, {"cell_id": "Prog_851", "color": "#d2e6f0"}, {"cell_id": "Prog_809", "color": "#67001f"}, {"cell_id": "Prog_816", "color": "#f9c4a9"}, {"cell_id": "Prog_822", "color": "#f3f5f6"}, {"cell_id": "Prog_828", "color": "#bd2d35"}, {"cell_id": "Prog_834", "color": "#960f27"}, {"cell_id": "Prog_840", "color": "#67001f"}, {"cell_id": "Prog_846", "color": "#67001f"}, {"cell_id": "Prog_852", "color": "#67001f"}, {"cell_id": "Prog_810", "color": "#760521"}]