	zscore	H_statistic	H_pvalue	S4S3_pvalue	S0S2_pvalue	S0S1_pvalue	S3S5_pvalue
Mfsd2b	1.7279655933380127	881.6267373441837	8.555800410496463e-191	1.657480023993976e-266	1.1265521668788853e-147	1.0	1.0115508226895079e-134
Gata1	1.726258397102356	850.5255983345405	4.764380521552839e-184	2.6896684221175963e-245	2.014386828320699e-139	1.0	6.145559147430034e-133
Vamp5	1.5691161155700684	780.4795569339741	7.407877641868159e-169	9.072414099915065e-169	5.907843083267014e-166	1.0	1.8018940197576846e-125
Klf1	1.726602554321289	746.4055087230296	1.8159810499743696e-161	1.2823939936848156e-199	2.9564624922837326e-108	1.0	1.3988618997188264e-100
Emb	-1.56130051612854	739.9031055544923	4.6686930315958864e-160	1.8076885112317776e-114	7.923853214006706e-169	1.0	1.826644668503339e-126
Lcp1	-1.7230216264724731	720.6680432219913	6.923598009121967e-156	8.59545538645078e-176	1.85184301887087e-120	1.0	2.279278309962978e-99
Limd2	-1.7167551517486572	710.9245633936005	8.977469926093279e-154	8.123901999866393e-189	1.2231902980206058e-80	1.0	4.74108074711139e-100
Aqp1	1.7236157655715942	700.6708490831307	1.5016679014610788e-151	5.433286023656809e-177	2.4917052264378805e-97	1.0	2.472183363300173e-97
Adgrl4	-1.5797958374023438	681.5319767685929	2.1209510266802819e-147	4.654932924548059e-185	3.8594869170369754e-36	1.0	4.6859805501423676e-92
Coro1a	-1.7127152681350708	670.3287578091688	5.697576140831528e-145	1.8165621813075603e-162	1.4192649746561553e-80	1.0	6.318134967669869e-103
Blvrb	1.7024108171463013	664.8452242853851	8.803309765348078e-144	8.743990354689701e-156	1.220864827456247e-97	1.0	2.816029712082208e-94
Lgals9	1.6111927032470703	660.888856839255	6.345532748242031e-143	1.1699526461510388e-178	5.162888820849565e-66	1.0	1.720001956295676e-73
Pkm	-1.7109578847885132	650.7722583308866	9.906494749965584e-141	5.062503932869755e-165	1.8454013193027894e-106	1.0	1.0680266304336516e-45
Gm15915	1.7295624017715454	644.7755679342569	1.9773372006264427e-139	2.675207818114963e-164	6.463397995534813e-82	1.0	2.161929056596129e-73
Car1	1.7208212614059448	635.3744838415726	2.1593384995382867e-137	6.919705336597275e-156	8.398127758596342e-78	1.0	6.462100284987657e-83
Tnfaip2	1.5390664339065552	632.8581762224682	7.583522900845001e-137	5.511897778861869e-157	8.821000701330705e-37	1.0	7.841898559744333e-98
Cd34	-1.6111873388290405	628.568171378092	6.455968088928952e-136	1.729107492386932e-115	4.880376234997102e-90	1.0	9.429380860009103e-117
Tmem176b	-1.6575318574905396	618.430384857666	1.018202680556388e-133	1.8665010558759163e-174	3.9204210980455194e-28	1.0	2.227657049398438e-45
Tmem173	-1.6378244161605835	608.8958763439513	1.1881287457459494e-131	1.4987119803691175e-118	3.0299265577080827e-96	1.0	7.175180329515455e-95
Mns1	1.5740413665771484	607.3797004686002	2.5325457720753494e-131	2.342559753363185e-157	2.6545035122010824e-32	1.0	1.8339435858341068e-76
Hmgb3	1.5465524196624756	590.7923293028213	9.987722094892413e-128	5.103279460950012e-143	3.613906087529836e-56	1.0	1.7113206731963452e-79
Samd14	1.725163221359253	586.2320094285061	9.728600235515056e-127	1.9670872031289038e-141	4.102985213473385e-69	1.0	3.040363731544473e-69
Tspo2	1.7261351346969604	583.6778137045038	3.481304137855972e-126	1.5056602673576e-140	9.056323083344668e-67	1.0	2.0746432961512257e-70
Epor	1.7195268869400024	579.7318526635012	2.495333209165176e-125	1.1469819717872355e-133	1.1278155071952601e-68	1.0	9.108297361719971e-77
Fkbp1a	-1.6965949535369873	575.4916549453187	2.0715108242125937e-124	4.551893533994667e-131	1.4114882765483301e-98	1.0	1.1842178227284473e-40
Ces2g	1.710631251335144	562.8608920138159	1.1329751820339234e-121	8.423957472805354e-120	2.1693543414393063e-77	1.0	6.416520476076402e-76
Abcb4	1.729469656944275	557.2726990915837	1.842986331038389e-120	8.97158564115226e-129	9.158526905394736e-72	1.0	5.149144130159693e-63
Gclm	1.5807297229766846	551.6950785529222	2.9820198706752333e-119	7.302848790828963e-123	5.898025606345694e-60	1.0	3.0900310755369566e-77
Lyz2	-1.6887249946594238	547.1003636309041	2.954137621243774e-118	2.5199668363135834e-142	1.4823234662566984e-60	1.0	3.626091762021548e-30
Spi1	-1.621795415878296	545.1244946339044	7.919585157476163e-118	7.998770686284685e-83	4.2186279942759685e-110	1.0	2.4724071860238554e-66
Slc14a1	1.6239643096923828	541.980080834134	3.8040973738073636e-117	5.958062702953245e-117	4.256618789175562e-96	1.0	1.2643100263696194e-35
Steap3	1.6556286811828613	539.5373423419325	1.2873844184754742e-116	1.2423733294103658e-133	1.1073947558061165e-38	1.0	1.4482878181873504e-62
Atp1b2	1.7240357398986816	537.5455039152395	3.478806685972727e-116	8.639738105511881e-123	2.27733493592489e-59	1.0	3.3361193411814615e-67
Sdsl	1.6305838823318481	523.9013643740785	3.152503834127848e-113	4.614782268105117e-96	3.816109177025464e-77	1.0	1.123928926762396e-76
Optn	1.7190338373184204	523.7889762944349	3.3343714135085444e-113	3.18293312050242e-116	8.050844173125241e-64	1.0	3.6050312555887827e-63
Ugcg	1.72789466381073	523.0246516749281	4.882801434965005e-113	7.613989382509368e-126	4.3234432727431935e-60	1.0	1.0395151042174122e-48
Kel	1.7299970388412476	517.346119088013	8.305873793523013e-112	2.069297317425339e-121	1.4413118199897656e-58	1.0	7.436791513486414e-54
Gfi1b	1.6757739782333374	517.1721519680815	9.059183498945949e-112	2.5722849612922145e-95	1.2808360390722237e-84	1.0	2.81742876748633e-65
Epdr1	1.721238374710083	501.87073870916987	1.8760851837085412e-108	6.864558826050348e-116	9.343842436975139e-49	1.0	6.799954427322056e-59
Tmsb4x	-1.6264803409576416	501.8615597347936	1.8846980741753768e-108	3.283704479731758e-48	4.634353544854766e-127	1.0	3.574263983610102e-28
Tmem176a	-1.7003170251846313	498.4537684710111	1.0321922986750318e-107	3.290433025758407e-129	3.7619926785124755e-33	1.0	1.3187149964304607e-37
Cd27	-1.5951176881790161	492.2401561519358	2.2925372246909866e-106	4.604765897661928e-106	1.147664122576743e-35	1.0	1.4757291432022592e-73
Sept8	1.6910960674285889	489.3498722743942	9.697503946093701e-106	2.672220696111294e-95	2.953297037825951e-70	1.0	3.2343499363130846e-61
Gstm1	-1.6116912364959717	488.93334737509275	1.1937765374723712e-105	2.70295144479173e-117	9.833259546682653e-66	1.0	1.0014792551718547e-18
Ramp1	-1.5107473134994507	483.80001058224354	1.5464306002633997e-104	7.07021035007993e-43	1.968411624523102e-95	1.0	2.1419809664221234e-70
Gstm5	1.6911078691482544	481.0016626067753	6.247834531909978e-104	4.244133182290039e-99	1.081393957066268e-61	1.0	8.50158039152772e-59
Laptm5	-1.6533581018447876	476.3793008910037	6.271543970152037e-103	2.2835645817678494e-95	9.236994092234393e-32	1.0	8.517881910334159e-79
Napsa	-1.6497516632080078	470.9392028061367	9.466582125619208e-102	6.073311221042343e-78	1.5759773034389436e-84	1.0	2.3875816009052384e-52
Cd93	-1.5332087278366089	459.7683294842495	2.4930264988243922e-99	3.463037027840234e-56	8.687823936433415e-90	1.0	2.6330834136716845e-57
Smim1	1.7292120456695557	458.9110869808404	3.823589331641385e-99	1.0598710525752481e-105	7.448344157572837e-47	1.0	1.7965609037848613e-45
Plppr3	-1.5282697677612305	453.0337276094682	7.176898479692021e-98	8.941438730232158e-61	4.257377991903416e-95	1.0	1.2988445216567888e-41
Unc93b1	-1.5929856300354004	450.68294093284135	2.3188833553083986e-97	5.031095708112707e-69	2.3089670654107652e-82	1.0	7.620297903277108e-51
Csf3r	-1.620850920677185	448.926986594487	5.568466152146013e-97	5.615146962956403e-77	1.724555725996443e-75	1.0	4.635768846143573e-50
1700006J14Rik	1.7289408445358276	444.6095609719963	4.799141111834326e-96	2.7750674933644733e-99	6.99513302211568e-45	1.0	1.0793669303020657e-47
Gm8995	-1.6862646341323853	442.3937357981464	1.4495853398817194e-95	2.3379782857745054e-85	7.959100036531475e-63	1.0	5.192846802947343e-50
Ermap	1.7262369394302368	433.5078074297005	1.2201481899265565e-93	1.97775694644088e-95	1.362699097305261e-43	1.0	2.6629122914993056e-47
Stx2	1.7285457849502563	432.5945576726236	1.9242717737003052e-93	1.022829067042962e-97	1.0641794475937206e-45	1.0	5.961753103855006e-41
Tfr2	1.521018147468567	426.71519426145164	3.614067148194691e-92	4.4297069999727026e-60	3.458625443396385e-59	1.0	2.3027491259133253e-69
Necap2	1.5218520164489746	422.8432657445117	2.4934732983065915e-91	9.858768669907028e-103	5.294828464204094e-19	1.0	8.428203601496852e-39
Cenpa	1.5634055137634277	417.7994074032361	3.086534650453123e-90	6.774393906879978e-102	3.3002905282929386e-18	1.0	6.806786401076015e-37
St8sia4	-1.5061622858047485	416.9166902808061	4.793951771711302e-90	2.5260859897341266e-50	8.360897808896574e-75	1.0	1.8510121869851883e-55
Casp3	1.7214356660842896	402.3258912928208	6.93980485366856e-87	1.4150711358305167e-86	2.2120505980292837e-42	1.0	1.3816623486975572e-41
Gypa	1.7227354049682617	400.14450982773974	2.05993495070833e-86	3.1171614385713805e-87	2.964757722137951e-34	1.0	3.436366829049769e-45
Urod	1.7274036407470703	398.8914275313283	3.848390856359785e-86	4.504545752015663e-83	1.5408309325428973e-51	1.0	1.077369067985395e-35
Ebi3	-1.5155454874038696	398.2111849918347	5.402853434121462e-86	3.92816145813704e-101	8.883149578399846e-16	1.0	7.273920475355613e-22
Hemgn	1.7036519050598145	395.0625392166981	2.597931851423235e-85	2.222929717574382e-75	3.6616059022062114e-52	1.0	5.012731225667822e-44
Slc25a21	1.7247531414031982	390.3834925463672	2.679758782470563e-84	5.351612105600857e-76	2.384856080473829e-47	1.0	4.6516394922414374e-45
Fam132a	1.6747281551361084	388.28506061951884	7.631325722846398e-84	1.6930293190680082e-72	6.556890876992395e-44	1.0	4.1276452202319284e-51
Tnfaip8	-1.7269326448440552	386.34846680303275	2.004683492670182e-83	4.513478001505253e-88	1.1607923758557783e-30	1.0	3.2284593140086157e-37
Alad	1.6420449018478394	385.96937979656724	2.4218733974690647e-83	1.4655549694569394e-84	1.1827681263411957e-31	1.0	2.8545274766131888e-42
Il1rl1	1.728300929069519	385.27229150745495	3.428717607627749e-83	8.884838623818358e-78	3.0445784642538155e-48	1.0	1.8412746858131653e-38
Golm1	1.6823296546936035	374.81373386940817	6.312969938524787e-81	1.7696015128140892e-89	2.1157134283703383e-23	1.0	2.1247364511565413e-30
Slc11a2	1.6705491542816162	369.9076101973461	7.290193758172544e-80	6.243342892867673e-80	3.91998767441458e-27	1.0	1.954484597956385e-42
Sptbn1	-1.640188455581665	369.62245537464696	8.404136417208955e-80	8.855623622996765e-62	6.007993997801957e-60	1.0	1.3006846728555241e-36
Bin2	-1.6448720693588257	362.39564678665175	3.08681208896475e-78	2.8819100586313665e-85	8.846483954253848e-10	1.0	1.9737283929728086e-31
Elmo1	-1.7050585746765137	362.0535632898832	3.6609072826143916e-78	7.623978057795184e-77	7.592011199803807e-47	1.0	1.5424530161792451e-24
Pklr	1.727184772491455	361.5854179006441	4.623446012000528e-78	4.994431198662038e-79	3.7096822898703614e-29	1.0	8.106202945203453e-38
Gm1966	-1.52748703956604	359.79151988719315	1.1309196283950468e-77	1.1554779912526422e-50	3.051410207543219e-54	1.0	1.0626491317696312e-48
Fam107b	-1.6418217420578003	359.7097440903363	1.1779857649111796e-77	4.138496443398505e-55	6.878680757315419e-63	1.0	2.730496218393147e-34
Acss1	1.6957807540893555	359.61499902555056	1.2349710715132346e-77	1.1576868187813728e-84	2.4084692634644505e-28	1.0	2.399589826598519e-26
Mt2	1.7200841903686523	356.97628958041565	4.603147594597425e-77	7.77606690139945e-73	6.998769228769748e-33	1.0	6.503135196937384e-42
Rassf2	-1.6793489456176758	354.83616960255904	1.338066139941953e-76	6.635710521039463e-67	2.0723856010998483e-43	1.0	5.7390396474480006e-40
Mndal	-1.5416227579116821	354.58748080285574	1.5147057592920085e-76	8.079843626573397e-75	8.50159631601267e-14	1.0	2.7261560857465825e-45
Cpox	1.6467875242233276	354.32318502816145	1.728058209022696e-76	6.1269655509070775e-77	8.031639929937415e-22	1.0	1.4723074014979559e-40
Rcsd1	-1.6623399257659912	352.44359383986017	4.411211844792629e-76	2.4889850489635003e-62	2.797226134672442e-45	1.0	1.9456062774041325e-42
Tes	-1.6202040910720825	351.9536174960623	5.631894792470534e-76	2.5576885348994782e-62	4.739044725157722e-38	1.0	2.5310085998735586e-48
Runx2	-1.522874355316162	350.66374534401945	1.0714056438909086e-75	9.306061042340354e-64	1.6356308318246861e-29	1.0	8.448869055175838e-52
Acsl5	1.6242672204971313	348.33267802045145	3.425300367860404e-75	1.9391587094549446e-79	4.307057728960257e-28	1.0	2.812688563832996e-29
Prss50	1.7273318767547607	347.3505166130634	5.589367451001849e-75	4.238001604761415e-74	1.5864590710296375e-31	1.0	1.66649715251072e-35
Rhd	1.7225513458251953	342.4694686679261	6.371084689430146e-74	6.931135583308476e-71	4.901464060995921e-31	1.0	6.7749525989846e-38
Minpp1	1.6610511541366577	341.8242031721871	8.788683975996904e-74	7.52652539637615e-71	1.4360765859230458e-29	1.0	1.361862583793447e-38
Cyth3	1.6931015253067017	340.32051048819875	1.8599222414975988e-73	1.183732440072176e-59	5.8543353375928e-44	1.0	2.4954244779581343e-40
Ctse	1.7060704231262207	339.7248591984794	2.5029988015000293e-73	1.8148960267009891e-63	1.094694590652619e-52	1.0	6.2218519041136686e-24
Plcg2	-1.6604453325271606	338.16127736378866	5.457481300325647e-73	1.0899746688729222e-64	8.96140157944613e-32	1.0	2.582006617142395e-43
Cd55	1.650030493736267	338.1083929337883	5.603278407168047e-73	9.041343024387426e-52	2.68484633661186e-50	1.0	4.4789564354699696e-41
Sppl2b	1.5211389064788818	337.2912837955701	8.420790532378401e-73	1.4876331707439214e-76	2.2886364300715612e-12	1.0	2.4484394160596594e-33
Snca	1.7296360731124878	334.3130478066488	3.716670545581144e-72	5.189869977342456e-72	5.5262547616581135e-37	1.0	1.637564689729519e-25
St3gal5	1.7157082557678223	334.21793167803406	3.897147536410156e-72	1.2676601830778132e-67	3.454945744759948e-29	1.0	3.033693055666959e-39
Tspan33	1.712809443473816	332.52135454327663	9.079362567368532e-72	1.3186617049284031e-65	8.190334414999203e-35	1.0	6.69148930228273e-37
Hdac7	1.6464546918869019	331.9368329703459	1.2150743077134252e-71	3.605300239635215e-76	1.1157157359230207e-35	1.0	1.6256213531115456e-12
Smim5	1.694506049156189	331.6597022613043	1.3950851649989262e-71	2.9358747070053367e-68	4.9815124152478866e-45	1.0	6.390934789180648e-20
Arhgef6	-1.7004711627960205	331.2761863655201	1.6890029079823925e-71	4.673764776072926e-78	2.827001646712093e-23	1.0	2.827001646712093e-23
Cited4	1.7138371467590332	328.56152739241253	6.536346749680815e-71	1.444080712106372e-69	5.0360696398429574e-26	1.0	2.0788156604839566e-35
Slc38a5	1.722228765487671	327.52776850480456	1.094290972672527e-70	8.07838359359157e-67	1.599622789925609e-32	1.0	2.8100512449331165e-34
Slc40a1	1.7181050777435303	323.55057235720193	7.945718244597176e-70	8.690350460527273e-70	4.779449958570907e-25	1.0	7.662971744989828e-33
Slc41a3	1.7155766487121582	322.96460745776653	1.0641004209649546e-69	1.3431014211526832e-62	7.839026453377917e-33	1.0	2.19874006063758e-37
Nfia	1.526014804840088	319.69669572980814	5.425076379871412e-69	4.525276495347108e-28	3.134809897888345e-67	1.0	4.740522178275574e-28
Asph	1.7179608345031738	318.8930882116336	8.097741023138493e-69	1.2178264359750052e-61	6.069890211118395e-43	1.0	3.178731672077193e-26
Sphk1	1.7193771600723267	315.9279854296602	3.549865758030165e-68	2.0859853037372196e-65	7.132437378681896e-29	1.0	1.0600261792453975e-32
Tango2	1.7137867212295532	315.6314690144584	4.115257641923781e-68	3.5364894931596167e-67	1.7860566450778506e-28	1.0	4.678570769616587e-30
Col5a1	1.7274237871170044	311.7946706041172	2.7855322221080882e-67	8.977480222664881e-66	2.1822499053300556e-27	1.0	6.618413665880257e-31
Arhgdib	-1.6666579246520996	311.33894949304045	3.49583697874637e-67	1.061260661131142e-37	4.6356725348599824e-45	1.0	3.3605428873959257e-45
Rgs2	-1.5238535404205322	307.98193742192524	1.8628506428017848e-66	1.2884262469225174e-39	5.170639684490306e-41	1.0	3.4073269568338153e-46
Ptprc	-1.6071919202804565	307.66374059611655	2.1829841267733153e-66	1.3312892702517564e-58	1.5632506228658252e-18	1.0	3.514947421374865e-43
Il15	-1.6068376302719116	306.89455396472704	3.2028549385810685e-66	5.003666842539325e-74	1.2667307977092406e-22	1.0	2.8831215907230763e-11
Trib2	1.6691381931304932	303.88068415994263	1.438340264490146e-65	3.5914438064261187e-47	4.1900097738584137e-50	1.0	8.933839278628026e-28
Prdx6	1.6851633787155151	302.40230705886614	3.0049348998347587e-65	7.197071496933873e-59	2.358131181559796e-32	1.0	6.958308253213891e-32
Spire1	1.699788212776184	301.3845490226547	4.990121974526255e-65	6.944461536399834e-58	1.4653825075073267e-28	1.0	1.1210835286561865e-35
Ube2c	1.5049952268600464	301.154113361306	5.597377903496805e-65	7.6880293331194e-68	5.427243035548359e-08	1.0	2.4842271063380746e-27
Rhag	1.714398741722107	300.1290372186398	9.329139129626962e-65	3.5444719469171123e-60	7.739589171220418e-23	1.0	9.315222554852095e-36
Irf1	-1.6969027519226074	299.1291364325854	1.535491466434302e-64	5.140496254652872e-66	3.2868481579571593e-23	1.0	5.319141047344392e-26
Cldn13	1.7226805686950684	297.4808845904144	3.491153024004944e-64	7.458492793420011e-63	7.258720150606322e-24	1.0	6.52076785881752e-30
Mylk3	1.720323085784912	296.6426611133279	5.301248429983682e-64	5.129499796687099e-66	1.0988850098088604e-18	1.0	3.7261961667656294e-27
Cela1	1.7246675491333008	292.98800948093435	3.2756830513177377e-63	2.1279148623449618e-57	1.1737932338205817e-31	1.0	1.8821676947249013e-29
Lyrm4	1.614043116569519	289.53265730991495	1.8325820531270403e-62	2.9235043282538492e-62	8.60717415168408e-21	1.0	2.266210210041925e-28
Ttll12	1.6651487350463867	288.91613622454923	2.49160716388859e-62	2.5804736037317216e-64	8.224138629744407e-18	1.0	4.351097124103975e-26
Pcp4l1	-1.679216742515564	282.8045338106181	5.235842892098503e-61	3.91887744783957e-65	3.929979109811206e-18	1.0	1.66501105282318e-20
Atp7b	1.7278333902359009	279.52993504013523	2.676365812021316e-60	4.557981576454857e-59	2.264102746052054e-25	1.0	8.996536453496423e-25
Add2	1.7241640090942383	278.744313876971	3.9585316421313806e-60	1.979718319553218e-55	4.918045491351078e-25	1.0	3.871783215116716e-30
Vkorc1l1	1.5556820631027222	276.1260400257329	1.4589834105691621e-59	2.938418053239755e-60	1.7648932178412354e-09	1.0	1.1465952072009402e-27
Slc43a1	1.6391581296920776	275.92767440406556	1.6105342600857548e-59	2.3132535742566925e-57	5.039711779151292e-19	1.0	1.040406054297843e-29
Pla2g12a	1.5742729902267456	271.32665217776787	1.5938382665761164e-58	4.875769809876437e-55	3.6572293411680707e-13	1.0	6.596869833108252e-33
Lmna	1.7260196208953857	267.90015309042457	8.785360225721076e-58	1.6853024508502475e-51	2.9318070253323254e-33	1.0	2.7893240600533077e-22
Gm2a	-1.6056157350540161	267.6451555669782	9.975308191462699e-58	8.165584177477787e-29	2.612287508457868e-50	1.0	7.846804520865743e-26
Ahctf1	1.518660306930542	267.0415933764624	1.3474156134783694e-57	3.420722973741689e-58	2.5296126931421968e-14	1.0	7.660217465095482e-26
Asns	1.6516218185424805	265.9810152148161	2.285311865087835e-57	3.8926146032797e-51	1.3450153525842392e-19	1.0	4.3246839350627717e-33
Gdf3	1.6162406206130981	265.6504062885376	2.694438173171159e-57	3.6308189390602323e-50	4.020765509298286e-18	1.0	7.265766228891896e-35
Aldh18a1	1.5038721561431885	264.20467422054537	5.536417142659763e-57	3.0522542700960545e-58	6.443480109514133e-11	1.0	6.083596407346864e-25
Gpr65	-1.6314808130264282	263.435990950936	8.119294691495359e-57	2.0805055798846112e-39	4.736345972057478e-44	1.0	2.2835233840041795e-22
Myo1d	1.7141247987747192	262.827827466019	1.0992113840052603e-56	6.327969477926988e-50	1.9510754518951695e-27	1.0	1.0799625893133146e-27
Narf	1.7276408672332764	260.41164523877137	3.6623361882135757e-56	4.4237880905572726e-55	6.272495560847367e-26	1.0	1.3612488081975275e-19
Fchsd2	-1.630616545677185	260.41124657902253	3.6630634914136695e-56	8.68218657947515e-59	5.806487615334419e-15	1.0	7.641210866236873e-21
Gp5	1.7138621807098389	259.9330620060682	4.648200288993188e-56	8.05680088262331e-46	3.1238963544672674e-35	1.0	9.323537036022364e-24
Hars	1.502895474433899	258.2824985922295	1.0576145293987577e-55	3.253598137673017e-54	5.707010298958936e-15	1.0	2.029600441390871e-27
Aqp9	1.6261924505233765	257.07841990248124	1.9265615151077758e-55	4.000882303328189e-40	1.875317323520858e-42	1.0	3.972749442893978e-20
P2ry1	1.711804747581482	251.31294756266814	3.402923759507467e-54	1.880550118889911e-54	1.3050105480100735e-16	1.0	1.0068109752817045e-22
Myh10	1.7160512208938599	249.74090169800792	7.445018767416668e-54	1.336401706370966e-45	1.68452381342466e-27	1.0	8.086925050071552e-27
Nxpe2	1.7225630283355713	245.61114571320334	5.821554987906984e-53	1.078434868247503e-44	1.7957451493851924e-26	1.0	7.280208093138082e-27
Lpin2	1.6506152153015137	244.9953118786482	7.910881239480054e-53	1.084573961915135e-52	2.042179967177256e-27	1.0	2.06078415436573e-10
Nek2	1.5444563627243042	244.9050704807019	8.274488984046735e-53	3.9267622090691036e-53	4.011476150415354e-06	1.0	7.942455930601434e-23
Cnr2	1.694264531135559	244.82908128750475	8.593600940965137e-53	3.2445926136827185e-52	5.7126116909983635e-15	1.0	8.591836384522557e-24
Tspan14	-1.6291935443878174	243.96510318843755	1.3213692695080486e-52	4.031464157187276e-58	3.644957904396983e-09	1.0	1.0641682384362379e-12
2210016F16Rik	1.6315847635269165	243.17688044650384	1.95653482818499e-52	1.1577525627557545e-49	9.495474952965682e-17	1.0	5.631196531409601e-26
Anxa1	-1.5346318483352661	242.82913540853463	2.326436701309918e-52	6.769196738689813e-38	5.89216709841268e-43	1.0	5.627248701289336e-13
Tspan3	-1.6376516819000244	241.17941495797305	5.289995361232989e-52	7.552363160203434e-58	6.841155669900368e-11	1.0	6.841155669900368e-11
Nudt9	1.617118000984192	238.85948074341928	1.6793491666026815e-51	4.4432343462166624e-52	1.0577827545265824e-14	1.0	5.165591326664614e-21
Gpsm2	1.7052409648895264	238.30838277500266	2.2095965184418573e-51	3.0640191237520577e-49	1.2907402797260573e-15	1.0	8.0378648723517865e-25
Wls	-1.5032250881195068	237.98427045766087	2.5965697341203574e-51	5.07844134196221e-47	5.862849956584967e-33	1.0	2.571865461647268e-07
Fam234b	1.7153735160827637	235.9408705629718	7.182269715719318e-51	1.0504232164136142e-45	3.8043026343647554e-28	1.0	1.207214872798252e-18
Ccne1	1.5894532203674316	235.7965213954366	7.717470081784436e-51	3.472186149009989e-48	1.1344168820077918e-11	1.0	1.3096386447441913e-26
Gng2	-1.6651098728179932	235.19129818109357	1.0431436380259411e-50	4.771621268670201e-39	5.2980377063806504e-30	1.0	2.2661642886865324e-25
Atp5a1	1.5054516792297363	234.07380504001492	1.8196135151809484e-50	2.7601031359503864e-51	3.3786756458524187e-10	1.0	2.846810230620543e-21
Hpn	1.7167352437973022	233.74645836312143	2.141708002405798e-50	5.659467662181923e-47	3.6912838826387954e-16	1.0	1.2367308927372845e-25
Plcb2	-1.7180758714675903	232.26362422381234	4.481087177042279e-50	1.6260888847045243e-50	9.076568852003548e-18	1.0	3.1160804759672984e-18
Ell2	1.7045397758483887	231.1104425653178	7.956498865253989e-50	2.2374970509485786e-38	5.598669837798455e-27	1.0	3.819662442583774e-27
Scrn3	1.704770803451538	230.81027426387328	9.238956456256296e-50	1.9652942369101014e-43	2.3941401915935562e-17	1.0	2.673498951432961e-28
Leprot	1.5835250616073608	230.77512910776215	9.402033832163565e-50	3.8103830698615e-51	2.3790162930417203e-14	1.0	2.2617392431235493e-18
Aplp2	1.571663737297058	229.43359835588478	1.8334808608665964e-49	3.353170497503666e-29	6.419662812520455e-33	1.0	3.1202261089658654e-29
Crip2	1.7239586114883423	229.36412574595775	1.8980033304591734e-49	1.672604267956808e-44	4.538867587777969e-18	1.0	7.128954900646526e-26
Slc25a38	1.5568631887435913	228.53509957560743	2.8677296421494944e-49	4.024261164121974e-50	1.676058651986517e-08	1.0	1.5767686345358882e-20
Cyth4	-1.5315327644348145	221.89013803203207	7.83649717323498e-48	5.198224369852678e-39	1.9053410306678623e-18	1.0	4.741295875453533e-29
Fam126a	1.7040159702301025	221.4449889627966	9.780311431604954e-48	2.1668362168083535e-33	2.294029385415252e-34	1.0	3.6819322315709634e-20
Cct3	1.5277680158615112	221.102426913951	1.1598609107391185e-47	4.350528646673892e-49	2.3683585501899344e-15	1.0	4.880299727090737e-16
Cnn2	-1.7005226612091064	220.73820147291678	1.3904060689090022e-47	1.7498984831491516e-43	7.071628088330113e-25	1.0	3.2698900502630776e-17
Prdx2	1.717286229133606	220.51430771032264	1.5543226484743012e-47	2.4620313968742328e-48	2.4582124793766104e-18	1.0	9.043382514744364e-15
Plk1	1.5744556188583374	220.47086913327973	1.5882956474816792e-47	4.650209620748999e-43	1.9724736936596297e-10	1.0	3.788808597844957e-27
Nt5c3	1.5660996437072754	220.2734430503459	1.7523024975514174e-47	7.02416556032907e-31	3.532581171940256e-30	1.0	6.722296921475076e-27
Aldh1a7	1.7233052253723145	219.29293512973683	2.854720654506013e-47	2.774369817218555e-40	5.1280799484385316e-23	1.0	5.1280799484385316e-23
Fech	1.5339101552963257	219.19569553681072	2.996287509412987e-47	3.957434435956173e-39	1.4184876131940914e-12	1.0	9.578679067942414e-31
Aldh1a1	1.653152346611023	218.3221039336038	4.628306961687261e-47	2.614908931059301e-34	2.798226702345635e-22	1.0	7.797561545168688e-30
Rgs19	-1.5991443395614624	217.3520076920823	7.500973130902167e-47	1.5621323609516975e-30	5.6687441267449205e-27	1.0	4.9396599046060565e-29
Ubac1	1.5027624368667603	216.50771497359813	1.1418682318189336e-46	6.102258497160473e-47	2.507489838639892e-07	1.0	7.165626099684623e-20
Tmem56	1.7140402793884277	216.0887335568213	1.4066299476719828e-46	6.169137419100577e-44	2.2062627838232547e-11	1.0	7.597649778221613e-24
Rfesd	1.7231389284133911	215.35293891283644	2.02871831000669e-46	1.2860259300435213e-43	2.8788203125516744e-20	1.0	1.0768955811850703e-18
Ablim1	-1.6228865385055542	215.05766354712168	2.3498750550513762e-46	1.2117079074826563e-44	1.1158384914361982e-14	1.0	6.09930249158353e-21
B3galnt2	1.6392030715942383	214.41829433924391	3.2302893577121203e-46	7.442423885948346e-42	4.1194779813909825e-16	1.0	8.18492223294241e-24
Coro7	-1.5378600358963013	213.55238357237485	4.970510019606492e-46	7.638537267704316e-32	1.288076739568704e-17	1.0	2.13908273862924e-33
Lrrc8c	1.5716882944107056	213.28680342790506	5.672875177540482e-46	5.1559636463619124e-49	5.247486423154786e-17	1.0	2.737292467431526e-07
Tmem64	1.7218501567840576	213.22592022559613	5.8473949251138515e-46	1.239067413479119e-42	2.6841513955685297e-19	1.0	6.254932498526784e-20
Reep6	1.7200449705123901	211.13020341878084	1.6592685078211012e-45	1.681320095388123e-44	1.6926607848876653e-17	1.0	2.795469716373171e-17
Phactr2	-1.6095612049102783	209.03475134138966	4.7075257293053456e-45	4.816736584303497e-46	2.0830111673007023e-09	1.0	1.224072987543602e-17
Hba-a1	1.72294282913208	208.9862193058987	4.822601248855482e-45	3.877527618616303e-42	2.11323769369677e-15	1.0	2.379814936671798e-21
Prkab1	1.6818474531173706	206.87209661852256	1.3809257662477128e-44	5.568821045035545e-41	6.077383750811741e-19	1.0	1.639494820960001e-19
Alcam	-1.653262734413147	204.78251654871474	3.906011120482715e-44	2.7202541402839036e-45	4.938793316852688e-12	1.0	7.165719346776414e-16
Sh2d4a	1.730900764465332	204.54167043995542	4.403312073764688e-44	1.556224720372964e-41	4.611381129103556e-17	1.0	5.527508302902662e-19
Atp8a1	1.719404935836792	204.22191393258998	5.16270438167131e-44	4.504308252814207e-37	2.5542063728499722e-26	1.0	2.0704901067444293e-16
Psen2	1.5879755020141602	203.3746777749429	7.869701346200152e-44	9.836540288762608e-42	5.130853906915258e-12	1.0	4.695547107674366e-21
Orc5	1.6885467767715454	202.42563329405763	1.2619287156399187e-43	4.472588032025447e-37	3.265722649493316e-18	1.0	2.878016074786966e-23
Hspa8	1.6387829780578613	202.04942120029312	1.5216971595312124e-43	1.712854189097504e-45	1.31272876528851e-09	1.0	7.723284227301074e-15
Fpgs	1.5289500951766968	201.95250601437942	1.596871351928542e-43	9.042313925620923e-40	4.942974308741178e-10	1.0	8.353525347793586e-24
Smim13	1.647788405418396	201.74260029872912	1.772665389561776e-43	1.5732870285748376e-43	2.338908044399246e-12	1.0	2.8716389882078266e-17
Picalm	1.6819226741790771	201.6174686121078	1.8865371170355274e-43	7.18264267146631e-44	7.26148971917771e-14	1.0	9.767105543338617e-16
Ap1b1	1.6974998712539673	201.53795851992086	1.9626639138969934e-43	6.250412093850899e-44	5.95886896261282e-17	1.0	4.852147048293013e-13
Ddias	1.6854783296585083	201.17862219074408	2.346881221516356e-43	4.142355545777309e-43	5.990969223751954e-13	1.0	2.1476266949576272e-17
Cers5	-1.5023976564407349	197.3967103268007	1.5404323385381108e-42	4.9941750178506426e-42	1.1515454151638728e-21	1.0	4.6075919938164276e-05
Afap1l1	-1.5567359924316406	196.9243416242842	1.94850324015964e-42	1.4597033072095756e-45	1.221192783788346e-07	1.0	7.712907953304218e-12
Cul4a	1.5134302377700806	196.57148346746828	2.322403962130701e-42	4.5225541039164865e-40	1.0198314256058655e-10	1.0	7.015948783781654e-21
Appl2	-1.6803309917449951	196.2439348924204	2.73341472506387e-42	1.2599970215722278e-43	1.971337963464636e-14	1.0	1.4455114080704852e-12
Tspan8	1.6973092555999756	195.76996340616225	3.4602487146355005e-42	1.5371112833844625e-26	4.090565475592514e-36	1.0	1.0111398352940164e-11
Plxnc1	1.5342435836791992	195.4552753843005	4.046645293993285e-42	6.94952780804535e-19	2.637104594975775e-33	1.0	3.145909228001432e-22
Sept6	-1.6513149738311768	194.36430076129787	6.962963258833006e-42	1.9131806627983837e-41	4.1362963557403845e-10	1.0	5.775611185261504e-18
Ptdss2	1.5723954439163208	193.80587040789922	9.192576838640707e-42	2.6028423736662473e-38	1.89466946103036e-08	1.0	1.1482323200783393e-22
Ccnf	1.5672471523284912	193.2728323747386	1.1983758134673865e-41	5.258311838358144e-41	8.346783977728239e-09	1.0	1.813016659406065e-18
Stard10	1.6767709255218506	193.13128674337813	1.2857952343003692e-41	2.973359902906312e-31	1.133114088084833e-27	1.0	5.2937716885116834e-17
Hebp1	1.7030338048934937	191.37053843812197	3.08705981537248e-41	7.853440213724544e-32	3.2945045111041086e-20	1.0	4.1444552490465414e-23
Selenbp1	1.647984266281128	189.3972822294546	8.237677724816548e-41	1.7946291141379142e-26	5.3415142963250286e-30	1.0	9.944930288731915e-18
Pigq	1.6206343173980713	189.32938926035303	8.520606782082204e-41	8.465831735294717e-38	1.471814416788047e-12	1.0	4.083409557416837e-20
Ampd3	1.7158979177474976	189.32037815743806	8.558881860356161e-41	1.4340954406155847e-34	5.359735858982866e-17	1.0	1.4047491515520822e-21
Paqr9	1.7313542366027832	188.62127435885841	1.2117988020844045e-40	4.4407646174226826e-39	3.338087492505485e-19	1.0	2.5322067032290355e-12
Atp2a3	-1.705767273902893	188.28740683866982	1.4306989176520905e-40	4.044128760829339e-40	2.3315846514156402e-18	1.0	8.46877371403786e-11
Csrp3	1.7261488437652588	187.9876502727426	1.6607230101546747e-40	4.618193107414411e-42	4.122976907128185e-11	1.0	4.730463769147395e-13
Kif2c	1.5103771686553955	187.75449828262822	1.8649141927382165e-40	8.967029143639679e-40	0.0002976007220567138	1.0	4.903712870300528e-17
Clic4	1.6926186084747314	185.94125056670978	4.595317190597635e-40	3.6870343400047525e-38	8.126638155962526e-15	1.0	1.2723155766105958e-16
Mapk9	1.7192695140838623	185.5125283968225	5.6874211828138235e-40	6.851381793960214e-35	2.6352816414092653e-19	1.0	1.4408018219994352e-17
Mctp1	-1.5729782581329346	185.08671803657876	7.028865640384994e-40	5.127536716345952e-37	1.3169588480482243e-23	1.0	1.1862371917988347e-05
Stxbp1	1.661976933479309	184.89235215213466	7.742220416004586e-40	3.962814685369948e-27	1.9136369479282008e-28	1.0	6.966440207312736e-17
Myo1g	-1.5841697454452515	184.1144926638914	1.1399081352604956e-39	2.762038305464935e-28	1.270014436264418e-29	1.0	1.9658067479861781e-13
Abhd16a	1.6082624197006226	183.63954949839598	1.4436023355600388e-39	1.6789513607100065e-34	1.37008891767021e-16	1.0	1.7041465686082697e-19
Esr1	-1.5625648498535156	183.61173369846125	1.4637104016462814e-39	6.704041321508912e-34	1.0572353941970892e-16	1.0	3.590522182179777e-20
Sptb	1.7273037433624268	182.86084882091774	2.126314230803352e-39	4.502942923145253e-36	5.18845977320036e-16	1.0	2.091282352170873e-17
Mgll	1.7232438325881958	181.77629300815101	3.646346587593088e-39	2.3526709668496735e-34	8.480556128006625e-17	1.0	1.076383925009992e-18
Tlk1	1.6626462936401367	179.40577035072423	1.1851983540262688e-38	2.4948876583521917e-37	5.3969638623742155e-12	1.0	1.5223012238359444e-16
Carhsp1	1.7261271476745605	179.2362365941175	1.2894419166781e-38	1.7534288860346105e-34	1.8320388589468768e-17	1.0	8.36014404847455e-17
Psmd9	1.5951133966445923	178.16707850802982	2.194227408147977e-38	4.28727063672838e-39	9.831903768975564e-11	1.0	1.5283289477722687e-13
Tnfrsf13b	-1.6758018732070923	177.79908301722628	2.634795009344949e-38	1.358949255459808e-34	1.7142490191375844e-14	1.0	2.7980152114241713e-18
Stat3	-1.6377589702606201	177.68673121406908	2.786172336401276e-38	6.824451208414271e-35	1.1647573321271258e-10	1.0	6.183588582519326e-20
Gna14	1.714708685874939	177.62095301672093	2.878803480563605e-38	1.0986616404088961e-36	5.427671087551521e-12	1.0	1.0605808253779832e-16
Myadm	-1.5183414220809937	176.71770053173677	4.5108254579158614e-38	1.4918902366474898e-40	5.001466415889072e-06	1.0	1.0034038618808747e-10
Hba-a2	1.7289612293243408	173.99262900090844	1.7484814689643033e-37	3.481923229279582e-34	4.1043263331878123e-16	1.0	6.99950178368906e-16
Mettl8	1.523255705833435	173.36119501099918	2.3932862273902766e-37	2.8826211541649974e-36	2.4782804904792765e-05	1.0	7.606317454286217e-17
Spta1	1.727344036102295	173.28506460763964	2.4856034952241424e-37	6.537395441406638e-36	1.4577540413120681e-12	1.0	1.691085893144173e-15
Ptpn22	-1.6628389358520508	171.53975165789458	5.919003971249226e-37	4.3846786236932696e-36	5.115901357289377e-11	1.0	2.869790721865731e-15
Klhl12	1.7009966373443604	169.5153818502233	1.619149063009663e-36	3.37417355784844e-25	8.92243047035525e-25	1.0	2.0240491132984525e-16
Esyt2	1.643117904663086	169.00822096151558	2.0833984400461386e-36	4.245601512288864e-33	1.9805324905211755e-11	1.0	2.5189857489171315e-18
Usp46	1.5513031482696533	168.4547498259474	2.7431722356875005e-36	5.991424707232171e-31	1.0992896905954778e-06	1.0	2.9639307560499445e-22
Fam109b	1.7120962142944336	167.1361712451786	5.2831428797304167e-36	1.1106824322259593e-27	5.593589902577652e-22	1.0	1.1705656780275428e-15
Pitpnc1	1.6259853839874268	165.912945742186	9.703672547740946e-36	4.6218348609453083e-35	1.6512197119276958e-10	1.0	1.7863808833125984e-14
Clec4d	1.567909598350525	165.8473058739656	1.0025469963540893e-35	3.4982806698778685e-37	3.506017616842243e-05	1.0	1.3484069826766898e-11
Uros	1.5192172527313232	165.51581133028185	1.1821117954914395e-35	1.420102383401248e-32	2.5026769675187683e-05	1.0	5.65277720353148e-19
Hagh	1.5221521854400635	165.41273382567638	1.2442506574888205e-35	4.4553887469561355e-33	8.563530926881187e-09	1.0	6.171930812148128e-18
Acss2	1.5936259031295776	165.27111918136137	1.3349817615654774e-35	3.758093996118529e-19	1.028123147125583e-29	1.0	5.241373355737897e-14
Gnb4	1.643469214439392	165.21652355929044	1.3717018674745645e-35	3.5331040641657224e-20	3.616659108726159e-26	1.0	1.1580462703200622e-17
Lhfpl2	1.6529738903045654	164.9406304240671	1.5732964665037695e-35	1.5519618282831113e-32	1.5799402247504883e-11	1.0	2.6899133730142003e-17
Mfge8	-1.529820203781128	164.2879215322743	2.1761747651929306e-35	1.3425711219811215e-36	2.5278433919974507e-05	1.0	5.522108478290714e-12
Abcg4	1.729849100112915	163.08198497204472	3.96258820259851e-35	1.5094062943394674e-31	3.553620576389315e-16	1.0	1.8725272036589043e-14
Sun1	1.6857763528823853	160.21059469888877	1.6507560789640682e-34	1.5115971350074371e-28	8.370988556391041e-16	1.0	1.6438129602393673e-17
Arid5a	-1.534041404724121	159.27220332140757	2.6314314481385908e-34	1.0190679196713798e-21	8.970709605479253e-28	1.0	2.8440757991046515e-11
Map4k2	-1.5140032768249512	158.496537546892	3.868821905032814e-34	8.702527852850351e-35	6.782431469215327e-05	1.0	2.2586520985310527e-12
Cct4	1.6758663654327393	158.19801890482125	4.487422316995302e-34	1.4331991024283393e-31	4.472515636826309e-14	1.0	6.681139372110756e-14
Ssx2ip	1.6532647609710693	158.12341678350322	4.656884153082969e-34	4.447973767221467e-32	6.88097870978262e-10	1.0	8.285147692041559e-16
Aspm	1.716996669769287	157.54996555749258	6.192124204432757e-34	3.666253271224057e-29	9.116943598112284e-17	1.0	1.0667696438374814e-14
Usp15	1.5452324151992798	157.07266895166552	7.849331595712974e-34	7.6540580314325974e-34	1.1171107440355172e-08	1.0	4.887350883831975e-13
Fgd2	-1.5432405471801758	157.00446806677996	8.119872001893377e-34	7.358243342886681e-25	6.789938690325817e-17	1.0	1.9242377852723104e-19
Stx11	1.6732977628707886	156.82060522511134	8.896582936118981e-34	2.067865896898869e-31	1.983090532710347e-09	1.0	2.0929032143376513e-16
Ftsj1	1.5076080560684204	154.56293285857018	2.7312494215690506e-33	2.2058937364505557e-31	1.4194842074720126e-06	1.0	2.8297906672022676e-16
Nfe2l2	1.7055240869522095	152.89216181683457	6.26375470793304e-33	1.615270904504933e-24	2.308697602490184e-23	1.0	6.190546171490677e-11
Slc45a3	1.7287653684616089	152.49369164510094	7.634877081517414e-33	8.604100780617597e-32	5.829890045210679e-13	1.0	1.5042510898645352e-11
Xk	1.6849056482315063	151.88941655102474	1.0307839550690753e-32	8.432344985799582e-29	4.963597002297155e-12	1.0	1.8361070658270577e-16
Anxa6	-1.7186615467071533	150.9409463695309	1.651135560658014e-32	6.016073696634193e-31	4.188315898084035e-15	1.0	5.268846779925556e-10
Lrrfip1	-1.6221860647201538	150.64951249170701	1.9083260679344671e-32	9.668041115241416e-22	1.774125573054567e-20	1.0	1.0380436547498518e-16
Asah1	-1.6377118825912476	150.55135033407313	2.0036807696356302e-32	2.5821840720415187e-28	7.112852447273195e-20	1.0	3.2883591477564995e-08
Chchd10	1.5290329456329346	149.90320232944413	2.764696350996562e-32	1.3010437594402218e-32	2.426323220000791e-06	1.0	2.810235548330351e-12
Alkbh8	1.6110320091247559	149.88536722531444	2.789297154841748e-32	8.818149934631718e-33	1.6008564380719734e-06	1.0	6.029963740779409e-12
Camk1	-1.5964624881744385	149.760113169536	2.968343758055138e-32	1.4639009637276596e-34	2.7210498228228793e-05	1.0	4.8535152513898125e-08
Cd79b	-1.573903203010559	149.6258945997067	3.172979288706256e-32	9.306740500227662e-22	1.9304516146047417e-23	1.0	1.0114761313257406e-12
Plpp1	1.7070653438568115	148.83461828948342	4.700612310006338e-32	7.49477706768261e-27	8.648020084393898e-13	1.0	3.7952743518205486e-17
Slc26a1	1.7165048122406006	148.78992776677302	4.8061188257140644e-32	2.4048562500932806e-29	2.8113221773018383e-10	1.0	1.8302788097095947e-15
Tbcd	1.5715185403823853	147.26322116465533	1.0258991642893285e-31	9.68543272287408e-30	5.950554315841647e-07	1.0	1.5212449751694344e-15
Pfkm	1.6936570405960083	146.9918039356911	1.173942776834079e-31	1.8085281297670831e-23	1.0707061842393303e-18	1.0	3.206094466136645e-15
Mgst3	1.6827977895736694	146.5670386571965	1.4496512203907347e-31	2.526674559275391e-29	2.9240443960298916e-11	1.0	6.294054271961137e-14
Psmd5	1.6644436120986938	145.7960474582448	2.1259459200359435e-31	3.196097674718121e-26	5.403748081788381e-15	1.0	5.756410832066489e-15
Adamts10	-1.5521513223648071	144.9670848848363	3.2087631995043748e-31	3.7888596292306375e-30	4.1890048262712877e-07	1.0	6.195048419142068e-14
Snx10	-1.5433909893035889	144.91297542905713	3.2961534159774975e-31	6.657264279637469e-31	7.426074757115622e-05	1.0	8.069688288106216e-13
Plin3	-1.6994552612304688	144.88095642736448	3.348982818484738e-31	2.583687577083915e-32	5.507533108122195e-11	1.0	1.9702121919466726e-07
March5	1.5986236333847046	144.67114798216878	3.7167368700206955e-31	4.629559879993995e-30	4.7670880156337924e-11	1.0	5.1048409862720565e-12
Eps15	1.7013269662857056	144.5664163776541	3.915154183192842e-31	4.364094084365593e-29	2.3828562729584444e-12	1.0	1.4709047278426823e-12
Slc43a2	-1.5749304294586182	144.2482539879524	4.585271141589315e-31	4.182629467090245e-22	1.9586540738176159e-16	1.0	1.0693463543172036e-17
Skap2	-1.712050437927246	143.67215333551317	6.103887707452703e-31	3.4484678836665486e-30	2.339303505192534e-13	1.0	4.278860097777919e-09
Plin2	1.5830018520355225	143.42560289185457	6.8988454577109674e-31	4.5839946989149644e-24	2.2373241271136908e-12	1.0	1.707538192591329e-18
Inpp5b	1.5216872692108154	142.9881675142874	8.572551144602998e-31	2.0992120169988664e-31	2.0271880396353415e-05	1.0	4.187547552526751e-11
Nbeal2	-1.6597692966461182	142.95500669580866	8.714875559386145e-31	6.179905941525534e-29	2.539891503925601e-10	1.0	1.7972413897323384e-13
Abr	-1.571656346321106	142.9056342519465	8.93116882999743e-31	1.0653705254474483e-23	6.7236434592465065e-22	1.0	1.0856256937247464e-08
Il4ra	-1.696285605430603	142.756686148465	9.616756686595993e-31	6.480972169574687e-26	1.577398333872485e-14	1.0	1.577398333872485e-14
Ppm1l	1.6929118633270264	142.00996563508104	1.3933293288895798e-30	1.927490640379912e-24	9.736510554933292e-20	1.0	2.473211320037194e-10
Mpnd	-1.5779622793197632	141.93222049243155	1.4481670119111802e-30	9.774490243143875e-21	9.03540444171805e-24	1.0	1.3995572357769131e-09
Stap1	-1.704357624053955	141.23476943475734	2.047450151137015e-30	1.4823287316811864e-29	1.1635018350057572e-13	1.0	1.627385910866829e-08
Spon2	1.721843957901001	139.74297455596536	4.294165752417567e-30	2.373784979125308e-25	9.433997620021676e-12	1.0	5.013786320436173e-16
Sla	-1.5371978282928467	139.0089261306451	6.1822678199287864e-30	6.600130075290746e-18	4.398343107992365e-24	1.0	4.990920413069539e-11
Thumpd3	1.6637572050094604	138.9170981919738	6.470629416471814e-30	1.0289067765655898e-29	2.802530728007278e-10	1.0	2.9395558730689735e-10
Slc22a3	1.6977057456970215	138.83199570408652	6.7498653029803e-30	8.253130657037095e-28	1.0496400181177653e-15	1.0	6.294515144820537e-08
L2hgdh	1.6133307218551636	138.70770019227928	7.179493065910609e-30	8.068391312229172e-28	9.897837572864082e-07	1.0	8.54925266590574e-15
Nt5c2	1.692145824432373	138.67848164445158	7.284393643904974e-30	1.3862257881757776e-27	4.460071566818515e-13	1.0	1.8997708784379174e-11
Ppm1h	-1.6856964826583862	138.37500638634154	8.468826460442705e-30	1.4124824503593568e-30	2.498377162644527e-11	1.0	9.603162251755855e-07
Txnrd2	1.7161531448364258	138.12394027771862	9.592963315961043e-30	5.269045891759379e-27	1.2259034042102061e-11	1.0	3.0078486156570373e-13
Prkaa1	1.70539391040802	138.07320447566315	9.837647949141943e-30	1.926431685771132e-24	5.033016048548965e-14	1.0	9.947621968182015e-15
Fam134a	1.5904724597930908	137.9170201375081	1.0630752132581844e-29	7.299207631856269e-27	1.4533956176361272e-10	1.0	4.284045987879902e-14
F2r	1.5247939825057983	136.57839553693347	2.0661169983107114e-29	1.170497180064995e-14	1.9030049096265232e-25	1.0	5.571878918884006e-11
Gfm1	1.5530486106872559	133.88212879136793	7.877252347067418e-29	9.227290092518472e-29	9.777945535418435e-06	1.0	1.9777481104971296e-11
Abcc5	1.729784369468689	133.6614799821522	8.788911779930736e-29	9.942899983763532e-27	1.2444917418403113e-12	1.0	9.79537179289731e-11
Nckap1	1.6581801176071167	133.55404441392957	9.270270114454282e-29	2.852779373490171e-21	1.3033846426740368e-14	1.0	5.119727675388831e-16
Bag2	1.6123886108398438	133.45982602458247	9.71405711690768e-29	1.76176942154375e-24	6.741162657717685e-10	1.0	9.17424312440121e-16
Sh3tc2	1.7296791076660156	132.756550463678	1.377160523314406e-28	9.493900207482288e-28	2.0006663866253564e-08	1.0	1.0147467495496606e-11
Ak3	1.56645667552948	131.75429023714244	2.2646513462358893e-28	6.768804984788647e-26	2.176873303367576e-09	1.0	1.57828948323083e-13
Cenpl	1.5880897045135498	131.28715545561982	2.8554764619632675e-28	2.973020104045607e-25	2.1804958806015683e-06	1.0	2.122237310396898e-15
Xrcc5	1.5186916589736938	130.2981215247889	4.664736144902117e-28	2.784193455378379e-13	7.434324845067557e-25	1.0	3.7166208095170014e-10
March6	1.6391886472702026	129.87912177365985	5.742788610591289e-28	1.1161695107229552e-24	1.6824328696635287e-10	1.0	1.0479073548953626e-13
Psmf1	1.5291154384613037	129.67441201873137	6.356786443527146e-28	2.5352028119340457e-27	7.811009311583775e-07	1.0	1.170203444224514e-11
Clca3a1	1.6849435567855835	127.7163443838596	1.679472472910407e-27	1.063881819013874e-18	5.81444322966043e-17	1.0	3.590168432437034e-14
Crlf3	-1.5844905376434326	126.28805790075634	3.411275862294209e-27	1.4031208993244406e-24	7.173995216658779e-05	1.0	1.5027400584103088e-14
Dars	1.604560136795044	125.28488532932379	5.6111011242218646e-27	5.91466659057462e-26	3.1783090124145018e-12	1.0	6.87795376311983e-08
H2-DMb1	-1.5541393756866455	124.07728099227664	1.0214233758181824e-26	1.840412531571095e-20	9.74249317085138e-20	1.0	4.0865786601524685e-06
Pde12	1.6679916381835938	123.62419891163943	1.2788201052685597e-26	3.990639278766232e-27	1.3250353884843987e-09	1.0	3.961991819114559e-07
Ctnna1	1.658441185951233	123.09184343286192	1.6652778590240813e-26	6.325492068886176e-22	3.119296307355024e-11	1.0	6.494477453776229e-14
Hspa4l	1.6921775341033936	121.27619070780749	4.0980324397389304e-26	4.1025662126729164e-27	9.321382961707006e-09	1.0	2.4338918820794014e-06
Arhgap27	-1.5609872341156006	120.80575520845973	5.174862474143643e-26	6.202934349332642e-18	2.0935987685989792e-13	1.0	1.3427719250302256e-15
Camsap2	1.6573238372802734	120.00187548517628	7.70961665094198e-26	6.60963360025007e-27	2.431868964579796e-08	1.0	2.118952298300231e-06
Slc39a8	1.6481183767318726	119.65469881909253	9.158036036380795e-26	2.088798426388733e-26	2.894382408141584e-05	1.0	7.318046175836392e-09
Sh2d3c	-1.6008507013320923	117.14054432120868	3.1857287551577194e-25	9.855983275232716e-20	1.0196018388705123e-10	1.0	1.6294855942960086e-14
Piga	1.5441359281539917	115.62070212197638	6.767839350168261e-25	5.064662194084716e-24	0.0001702719316724683	1.0	4.0504641235994454e-11
Cnp	1.639999270439148	115.46868577909017	7.297583991068285e-25	2.6847515699601903e-25	6.567863249908332e-10	1.0	1.804757463335506e-05
March8	1.5953830480575562	115.03134399459591	9.064348409549328e-25	1.4247541045859166e-20	5.981850532280177e-06	1.0	2.943265994399985e-15
St8sia6	1.728499174118042	113.92873884286205	1.565699527702063e-24	1.702183145325779e-21	1.1323256158719042e-10	1.0	3.958459282675751e-11
Cyp20a1	1.5478028059005737	111.92801426424111	4.220650515025106e-24	4.123380929667219e-23	0.000495488610908446	1.0	5.9627870254885e-11
Cyb5r3	1.6813137531280518	111.84216963352972	4.4040943127147864e-24	3.7352434690141995e-18	2.1572808239672142e-13	1.0	5.451971355124541e-12
Gcdh	1.715277075767517	110.46485412655848	8.715519932244151e-24	2.40900771975683e-23	1.1625108962783692e-08	1.0	3.0356383726837705e-08
Apeh	1.6184545755386353	108.74607912580413	2.0425645664856892e-23	3.116053782271259e-22	7.154074548291261e-08	1.0	8.108833384392043e-10
Rnf139	1.615924596786499	108.66059644566303	2.1309360609082676e-23	2.3941357179376338e-18	2.075669580736554e-08	1.0	2.0118555275851294e-14
Lyrm9	1.523093581199646	107.76413675219148	3.322520079302738e-23	1.950106116315305e-22	0.0003705990283415727	1.0	2.773498578366908e-10
Zfp808	1.6829291582107544	107.33849123364188	4.102527798433842e-23	1.248163563356426e-21	3.2406442162154975e-05	1.0	3.211935591433056e-11
Lpcat3	1.5632153749465942	107.26882436164517	4.246597265943278e-23	1.4660755148357644e-21	3.190764280505684e-07	1.0	1.484168424277521e-10
Paqr7	-1.5524557828903198	106.33784725658879	6.735065835317586e-23	3.5619686956012555e-23	7.918853066309928e-10	1.0	0.006165979338417857
Sdhaf2	1.52545166015625	104.82766779823422	1.4230639199195034e-22	6.280683225024857e-22	3.4703070473540414e-06	1.0	1.9892801503442114e-09
Snhg14	1.6069573163986206	104.75269650760123	1.4769022222577656e-22	1.5833481383497838e-21	0.0007475980588681142	1.0	2.0628434639192252e-10
Trim10	1.728056788444519	104.30424799494651	1.844237409341537e-22	4.599045808648854e-21	6.106105518814862e-08	1.0	1.3698639913864447e-09
D930028M14Rik	1.725987434387207	104.00673719649183	2.137035787280687e-22	3.6939501896486427e-20	1.5647056122379413e-11	1.0	1.2978139508202833e-07
Tmc6	1.6488131284713745	103.84288081138143	2.317697705759086e-22	4.850136974601437e-19	9.200094961299938e-08	1.0	3.054532516094738e-12
Btnl10	1.714767575263977	103.79985673532465	2.367614814731942e-22	1.4102249040100736e-19	1.0976768595412868e-06	1.0	4.15623677713043e-12
Dym	1.5827280282974243	103.25739781960498	3.097334323801371e-22	5.183861198488856e-22	1.8850019591105216e-10	1.0	0.005416109062884242
Usf3	1.5207879543304443	103.17837276644876	3.220957823471604e-22	1.3765112163797596e-21	0.0015606764000993631	1.0	1.35370882919619e-09
Mboat2	1.654109239578247	102.70023165473836	4.081525215219158e-22	1.631847885776906e-14	3.513467545264786e-12	1.0	2.5259155467242423e-13
B3gnt5	-1.523988127708435	102.64698493521887	4.1905823667132946e-22	5.782588165464207e-14	6.961282790630988e-16	1.0	6.197051640691084e-10
Ift140	1.7001599073410034	102.10814392544377	5.472188025191777e-22	4.2965204353438025e-20	3.6076161341616405e-07	1.0	1.5855109351523642e-10
Spryd4	1.627211570739746	101.77674772898887	6.448078746161052e-22	9.783643373685157e-20	3.0858093804621814e-05	1.0	1.2004617008970134e-11
Tom1l1	1.6559416055679321	101.01698156116942	9.39324287025469e-22	4.3105639829322056e-14	1.7608381925951512e-14	1.0	8.510039415585279e-11
1700017B05Rik	1.5575661659240723	100.75571338690295	1.0690491987710047e-21	2.867166580075704e-22	0.00015710637504853613	1.0	2.1206107731236632e-07
Nek6	-1.715277075767517	100.10500592620198	1.4754255313865887e-21	9.71265026538097e-19	1.507876797143599e-12	1.0	1.2471327322603422e-06
Vars	1.7126140594482422	99.94760555354378	1.5950021984047776e-21	1.3117390476689472e-17	2.0281546781646627e-13	1.0	2.767015962548517e-07
Ppox	1.7318533658981323	99.60927865413882	1.885845337288856e-21	1.3263128265174222e-18	1.4622821502526465e-11	1.0	6.729229946363598e-08
Nol4l	1.6431021690368652	99.57464932071302	1.9184553870057502e-21	1.079952714790916e-15	1.0280366020509366e-10	1.0	2.5596646631122985e-12
Usp48	1.5541096925735474	98.83331225363848	2.7691090047589803e-21	8.902572111014958e-23	8.523640243283036e-06	1.0	0.00022437906394452502
Gja1	1.6129522323608398	98.61023298798291	3.0924313501936194e-21	4.156674937951403e-18	1.6910579272351499e-09	1.0	3.6490371399480687e-10
Parp3	-1.5895036458969116	98.49610201902345	3.272176912769015e-21	1.317531942853195e-21	0.00011720703483634317	1.0	1.6041515080503646e-07
Nfatc1	-1.6452852487564087	97.45259838253816	5.484837048859421e-21	4.714905246697075e-20	9.073524028856125e-08	1.0	3.539080021425254e-08
Jak2	1.7101980447769165	97.44937758258772	5.493587970952314e-21	2.3174125631313127e-16	2.8892623797891325e-12	1.0	2.8077923977412123e-09
Tnfrsf26	-1.5736839771270752	97.22580463061786	6.136426218097401e-21	4.784016425207988e-16	1.0018911983601841e-10	1.0	4.703388377029172e-11
Spata13	-1.6757196187973022	97.22389997859219	6.142213917154012e-21	4.178499009062593e-17	9.193400738873764e-12	1.0	9.475202350655074e-09
Dpy19l4	1.6616939306259155	96.83633604931984	7.44103555018751e-21	1.3755862601572223e-19	1.169451038973978e-05	1.0	8.643157692912007e-10
Ints11	1.607032299041748	96.75261328321749	7.75585159326961e-21	6.07805841430934e-21	1.444714917107194e-05	1.0	1.2862773548094033e-07
Arhgap25	-1.6246135234832764	95.29479590055064	1.5957335155965675e-20	1.1071426131655948e-21	6.03747440062698e-06	1.0	6.227941803042034e-05
Fzr1	1.6996705532073975	94.11095014448146	2.86662103788581e-20	4.748867116207065e-19	8.443706651722423e-09	1.0	2.2657114484067458e-07
Mgst2	-1.5181186199188232	93.99258565965678	3.039521071219133e-20	3.944100605587529e-11	5.5625381125780316e-15	1.0	4.072585710188291e-10
Cd36	1.7191746234893799	93.96553948405385	3.080469814457338e-20	5.431101320955104e-21	0.0017855839123047399	1.0	1.8894023193123653e-06
Ubxn2b	1.6911325454711914	93.726504889716	3.467216752578407e-20	1.149822992213912e-19	1.9262334611778263e-07	1.0	1.9262334611778263e-07
Ano10	-1.531144142150879	93.3510135018655	4.1750750362994536e-20	1.4104884452675379e-18	6.418676981321582e-05	1.0	4.609887919593683e-10
H2-M3	-1.5879552364349365	92.87987009866339	5.2710353449734347e-20	3.0559867050938305e-19	2.848437031780224e-05	1.0	8.401015589228211e-09
Parm1	1.7072175741195679	92.38647379922541	6.728266236916388e-20	7.80391490558505e-15	2.438952238169283e-14	1.0	3.1511768930025923e-06
Dock2	-1.6927261352539062	91.9829621167175	8.214745189839043e-20	1.2636335186154544e-20	1.0213841986061007e-06	1.0	0.0001024160968548574
Klhl22	1.7211672067642212	91.77976943899517	9.083364426823589e-20	7.740642869623081e-16	1.4378189600247714e-09	1.0	3.5148722852236933e-10
Nae1	1.6617722511291504	90.31619770112287	1.873444844600681e-19	9.867412922201864e-13	2.245138724483698e-11	1.0	2.8269320060757002e-11
Ppp6c	1.5743656158447266	90.18130842252546	2.0026919578579522e-19	6.937868966611912e-19	4.5362061984304136e-06	1.0	7.90634740293242e-08
Ikbke	-1.6887829303741455	90.05481014139083	2.1319874683614433e-19	2.880345397080563e-17	1.62054303140628e-09	1.0	1.3759371489962573e-07
Lrrc14	1.5279027223587036	89.94183588027488	2.254498641767794e-19	3.699263293755505e-17	0.0004966248516949733	1.0	7.957666761616244e-11
Fgd4	-1.6007739305496216	89.37206026199708	2.9883054911953566e-19	5.5704060353544735e-15	7.43346628109179e-13	1.0	1.200360613115553e-06
Irf5	-1.6325173377990723	88.8589898140709	3.851357047829085e-19	1.629558243184824e-20	6.542844718112791e-05	1.0	0.0003092812885722946
Rabif	1.6960591077804565	88.62843055559871	4.3164551943955923e-19	3.857148093600009e-19	1.8191699628195592e-07	1.0	1.8795529855288526e-05
Hsdl1	1.5941708087921143	88.57099901598554	4.44079427579753e-19	1.3776623020792362e-18	8.696707666687057e-05	1.0	3.859491170389947e-08
Wars	1.5072031021118164	88.45176829146673	4.710479969730448e-19	2.3715513124452956e-17	6.228487323649974e-05	1.0	7.667131601642195e-10
Atl2	1.5291212797164917	88.2705247705266	5.152120848292591e-19	1.790193401394238e-18	0.0016641267003406222	1.0	2.3681793548730426e-08
Dcaf4	1.7171646356582642	88.21230344153146	5.302595651653516e-19	2.8071910043468706e-18	6.008738205450933e-08	1.0	1.5921526629355009e-06
Cttn	1.5182510614395142	88.16698668866107	5.422752524911883e-19	3.0462532699416223e-08	4.1357602470241774e-14	1.0	7.493284118931884e-11
Mios	1.5569368600845337	87.63100473887006	7.068248840642861e-19	1.7288415602794093e-18	0.0015159463187767541	1.0	4.584701782678257e-08
Wdsub1	1.655739188194275	86.41006970239481	1.2925742828083614e-18	6.846218913564613e-12	1.02883802043451e-12	1.0	3.5047138991307452e-09
Ptpre	-1.6433660984039307	86.31665322322182	1.3536644377817744e-18	6.719205110745211e-14	1.8501725415479841e-09	1.0	2.2870323136356189e-10
Jmjd4	1.6209272146224976	85.78788333504167	1.7580353503347266e-18	4.2607644942520096e-17	0.0004598082773191511	1.0	2.2900884274570745e-09
Tab1	1.5316827297210693	85.48984670824407	2.03707391410908e-18	2.7772109996108287e-18	0.0013512041195362983	1.0	1.7247354572267345e-07
Vill	-1.5729094743728638	85.02108245434667	2.5682113906015656e-18	1.2208924679496632e-19	0.0008604387961965701	1.0	0.00021021231248328985
Btbd19	1.6833473443984985	84.14919632066918	3.9515842517823706e-18	4.774536136449606e-16	5.207662435797101e-08	1.0	4.047992451210371e-08
Ptpn13	1.720510482788086	83.10840104313404	6.60901857687239e-18	3.9787661432623765e-15	9.982711598696975e-09	1.0	2.500931090150832e-08
Pkhd1l1	1.7124207019805908	83.06840628397501	6.740927085373463e-18	1.1039030267861747e-16	1.4310167634361086e-05	1.0	2.129478389785216e-08
Sppl2a	1.5900311470031738	80.56972976022027	2.3164602006675415e-17	1.437115393382331e-17	6.617587114151982e-05	1.0	3.5964502019917658e-06
Man1a	-1.5633656978607178	80.00530647309238	3.061243835702216e-17	7.849234868141834e-11	4.886405249692979e-10	1.0	1.487498573596506e-10
Fndc3a	-1.5004185438156128	79.64508320616196	3.657321812468016e-17	1.864655003732352e-09	8.226838246949088e-15	1.0	6.6220533382753836e-06
Synrg	1.6216365098953247	79.14079915671323	4.6916034401368587e-17	3.8906350028954275e-18	0.00034702663621609983	1.0	0.00020029259687552822
Plxnb2	-1.5878174304962158	78.97014301617865	5.1041271478242745e-17	2.6380364241989337e-09	4.9678531663463496e-14	1.0	6.515821483279564e-07
Gbe1	-1.6003375053405762	78.96348726529986	5.1209307966211303e-17	1.9653185284448648e-17	0.004422746185301814	1.0	5.328317576320231e-06
Ubr1	1.54857337474823	78.92310692067267	5.224070469696931e-17	8.576124674757917e-15	5.405719259344536e-05	1.0	1.4360204967683693e-09
Ints4	1.6263377666473389	78.0676533253761	7.970030848843234e-17	1.2131149108391234e-15	0.00014124480719411171	1.0	2.7466252006982367e-08
Slc25a44	1.6801129579544067	77.86952089942916	8.789126983621272e-17	1.728864545359876e-16	4.469752191051971e-06	1.0	4.274164001757773e-06
Galnt11	-1.666143536567688	77.79488486245567	9.119051610328935e-17	1.5250559835483985e-13	1.2117975849697302e-11	1.0	0.0002493658632560545
Mut	1.5174736976623535	77.69216497551297	9.593458809591662e-17	3.9080338382816467e-16	0.001276597621763827	1.0	1.2246222670226366e-07
Pif1	1.5930659770965576	77.64500677842629	9.819444336563337e-17	2.5193419736651997e-17	0.0018903635005170897	1.0	1.3994982802116955e-05
Zfp672	1.6628166437149048	76.60196247174598	1.643302972886701e-16	5.618583519414503e-17	0.0002696313494646486	1.0	1.4588338268518451e-05
Senp7	1.574596881866455	75.95076176330741	2.2662978989091684e-16	6.67550430390222e-13	4.5869028289908696e-12	1.0	0.002610831149683307
Usp22	-1.6734883785247803	74.98490247733432	3.6504163831633275e-16	4.882074804372839e-13	3.490594568320423e-08	1.0	3.490594568320423e-08
Ank	1.585995078086853	74.47179656962365	4.702289095919105e-16	5.187704543792954e-16	0.002742904220689917	1.0	1.6570921400659227e-06
Pusl1	1.5364161729812622	73.95569002918975	6.066098515835462e-16	1.577070908787461e-14	0.0005237338349114635	1.0	2.102561486749901e-08
Tmem9b	1.548937201499939	73.87807976441778	6.302897562842717e-16	2.1501290135874133e-16	0.0009946894103038172	1.0	1.7093801453936596e-05
Epb42	1.7115026712417603	72.54299300353962	1.2178522111714291e-15	1.0505194576840467e-13	0.001157902580958431	1.0	5.060060924707896e-09
Rasa3	-1.6819887161254883	72.5057240509893	1.2404486996254493e-15	2.914724026650148e-14	5.582362649821523e-06	1.0	2.7766400373122626e-07
Man1c1	-1.6695774793624878	72.47840854426006	1.257276047035548e-15	2.8237425943110526e-15	3.362865590263874e-07	1.0	0.0002426526682260406
Ndrg3	1.558397889137268	72.38622877308201	1.3157646305504848e-15	2.1780978520997382e-14	0.000446166769293238	1.0	5.5287291042552845e-08
Pqlc1	1.5804232358932495	72.15006900301726	1.4783215852174734e-15	1.8649046110102795e-07	1.9759527323264237e-13	1.0	1.8697869385048097e-06
Brat1	1.6183750629425049	71.90210603159179	1.670651116379111e-15	7.410949036223921e-14	0.0019491725054255613	1.0	1.2344115636212214e-08
Yod1	1.5606712102890015	71.83833266206989	1.7240364499055968e-15	1.5289879455865297e-10	5.090778390268341e-07	1.0	1.5289879455865297e-10
Tnik	1.6320675611495972	71.69701564048205	1.848489158102667e-15	9.965579352204795e-10	4.335034120667932e-12	1.0	4.393606373123177e-06
Atp4a	1.7031346559524536	71.19530989860448	2.3674295922001965e-15	1.536938936475412e-14	5.6338565297416484e-05	1.0	6.146508043097532e-07
Ptpn12	1.6816308498382568	70.53132400515298	3.284582953824151e-15	1.2402116355970625e-12	2.9542931863515054e-06	1.0	1.9910837342616717e-08
Zfp101	1.5611512660980225	69.94586364996555	4.383800671494508e-15	4.474557173293204e-14	0.00029527797931645756	1.0	2.0291093985791655e-07
1300017J02Rik	1.7120109796524048	69.93556036171107	4.406127074758437e-15	4.663141255275923e-14	0.001089273854375255	1.0	1.3366076163065182e-07
Anxa9	1.6517010927200317	69.78143403722945	4.754000252420411e-15	5.177130378301951e-15	0.0003076709708853233	1.0	6.5574283473938344e-06
Gm16299	1.7196786403656006	69.40170707686707	5.732758700713059e-15	3.038453828010202e-14	4.2765273805057824e-05	1.0	1.4605235639873156e-06
Comt	1.623233437538147	68.68834358521669	8.148681628822214e-15	1.6152847856562442e-08	4.550572651164184e-13	1.0	0.0001940714155127492
Gnpda1	1.6020005941390991	68.65996061408926	8.263487859556746e-15	4.845883742301264e-14	0.001645704696027345	1.0	3.6398068769241075e-07
Ifi47	-1.6558741331100464	68.05616161992711	1.1127879877032863e-14	1.0351088865181338e-13	0.001064949605683846	1.0	2.3120341798845226e-07
Stx17	1.7295479774475098	67.99487898183976	1.1469108845480226e-14	8.914678118760981e-13	2.3011733751085547e-07	1.0	2.3454157885923023e-06
Tirap	-1.5536003112792969	67.69854393370571	1.3272611076850115e-14	4.933301999317631e-15	0.00047371315179764597	1.0	6.168246373470394e-05
Cpt2	1.6355289220809937	67.17757489954421	1.7157480794378566e-14	2.4021497778287045e-12	3.620034059901516e-05	1.0	3.300966043945126e-08
Ccng1	1.6954164505004883	67.15969365490771	1.7309328719140434e-14	5.862263600272775e-14	2.9523723872311174e-06	1.0	4.030375519663915e-05
Wdr73	1.6537680625915527	67.11786046000807	1.766984534126259e-14	1.3627842879286883e-13	4.847228407433693e-06	1.0	4.847228407433693e-06
Amigo2	1.610202431678772	66.74876257614312	2.1194255472400297e-14	2.3352517034582654e-09	4.334634959835657e-08	1.0	4.954010714247777e-09
Slc25a45	-1.581156611442566	66.27351608469745	2.6786113503355393e-14	1.0083840556629944e-11	6.859955979190813e-06	1.0	3.55468537135374e-08
Tcf12	1.503540277481079	66.0463955694397	2.9957421282598467e-14	7.552937866383393e-14	0.004645646926639985	1.0	1.8266535064147405e-06
Ppm1m	-1.5881036520004272	65.38341569015962	4.1528068870917265e-14	1.527740670038371e-10	6.594482822648728e-10	1.0	2.765615654198595e-05
Fgf3	1.6343278884887695	64.98169689257992	5.06144910618651e-14	7.082823312962365e-12	0.0017289508556291868	1.0	1.1973834251944034e-08
Map3k14	-1.722483515739441	64.69247843879262	5.836302794718473e-14	1.8484508902734986e-12	3.545626486912574e-08	1.0	0.00034920158998096837
Atp2b4	-1.5807960033416748	64.51750696962945	6.361531674647879e-14	1.001617291341999e-12	0.001756147008591174	1.0	2.0030078197578496e-07
Tmem8	1.5941743850708008	64.10637850724427	7.789152715573027e-14	5.1021176011592626e-08	1.618945374271971e-06	1.0	2.0430162334998495e-10
Tvp23b	1.6787192821502686	63.68399216993411	9.589980386355307e-14	9.237232673607726e-11	2.4287970313712314e-07	1.0	2.4287970313712314e-07
Rcan3	1.6660048961639404	63.49697931626143	1.0514960202833168e-13	6.440128079973284e-10	1.50595416815773e-08	1.0	6.955393404981879e-07
Enpp4	1.6102254390716553	63.34963384487484	1.1306131191258528e-13	9.19790061741752e-11	0.00011562165958015328	1.0	6.387794072872826e-09
C330018D20Rik	1.7290009260177612	62.657678629191714	1.589489313499521e-13	3.1809474445880167e-13	1.1987238773526737e-05	1.0	9.99956707915861e-05
Jmy	1.7061338424682617	62.22305556363122	1.968654772093893e-13	2.0616202485640635e-13	2.7988601283156075e-05	1.0	0.00018277623936419456
Cd200r1	-1.5637654066085815	62.08659705612358	2.105421535692213e-13	2.880649468197731e-14	0.0007428398514689892	1.0	0.001563859987763409
Itga2b	1.5221269130706787	61.732291603632966	2.5065196238439845e-13	1.0482504611317535e-10	0.0015324554397667042	1.0	7.078547147246478e-09
Sh2b3	-1.5446505546569824	61.554819882455135	2.7352863370573704e-13	1.6854644594141484e-08	2.3295880569824204e-09	1.0	1.206823503309173e-06
Arhgap4	-1.7150682210922241	61.146423434001385	3.3441397848757896e-13	1.2319893265834936e-12	2.116479650019402e-05	1.0	2.9403543997419048e-05
Nmt2	1.5596532821655273	60.85436809758177	3.860968878638243e-13	7.51828593045117e-08	4.459253669499857e-08	1.0	3.122903379175781e-08
Sacm1l	1.7193775177001953	60.761119616025546	4.042242872752699e-13	8.436753016362333e-13	7.711721264555388e-05	1.0	3.406473422163558e-05
Plekha1	-1.5918097496032715	60.7254083792702	4.1138963735061253e-13	1.4789390453514842e-11	0.00034025268663836924	1.0	2.5965733649013504e-07
Snap23	1.62917959690094	60.71153576879391	4.1420724703353053e-13	2.5749073068939435e-06	2.4160461477396694e-11	1.0	1.2739308292949957e-05
Vps16	1.5487719774246216	59.599733540230034	7.157415894570297e-13	1.2335972488356206e-12	0.0011264938076871796	1.0	1.4498004101563296e-05
Usp32	1.580181360244751	59.45455716654628	7.687201647607588e-13	1.250999860803889e-06	1.9743191763123133e-11	1.0	0.00010261097233906851
Srbd1	1.6204909086227417	59.18375377775174	8.78239582072352e-13	1.241004868532103e-10	0.0005064951915261983	1.0	6.055913312668397e-08
Mfsd7b	1.6418485641479492	58.88790779975099	1.0157856439087615e-12	1.9837567902339125e-12	6.126277781207565e-05	1.0	6.584363469974719e-05
Rab18	1.702497959136963	58.635995912026964	1.1497497070917664e-12	4.94841505036993e-08	1.0719607258063997e-09	1.0	1.619179404471441e-05
Sp4	1.6640459299087524	57.96501121478297	1.5991463644390996e-12	5.43629189668199e-10	3.184435246722101e-07	1.0	5.7828455979041425e-06
Klhl6	-1.7299317121505737	57.29098624575189	2.2273831802703477e-12	3.864991887157162e-12	7.889379854925604e-05	1.0	7.889379854925604e-05
Ndst2	1.641607403755188	57.01554296967427	2.5503218847344774e-12	7.525928334840163e-10	2.9470106780543816e-05	1.0	2.1182038426378564e-07
Xpr1	1.6462242603302002	55.985028138829	4.2319550695277774e-12	6.869149380559236e-10	2.2854027316766415e-05	1.0	6.50701744392591e-07
Shkbp1	1.5665937662124634	55.13979673487312	6.410476149971604e-12	3.052185354837389e-11	0.004272706793455783	1.0	5.083928566227351e-06
Stxbp3	1.6980613470077515	54.61811192087535	8.28285156410537e-12	5.580669004417276e-10	1.635901332634613e-07	1.0	0.0004688189369309109
Cand2	-1.5011088848114014	54.50952429306319	8.736596298554696e-12	3.269347359808339e-12	0.00011189622430853064	1.0	0.005901421777300612
Pot1a	1.6488994359970093	54.061391585680425	1.0887373456843094e-11	9.547158880287509e-12	0.0009873400957465357	1.0	0.0001477854750726976
Slc46a3	1.616845726966858	53.76469459093063	1.2594968301632548e-11	3.43772868541208e-07	2.3668757105867012e-08	1.0	4.718043260522222e-06
Lmcd1	1.6951473951339722	53.19366346607693	1.6670878080874187e-11	4.352663655833273e-10	0.00029010847270733527	1.0	2.346815098799098e-06
Chst10	1.6638695001602173	53.129024483223176	1.720838191933387e-11	1.0676682542884755e-07	1.0676682542884755e-07	1.0	3.6590647219846297e-06
4931406C07Rik	-1.6818877458572388	52.256158966778436	2.6412684126110135e-11	2.5830541564212002e-08	7.805498004893545e-07	1.0	4.676933337865166e-06
Irak2	1.7103614807128906	52.020319174931174	2.9653634756398496e-11	5.309886003720162e-08	5.309886003720162e-08	1.0	3.5167260885418144e-05
Scin	1.728588581085205	51.7650810983116	3.3610353810061e-11	1.7595672072611402e-11	0.00015289470406429546	1.0	0.0033808485709149716
Dopey2	1.6780829429626465	51.379871105379614	4.060298329431157e-11	1.0317007540981055e-07	2.488652696474177e-07	1.0	7.643907642991628e-06
G2e3	1.5661121606826782	51.16121185710278	4.5200920124428997e-11	2.0946406342980927e-09	0.002685371468453703	1.0	6.91381108062063e-07
Nod1	-1.7238500118255615	51.10821222491416	4.6391590087177335e-11	1.0544128580075116e-10	0.0001817942878229986	1.0	0.00016701938454095796
Mrm1	1.6232424974441528	49.980620042457936	8.065466069402535e-11	4.2611856407526155e-11	0.00383925851789053	1.0	0.0004660885939510568
Alox5	1.6970067024230957	49.964840154710906	8.128118962591533e-11	9.34943042805081e-10	0.0002829159270240553	1.0	1.4795679241611592e-05
Capn2	-1.5119965076446533	49.59745431410122	9.732515891569293e-11	8.156484054871511e-10	0.0054204581911572345	1.0	6.411317977778573e-06
Ifi204	-1.602047085762024	49.55112803989691	9.956106963405429e-11	3.900446531112604e-09	0.0002581171326542268	1.0	3.695184608712254e-06
Etnk1	1.710377812385559	49.52442845965132	1.0087294925448672e-10	6.146925649157154e-10	1.007599481112478e-05	1.0	0.0008553195970867409
Ap1m1	1.5542532205581665	49.42601249683955	1.0585954182166528e-10	6.189838727116723e-08	1.257410236329934e-06	1.0	1.3520943267974979e-05
Pgrmc1	1.6675626039505005	49.3121237526026	1.1193833935601181e-10	2.447286094054829e-06	1.8390174214112545e-08	1.0	5.81792629271837e-05
Cmpk2	1.648149847984314	49.310311329877464	1.1203784497482949e-10	4.1033071395391733e-11	0.0013247704942493332	1.0	0.0013247704942493332
Arvcf	1.7199256420135498	49.21884281860241	1.171761320427102e-10	2.171713651762069e-09	0.0002807868461446087	1.0	9.573620733805302e-06
Clpx	1.7294656038284302	49.150345581936314	1.2117759765589469e-10	1.0590402913694129e-08	2.5332769472958808e-06	1.0	7.150149894190829e-05
Tab3	1.572061538696289	49.14844058016855	1.2129081408221715e-10	3.5160419758764834e-11	0.007837524205277134	1.0	0.0014338833328692037
Fgfrl1	1.703500509262085	48.83546352264879	1.4140222329756263e-10	3.5918189049907514e-09	0.0006677906981209591	1.0	4.315943819650177e-06
Hpcal1	-1.6830567121505737	48.606228524804145	1.5821652945243313e-10	2.700864560853773e-10	2.536838405328686e-05	1.0	0.005911619668006488
Hace1	1.6547958850860596	47.78261850001642	2.368812566849109e-10	1.4795600552511874e-09	0.009940979871771028	1.0	1.1701501848199324e-05
Rnf145	1.6954162120819092	47.23627475092534	3.0957765676689256e-10	2.303239057656332e-09	0.00029650472905473965	1.0	5.050677058565808e-05
Itgav	-1.5808278322219849	46.94138713561533	3.5768288455901717e-10	1.6790325084558818e-09	0.00011937940952106758	1.0	0.00020289749629464468
Il10ra	-1.5366090536117554	46.08747755599392	5.433717493580303e-10	2.0999898674041308e-05	1.454817532790999e-06	1.0	1.3965496397328348e-06
Nfkbie	-1.625651478767395	44.92760017029052	9.58638706255732e-10	2.7792310777360118e-08	2.7659330221512655e-05	1.0	0.00010194423625695914
Snupn	1.577056884765625	44.24359596141686	1.3396564439134127e-09	8.883704137599505e-08	0.00287518070702226	1.0	2.096392802566666e-06
P4ha1	-1.5677484273910522	44.175579569862016	1.3849787344249783e-09	6.330833806196331e-08	1.1363906390471388e-05	1.0	0.0001771530503704027
Tapbpl	-1.6046911478042603	43.790321195340674	1.672168126434848e-09	1.2628829146836639e-06	7.881909456160648e-08	1.0	0.005061255393844143
Nckap1l	-1.5867481231689453	43.49588215837774	1.93114327783282e-09	1.3228673722468778e-06	0.000131207967591779	1.0	1.480306566173213e-06
Zfp934	1.6108427047729492	43.24450740721478	2.183713276735706e-09	3.1690324930738155e-09	0.002045632865562262	1.0	0.00043910045021434274
Naga	-1.724346399307251	42.643439798235256	2.9296043300807456e-09	1.532244675188148e-09	0.000791718066235817	1.0	0.008051894615838823
Uba3	1.6658161878585815	42.64200048368447	2.931666095330422e-09	2.8486670462982594e-09	0.00048504046042147217	1.0	0.003129008897791567
Ipo4	1.6345585584640503	42.01406612552493	3.9846454969676925e-09	1.5850018744986096e-09	0.005319654224239156	1.0	0.003622791718699368
Tmem177	1.7026065587997437	41.940613908201236	4.130252444398363e-09	1.5969836126248495e-08	0.002256433299580454	1.0	0.000126960684947271
Lmbrd1	1.6029424667358398	40.99552624470176	6.553505148151998e-09	3.621560410242761e-05	6.984089564289561e-08	1.0	0.0023308067218685592
Alg11	1.637094497680664	40.96126531776754	6.664077390305617e-09	4.6936848939657627e-07	0.00010853689195282481	1.0	3.5332392876655416e-05
Tmem186	1.6966265439987183	40.883259116179275	6.9228324468833734e-09	9.647787974177185e-09	0.00036375147917530105	1.0	0.003407599472212303
Mfsd6	-1.7026554346084595	40.038221979363875	1.0458154976773698e-08	1.192569542534781e-08	0.0008481149807330661	1.0	0.002656373759323384
Cd99l2	1.6905308961868286	39.00377616342814	1.7324710696913836e-08	3.1226525708936e-06	5.208989035601056e-05	1.0	4.461960681626385e-05
Crbn	1.7071269750595093	39.00240330876231	1.733631638299523e-08	2.3839162307886905e-07	0.0007183639325066322	1.0	9.849408035675208e-05
Fbxl4	1.7255090475082397	38.84444782472891	1.8724806596919846e-08	1.555354447051162e-08	0.0067564452119016835	1.0	0.001536508187306371
Naa30	1.598459005355835	38.65480384969005	2.05393306027244e-08	3.2492082278267183e-07	0.0045767936625485985	1.0	3.1089142174575606e-05
Mcfd2	-1.5540369749069214	37.869887216707326	3.011552501991402e-08	3.5803590721242027e-07	7.129534012124803e-05	1.0	0.0013008627064173893
Fam45a	1.542451024055481	37.79062033987893	3.130187577093038e-08	4.847533761734873e-07	0.008624715132581269	1.0	2.96781539373372e-05
Prpf39	1.6431550979614258	37.76374398475673	3.1714626103508514e-08	1.9890372531649663e-08	0.004962229151751759	1.0	0.0038751835697473677
Metap1d	1.699512243270874	37.6245960195184	3.394009681186678e-08	6.016499350540367e-06	3.987843981788986e-06	1.0	0.0013692460717543962
Dynlt3	1.718015193939209	37.34197967439109	3.895168508762449e-08	1.0474965536122327e-06	3.865333228697368e-05	1.0	0.0009710615682505268
Yipf6	1.6738513708114624	37.05308303632066	4.483910817361678e-08	1.0100640432849386e-05	5.22342598438728e-05	1.0	5.22342598438728e-05
Sgta	1.5334450006484985	36.96259059607258	4.686005354205867e-08	3.289053522128216e-08	0.002092859688403419	1.0	0.007173496506503593
Dpp4	-1.620119333267212	35.47489642228628	9.669120002385274e-08	1.271138300548629e-05	4.108694903102177e-05	1.0	0.00025626199608926205
Dnpep	1.7257509231567383	35.378710449254974	1.0132454490155593e-07	9.70700644347762e-07	4.865461662692044e-05	1.0	0.007948406509172425
Smpd1	1.6595280170440674	34.8662689579085	1.3001345380405073e-07	5.954445496699445e-06	5.954445496699445e-06	1.0	0.007007478296394019
Vstm5	1.7064571380615234	34.51894635893392	1.5393951670515782e-07	3.854801906830403e-06	0.0035591727936955643	1.0	5.712967969654561e-05
Gss	1.6617614030838013	33.57853190584222	2.4315616961389643e-07	4.164335903956085e-07	0.004107964092617282	1.0	0.002055782619300594
Aff4	-1.6691879034042358	33.39292006269874	2.6610491769143006e-07	2.3262531382517383e-06	0.00011232451852952378	1.0	0.00607948049837675
Nek8	1.668376088142395	33.013824977672705	3.1991192089300544e-07	8.739175368468713e-05	9.996513949568416e-05	1.0	9.996513949568416e-05
Decr1	1.7205487489700317	32.85906761630926	3.4488332566000113e-07	2.489198460299583e-05	5.4583905552397596e-05	1.0	0.0009597773900001774
Gm28933	1.6901512145996094	32.82927335269278	3.499096977624077e-07	1.6965291675483158e-05	1.6965291675483158e-05	1.0	0.006433260189226764
Slc12a2	1.5529351234436035	31.87863491908344	5.550930358509732e-07	0.004021505525073614	7.593638356525215e-06	1.0	0.0005581941001605116
Suox	1.6318895816802979	31.728401961938843	5.970652772732748e-07	0.00017873800565282262	0.0009505718318237328	1.0	3.3525036237088066e-05
Ercc4	1.683501124382019	31.068824539046872	8.221510235431241e-07	1.1356169070437322e-05	0.000664344297570325	1.0	0.000664344297570325
Nudt12	1.5985738039016724	31.01126441906474	8.454183730305487e-07	0.0004992576834882477	6.67892366504866e-05	1.0	0.00029546275051388744
Mical1	-1.5369319915771484	30.378680900823866	1.1487530229809522e-06	0.004459341938865616	1.7118090805845986e-06	1.0	0.007398605652913736
Abi2	-1.700693964958191	28.277972683570837	3.175382436155958e-06	1.1203545281655933e-05	0.0013487048781874772	1.0	0.0076605213634663065
Hdac10	1.6500310897827148	27.20156510484406	5.341439181607079e-06	0.0005085159443307304	0.0005085159443307304	1.0	0.0005085159443307304
Gm7694	-1.5968654155731201	27.080775449979864	5.662202648134336e-06	0.001974642182311444	0.00037650477266278906	1.0	0.00037650477266278906
Usp20	1.7059770822525024	26.73233179403404	6.699242235607793e-06	0.00010457658847375754	0.0033863102501983313	1.0	0.0008224072513978792
St6galnac3	1.6596019268035889	26.731960566983073	6.700442438883027e-06	0.0006933272446181954	0.0008786429209112498	1.0	0.000460218625137515
Ighv1-5	1.541795253753662	26.703093874727355	6.794430216262724e-06	0.00016930159796476964	0.0015917977419636037	1.0	0.0009230915255679583
Nek1	1.7149585485458374	25.96739242524157	9.68851774786628e-06	2.2796201734758892e-05	0.005061201848819342	1.0	0.007681058983103586
Tmem128	1.613508939743042	25.671997009090486	1.1170958741565184e-05	0.00012011911493438211	0.004920672035594014	1.0	0.0012781714029920716
Fer	1.6552149057388306	24.980922472220715	1.5582964248461504e-05	0.00023973190498565564	0.0027542255899079987	1.0	0.0016776694723382177
Scamp1	1.525246024131775	24.562148033180126	1.9062521021660947e-05	0.0041603033027541375	0.0041603033027541375	1.0	0.00014952866108955819
Ddhd2	1.6915675401687622	24.331317389156993	2.130121268615524e-05	0.0003084922644539435	0.0014062377649423574	1.0	0.004056778145247832
Rps6kc1	1.657871127128601	22.80873005037678	4.4264942688865745e-05	0.0007436649472833339	0.0007436649472833339	1.0	0.006243754541907183
Rnf31	1.5984903573989868	22.183887657009254	5.972920846443411e-05	0.0027783474909267433	0.008337082219105963	1.0	0.0007411748006334767
Ifi211	-1.5934957265853882	21.840236250861533	7.041937652692926e-05	0.00029525139783226535	0.008195160090043271	1.0	0.008122206951599346
Mfsd8	1.628899335861206	20.97334103808664	0.00010662679305501153	0.0014877187479778605	0.0014877187479778605	1.0	0.009588633753161078
Xab2	1.5635737180709839	18.207973536925827	0.00039847370815976324	0.008252178188078996	0.006300137599980064	1.0	0.007657345716930755
Pde5a	1.6874747276306152	17.91537868256882	0.00045788319613451045	0.005679906590971903	0.005679906590971903	1.0	0.007271927795637134
Pacs1	1.569598913192749	17.467143336403616	0.0005663982505275011	0.00868803436151859	0.00868803436151859	1.0	0.008437965925448866
