[{"cell_id": "L128_A01", "color": "#440154"}, {"cell_id": "L128_C01", "color": "#440154"}, {"cell_id": "L128_D01", "color": "#440154"}, {"cell_id": "L128_F01", "color": "#440154"}, {"cell_id": "L128_C03", "color": "#440154"}, {"cell_id": "L128_H03", "color": "#440154"}, {"cell_id": "L128_D04", "color": "#440154"}, {"cell_id": "L128_E04", "color": "#21a685"}, {"cell_id": "L128_A05", "color": "#440154"}, {"cell_id": "L128_E05", "color": "#1f998a"}, {"cell_id": "L128_H05", "color": "#440154"}, {"cell_id": "L128_B06", "color": "#440154"}, {"cell_id": "L128_A07", "color": "#440154"}, {"cell_id": "L128_C07", "color": "#3e4989"}, {"cell_id": "L128_D07", "color": "#453882"}, {"cell_id": "L128_F07", "color": "#3d4d8a"}, {"cell_id": "L128_B08", "color": "#423f85"}, {"cell_id": "L128_E08", "color": "#440154"}, {"cell_id": "L128_D09", "color": "#75d054"}, {"cell_id": "L128_G10", "color": "#23898e"}, {"cell_id": "L128_C11", "color": "#443a83"}, {"cell_id": "L128_D11", "color": "#440154"}, {"cell_id": "L128_H11", "color": "#440154"}, {"cell_id": "L128_A12", "color": "#1f9f88"}, {"cell_id": "L128_G12", "color": "#440154"}, {"cell_id": "L128_H12", "color": "#1fa187"}, {"cell_id": "L129_C01", "color": "#443983"}, {"cell_id": "L129_D01", "color": "#440154"}, {"cell_id": "L129_E01", "color": "#453581"}, {"cell_id": "L129_F01", "color": "#440154"}, {"cell_id": "L129_D02", "color": "#440154"}, {"cell_id": "L129_G02", "color": "#440154"}, {"cell_id": "L129_H02", "color": "#440154"}, {"cell_id": "L129_A03", "color": "#440154"}, {"cell_id": "L129_B03", "color": "#375a8c"}, {"cell_id": "L129_C03", "color": "#440154"}, {"cell_id": "L129_G03", "color": "#440154"}, {"cell_id": "L129_A04", "color": "#46327e"}, {"cell_id": "L129_D04", "color": "#2cb17e"}, {"cell_id": "L129_H04", "color": "#440154"}, {"cell_id": "L129_E05", "color": "#440154"}, {"cell_id": "L129_F05", "color": "#3d4e8a"}, {"cell_id": "L129_H05", "color": "#440154"}, {"cell_id": "L129_C06", "color": "#2cb17e"}, {"cell_id": "L129_D06", "color": "#453781"}, {"cell_id": "L129_F06", "color": "#443983"}, {"cell_id": "L129_A07", "color": "#440154"}, {"cell_id": "L129_B07", "color": "#440154"}, {"cell_id": "L129_D07", "color": "#440154"}, {"cell_id": "L129_E07", "color": "#84d44b"}, {"cell_id": "L129_F07", "color": "#3e4989"}, {"cell_id": "L129_G07", "color": "#44bf70"}, {"cell_id": "L129_A08", "color": "#1f9f88"}, {"cell_id": "L129_B08", "color": "#3b518b"}, {"cell_id": "L129_C08", "color": "#32b67a"}, {"cell_id": "L129_D08", "color": "#4cc26c"}, {"cell_id": "L129_E08", "color": "#42be71"}, {"cell_id": "L129_F08", "color": "#28ae80"}, {"cell_id": "L129_G08", "color": "#3bbb75"}, {"cell_id": "L129_H08", "color": "#38b977"}, {"cell_id": "L129_A09", "color": "#440154"}, {"cell_id": "L129_B09", "color": "#440154"}, {"cell_id": "L129_D09", "color": "#481b6d"}, {"cell_id": "L129_F09", "color": "#450457"}, {"cell_id": "L129_F10", "color": "#440154"}, {"cell_id": "L129_H10", "color": "#440154"}, {"cell_id": "L129_B11", "color": "#32648e"}, {"cell_id": "L129_E11", "color": "#46085c"}, {"cell_id": "L129_H11", "color": "#440154"}, {"cell_id": "L129_C12", "color": "#1fa188"}, {"cell_id": "L129_E12", "color": "#2cb17e"}, {"cell_id": "L130_B01", "color": "#440154"}, {"cell_id": "L130_C01", "color": "#440154"}, {"cell_id": "L130_D01", "color": "#440154"}, {"cell_id": "L130_E01", "color": "#1e9c89"}, {"cell_id": "L130_F01", "color": "#440154"}, {"cell_id": "L130_A02", "color": "#20928c"}, {"cell_id": "L130_G02", "color": "#6ccd5a"}, {"cell_id": "L130_A03", "color": "#21908d"}, {"cell_id": "L130_B03", "color": "#27808e"}, {"cell_id": "L130_H03", "color": "#277f8e"}, {"cell_id": "L130_D04", "color": "#440154"}, {"cell_id": "L130_G04", "color": "#440154"}, {"cell_id": "L130_E05", "color": "#453781"}, {"cell_id": "L130_F05", "color": "#2e6d8e"}, {"cell_id": "L130_G05", "color": "#3f4788"}, {"cell_id": "L130_H05", "color": "#38598c"}, {"cell_id": "L130_F06", "color": "#46337f"}, {"cell_id": "L130_H06", "color": "#440154"}, {"cell_id": "L130_A07", "color": "#277e8e"}, {"cell_id": "L130_B07", "color": "#3b528b"}, {"cell_id": "L130_C07", "color": "#73d056"}, {"cell_id": "L130_E07", "color": "#20a486"}, {"cell_id": "L130_F07", "color": "#440154"}, {"cell_id": "L130_G07", "color": "#424186"}, {"cell_id": "L130_B08", "color": "#1fa188"}, {"cell_id": "L130_C08", "color": "#2f6b8e"}, {"cell_id": "L130_D08", "color": "#2c738e"}, {"cell_id": "L130_F08", "color": "#440154"}, {"cell_id": "L130_H08", "color": "#440154"}, {"cell_id": "L130_B09", "color": "#37b878"}, {"cell_id": "L130_C09", "color": "#228c8d"}, {"cell_id": "L130_D09", "color": "#fde725"}, {"cell_id": "L130_H09", "color": "#30698e"}, {"cell_id": "L130_C10", "color": "#31668e"}, {"cell_id": "L130_F10", "color": "#287c8e"}, {"cell_id": "L130_G10", "color": "#440154"}, {"cell_id": "L130_H10", "color": "#d8e219"}, {"cell_id": "L130_B11", "color": "#440154"}, {"cell_id": "L130_C11", "color": "#440154"}, {"cell_id": "L130_E11", "color": "#440154"}, {"cell_id": "L130_H11", "color": "#440154"}, {"cell_id": "L130_A12", "color": "#440154"}, {"cell_id": "L130_C12", "color": "#440154"}, {"cell_id": "L130_E12", "color": "#440154"}, {"cell_id": "L130_F12", "color": "#440154"}, {"cell_id": "L130_G12", "color": "#440154"}, {"cell_id": "L130_H12", "color": "#482475"}, {"cell_id": "L141_B01", "color": "#443a83"}, {"cell_id": "L141_C01", "color": "#9dd93b"}, {"cell_id": "L141_H01", "color": "#414287"}, {"cell_id": "L141_A02", "color": "#9dd93b"}, {"cell_id": "L141_D02", "color": "#482576"}, {"cell_id": "L141_A03", "color": "#440154"}, {"cell_id": "L141_B03", "color": "#440154"}, {"cell_id": "L141_C03", "color": "#453581"}, {"cell_id": "L141_E04", "color": "#440256"}, {"cell_id": "L141_F04", "color": "#471164"}, {"cell_id": "L141_F05", "color": "#460a5d"}, {"cell_id": "L141_H06", "color": "#440154"}, {"cell_id": "L141_E07", "color": "#440154"}, {"cell_id": "L141_B09", "color": "#38598c"}, {"cell_id": "L141_E09", "color": "#440154"}, {"cell_id": "L141_D11", "color": "#2e6e8e"}, {"cell_id": "L141_E11", "color": "#2f6b8e"}, {"cell_id": "L141_G12", "color": "#424086"}, {"cell_id": "L142_A01", "color": "#2d718e"}, {"cell_id": "L142_B01", "color": "#31688e"}, {"cell_id": "L142_E01", "color": "#440154"}, {"cell_id": "L142_F01", "color": "#20928c"}, {"cell_id": "L142_D02", "color": "#440154"}, {"cell_id": "L142_C03", "color": "#440154"}, {"cell_id": "L142_D03", "color": "#424186"}, {"cell_id": "L142_A07", "color": "#375a8c"}, {"cell_id": "L142_D07", "color": "#440154"}, {"cell_id": "L142_E07", "color": "#440154"}, {"cell_id": "L142_F07", "color": "#481a6c"}, {"cell_id": "L142_E08", "color": "#440154"}, {"cell_id": "L142_F08", "color": "#b0dd2f"}, {"cell_id": "L142_B09", "color": "#433e85"}, {"cell_id": "L142_C09", "color": "#440154"}, {"cell_id": "L142_D09", "color": "#440154"}, {"cell_id": "L142_E09", "color": "#440154"}, {"cell_id": "L142_H09", "color": "#2e6e8e"}, {"cell_id": "L142_D10", "color": "#46085c"}, {"cell_id": "L142_G10", "color": "#440154"}, {"cell_id": "L142_H11", "color": "#440154"}, {"cell_id": "L142_A12", "color": "#81d34d"}, {"cell_id": "L142_C12", "color": "#440154"}, {"cell_id": "L142_F12", "color": "#32658e"}, {"cell_id": "L226_B01", "color": "#440154"}, {"cell_id": "L226_C01", "color": "#440154"}, {"cell_id": "L226_E01", "color": "#30698e"}, {"cell_id": "L226_F01", "color": "#440154"}, {"cell_id": "L226_H01", "color": "#2e6f8e"}, {"cell_id": "L226_A02", "color": "#482878"}, {"cell_id": "L226_C02", "color": "#440154"}, {"cell_id": "L226_D02", "color": "#440154"}, {"cell_id": "L226_G02", "color": "#440154"}, {"cell_id": "L226_B03", "color": "#440154"}, {"cell_id": "L226_C03", "color": "#440154"}, {"cell_id": "L226_D03", "color": "#440154"}, {"cell_id": "L226_H03", "color": "#440154"}, {"cell_id": "L226_A04", "color": "#440154"}, {"cell_id": "L226_A05", "color": "#440154"}, {"cell_id": "L226_F05", "color": "#440154"}, {"cell_id": "L226_G05", "color": "#440154"}, {"cell_id": "L226_H05", "color": "#440154"}, {"cell_id": "L226_A06", "color": "#440154"}, {"cell_id": "L226_B06", "color": "#440154"}, {"cell_id": "L226_E07", "color": "#440154"}, {"cell_id": "L226_H07", "color": "#440154"}, {"cell_id": "L226_E08", "color": "#440154"}, {"cell_id": "L226_F08", "color": "#440154"}, {"cell_id": "L226_B09", "color": "#440154"}, {"cell_id": "L226_C09", "color": "#440154"}, {"cell_id": "L226_D10", "color": "#440154"}, {"cell_id": "L226_E10", "color": "#424086"}, {"cell_id": "L226_A11", "color": "#440154"}, {"cell_id": "L226_G11", "color": "#440154"}, {"cell_id": "L226_B12", "color": "#440154"}, {"cell_id": "L226_C12", "color": "#3d4d8a"}, {"cell_id": "L226_E12", "color": "#450559"}, {"cell_id": "L226_G12", "color": "#440154"}, {"cell_id": "L227_C01", "color": "#440154"}, {"cell_id": "L227_A02", "color": "#440154"}, {"cell_id": "L227_C02", "color": "#440154"}, {"cell_id": "L227_D02", "color": "#440154"}, {"cell_id": "L227_E02", "color": "#440154"}, {"cell_id": "L227_F02", "color": "#440154"}, {"cell_id": "L227_B03", "color": "#440154"}, {"cell_id": "L227_C04", "color": "#440154"}, {"cell_id": "L227_A05", "color": "#440154"}, {"cell_id": "L227_A06", "color": "#440154"}, {"cell_id": "L227_B06", "color": "#440154"}, {"cell_id": "L227_F06", "color": "#440154"}, {"cell_id": "L227_H06", "color": "#440154"}, {"cell_id": "L227_A07", "color": "#2c728e"}, {"cell_id": "L227_D07", "color": "#440154"}, {"cell_id": "L227_E07", "color": "#440154"}, {"cell_id": "L227_F07", "color": "#440154"}, {"cell_id": "L227_G07", "color": "#440154"}, {"cell_id": "L227_H07", "color": "#440154"}, {"cell_id": "L227_A08", "color": "#472d7b"}, {"cell_id": "L227_B08", "color": "#440154"}, {"cell_id": "L227_C08", "color": "#26ad81"}, {"cell_id": "L227_D08", "color": "#440154"}, {"cell_id": "L227_F08", "color": "#440154"}, {"cell_id": "L227_G08", "color": "#440154"}, {"cell_id": "L227_H08", "color": "#440154"}, {"cell_id": "L227_A09", "color": "#440154"}, {"cell_id": "L227_B09", "color": "#440154"}, {"cell_id": "L227_C09", "color": "#440154"}, {"cell_id": "L227_D09", "color": "#440154"}, {"cell_id": "L227_E09", "color": "#440154"}, {"cell_id": "L227_B10", "color": "#463480"}, {"cell_id": "L227_G10", "color": "#440154"}, {"cell_id": "L227_H10", "color": "#440154"}, {"cell_id": "L227_B11", "color": "#1e9c89"}, {"cell_id": "L227_C11", "color": "#440154"}, {"cell_id": "L227_D11", "color": "#440154"}, {"cell_id": "L227_E11", "color": "#472d7b"}, {"cell_id": "L227_F11", "color": "#440154"}, {"cell_id": "L227_H11", "color": "#440154"}, {"cell_id": "L227_A12", "color": "#433e85"}, {"cell_id": "L227_D12", "color": "#46085c"}, {"cell_id": "L227_G12", "color": "#440154"}, {"cell_id": "L228_A01", "color": "#440154"}, {"cell_id": "L228_C01", "color": "#440154"}, {"cell_id": "L228_F01", "color": "#440154"}, {"cell_id": "L228_A02", "color": "#440154"}, {"cell_id": "L228_C02", "color": "#440154"}, {"cell_id": "L228_D02", "color": "#2e6f8e"}, {"cell_id": "L228_E02", "color": "#440154"}, {"cell_id": "L228_A03", "color": "#440154"}, {"cell_id": "L228_C03", "color": "#440154"}, {"cell_id": "L228_H03", "color": "#440154"}, {"cell_id": "L228_H04", "color": "#440154"}, {"cell_id": "L228_A05", "color": "#440154"}, {"cell_id": "L228_B05", "color": "#440154"}, {"cell_id": "L228_E05", "color": "#440154"}, {"cell_id": "L228_F05", "color": "#440154"}, {"cell_id": "L228_A06", "color": "#1e9c89"}, {"cell_id": "L228_G06", "color": "#453581"}, {"cell_id": "L228_B07", "color": "#482071"}, {"cell_id": "L228_E07", "color": "#481c6e"}, {"cell_id": "L228_B08", "color": "#440154"}, {"cell_id": "L228_B09", "color": "#440154"}, {"cell_id": "L228_C09", "color": "#440154"}, {"cell_id": "L228_D09", "color": "#440154"}, {"cell_id": "L228_E09", "color": "#440154"}, {"cell_id": "L228_H09", "color": "#440154"}, {"cell_id": "L228_C10", "color": "#440154"}, {"cell_id": "L228_G10", "color": "#481c6e"}, {"cell_id": "L228_H10", "color": "#440154"}, {"cell_id": "L228_G11", "color": "#440154"}, {"cell_id": "L228_D12", "color": "#440154"}, {"cell_id": "L228_G12", "color": "#440154"}, {"cell_id": "L281_D01", "color": "#440154"}, {"cell_id": "L281_B02", "color": "#440154"}, {"cell_id": "L281_F02", "color": "#440154"}, {"cell_id": "L281_G02", "color": "#440154"}, {"cell_id": "L281_B03", "color": "#440154"}, {"cell_id": "L281_E03", "color": "#440154"}, {"cell_id": "L281_G03", "color": "#440154"}, {"cell_id": "L281_H03", "color": "#433d84"}, {"cell_id": "L281_B04", "color": "#471164"}, {"cell_id": "L281_F04", "color": "#440154"}, {"cell_id": "L281_A05", "color": "#440154"}, {"cell_id": "L281_D05", "color": "#440154"}, {"cell_id": "L281_G05", "color": "#440154"}, {"cell_id": "L281_D06", "color": "#440154"}, {"cell_id": "L281_F06", "color": "#440154"}, {"cell_id": "L281_G06", "color": "#440154"}, {"cell_id": "L281_H06", "color": "#440154"}, {"cell_id": "L282_C01", "color": "#440154"}, {"cell_id": "L282_D01", "color": "#482071"}, {"cell_id": "L282_E01", "color": "#440154"}, {"cell_id": "L282_F01", "color": "#440154"}, {"cell_id": "L282_G01", "color": "#440154"}, {"cell_id": "L282_A02", "color": "#440154"}, {"cell_id": "L282_B02", "color": "#440154"}, {"cell_id": "L282_D02", "color": "#48186a"}, {"cell_id": "L282_E02", "color": "#3d4d8a"}, {"cell_id": "L282_F02", "color": "#440154"}, {"cell_id": "L282_G02", "color": "#440154"}, {"cell_id": "L282_H02", "color": "#440154"}, {"cell_id": "L282_A03", "color": "#306a8e"}, {"cell_id": "L282_B03", "color": "#440154"}, {"cell_id": "L282_D03", "color": "#32648e"}, {"cell_id": "L282_E03", "color": "#440154"}, {"cell_id": "L282_F03", "color": "#440154"}, {"cell_id": "L282_G03", "color": "#31668e"}, {"cell_id": "L282_H03", "color": "#440154"}, {"cell_id": "L282_A04", "color": "#440154"}, {"cell_id": "L282_B04", "color": "#482173"}, {"cell_id": "L282_C04", "color": "#440154"}, {"cell_id": "L282_D04", "color": "#440154"}, {"cell_id": "L282_E04", "color": "#440154"}, {"cell_id": "L282_F04", "color": "#440154"}, {"cell_id": "L282_G04", "color": "#440154"}, {"cell_id": "L282_H04", "color": "#287c8e"}, {"cell_id": "L282_B05", "color": "#440154"}, {"cell_id": "L282_D05", "color": "#440154"}, {"cell_id": "L282_E05", "color": "#440154"}, {"cell_id": "L282_F05", "color": "#440154"}, {"cell_id": "L282_G05", "color": "#440154"}, {"cell_id": "L282_H05", "color": "#440154"}, {"cell_id": "L282_A06", "color": "#3e4989"}, {"cell_id": "L282_D06", "color": "#440154"}, {"cell_id": "L282_E06", "color": "#440154"}, {"cell_id": "L282_F06", "color": "#440154"}, {"cell_id": "L282_G06", "color": "#440154"}, {"cell_id": "L282_H06", "color": "#440154"}]