[{"cell_id": "L128_A01", "color": "#440154"}, {"cell_id": "L128_C01", "color": "#440154"}, {"cell_id": "L128_D01", "color": "#440154"}, {"cell_id": "L128_F01", "color": "#440154"}, {"cell_id": "L128_C03", "color": "#440154"}, {"cell_id": "L128_H03", "color": "#440154"}, {"cell_id": "L128_D04", "color": "#440154"}, {"cell_id": "L128_E04", "color": "#440154"}, {"cell_id": "L128_A05", "color": "#440154"}, {"cell_id": "L128_E05", "color": "#440154"}, {"cell_id": "L128_H05", "color": "#440154"}, {"cell_id": "L128_B06", "color": "#440154"}, {"cell_id": "L128_A07", "color": "#440154"}, {"cell_id": "L128_C07", "color": "#440154"}, {"cell_id": "L128_D07", "color": "#440154"}, {"cell_id": "L128_F07", "color": "#440154"}, {"cell_id": "L128_B08", "color": "#440154"}, {"cell_id": "L128_E08", "color": "#440154"}, {"cell_id": "L128_D09", "color": "#440154"}, {"cell_id": "L128_G10", "color": "#2c728e"}, {"cell_id": "L128_C11", "color": "#440154"}, {"cell_id": "L128_D11", "color": "#287d8e"}, {"cell_id": "L128_H11", "color": "#440154"}, {"cell_id": "L128_A12", "color": "#440154"}, {"cell_id": "L128_G12", "color": "#440154"}, {"cell_id": "L128_H12", "color": "#440154"}, {"cell_id": "L129_C01", "color": "#440154"}, {"cell_id": "L129_D01", "color": "#440154"}, {"cell_id": "L129_E01", "color": "#440154"}, {"cell_id": "L129_F01", "color": "#440154"}, {"cell_id": "L129_D02", "color": "#440154"}, {"cell_id": "L129_G02", "color": "#440154"}, {"cell_id": "L129_H02", "color": "#440154"}, {"cell_id": "L129_A03", "color": "#440154"}, {"cell_id": "L129_B03", "color": "#440154"}, {"cell_id": "L129_C03", "color": "#440154"}, {"cell_id": "L129_G03", "color": "#440154"}, {"cell_id": "L129_A04", "color": "#23888e"}, {"cell_id": "L129_D04", "color": "#440154"}, {"cell_id": "L129_H04", "color": "#440154"}, {"cell_id": "L129_E05", "color": "#440154"}, {"cell_id": "L129_F05", "color": "#440154"}, {"cell_id": "L129_H05", "color": "#440154"}, {"cell_id": "L129_C06", "color": "#440154"}, {"cell_id": "L129_D06", "color": "#440154"}, {"cell_id": "L129_F06", "color": "#440154"}, {"cell_id": "L129_A07", "color": "#440154"}, {"cell_id": "L129_B07", "color": "#440154"}, {"cell_id": "L129_D07", "color": "#440154"}, {"cell_id": "L129_E07", "color": "#440154"}, {"cell_id": "L129_F07", "color": "#440154"}, {"cell_id": "L129_G07", "color": "#440154"}, {"cell_id": "L129_A08", "color": "#440154"}, {"cell_id": "L129_B08", "color": "#440154"}, {"cell_id": "L129_C08", "color": "#440154"}, {"cell_id": "L129_D08", "color": "#440154"}, {"cell_id": "L129_E08", "color": "#440154"}, {"cell_id": "L129_F08", "color": "#440154"}, {"cell_id": "L129_G08", "color": "#440154"}, {"cell_id": "L129_H08", "color": "#440154"}, {"cell_id": "L129_A09", "color": "#440154"}, {"cell_id": "L129_B09", "color": "#440154"}, {"cell_id": "L129_D09", "color": "#440154"}, {"cell_id": "L129_F09", "color": "#440154"}, {"cell_id": "L129_F10", "color": "#440154"}, {"cell_id": "L129_H10", "color": "#440154"}, {"cell_id": "L129_B11", "color": "#440154"}, {"cell_id": "L129_E11", "color": "#440154"}, {"cell_id": "L129_H11", "color": "#440154"}, {"cell_id": "L129_C12", "color": "#440154"}, {"cell_id": "L129_E12", "color": "#440154"}, {"cell_id": "L130_B01", "color": "#440154"}, {"cell_id": "L130_C01", "color": "#440154"}, {"cell_id": "L130_D01", "color": "#440154"}, {"cell_id": "L130_E01", "color": "#440154"}, {"cell_id": "L130_F01", "color": "#440154"}, {"cell_id": "L130_A02", "color": "#440154"}, {"cell_id": "L130_G02", "color": "#440154"}, {"cell_id": "L130_A03", "color": "#440154"}, {"cell_id": "L130_B03", "color": "#440154"}, {"cell_id": "L130_H03", "color": "#440154"}, {"cell_id": "L130_D04", "color": "#440154"}, {"cell_id": "L130_G04", "color": "#440154"}, {"cell_id": "L130_E05", "color": "#440154"}, {"cell_id": "L130_F05", "color": "#39558c"}, {"cell_id": "L130_G05", "color": "#440154"}, {"cell_id": "L130_H05", "color": "#440154"}, {"cell_id": "L130_F06", "color": "#440154"}, {"cell_id": "L130_H06", "color": "#440154"}, {"cell_id": "L130_A07", "color": "#440154"}, {"cell_id": "L130_B07", "color": "#440154"}, {"cell_id": "L130_C07", "color": "#440154"}, {"cell_id": "L130_E07", "color": "#440154"}, {"cell_id": "L130_F07", "color": "#440154"}, {"cell_id": "L130_G07", "color": "#440154"}, {"cell_id": "L130_B08", "color": "#1fa088"}, {"cell_id": "L130_C08", "color": "#440154"}, {"cell_id": "L130_D08", "color": "#277e8e"}, {"cell_id": "L130_F08", "color": "#440154"}, {"cell_id": "L130_H08", "color": "#440154"}, {"cell_id": "L130_B09", "color": "#440154"}, {"cell_id": "L130_C09", "color": "#440154"}, {"cell_id": "L130_D09", "color": "#440154"}, {"cell_id": "L130_H09", "color": "#440154"}, {"cell_id": "L130_C10", "color": "#440154"}, {"cell_id": "L130_F10", "color": "#440154"}, {"cell_id": "L130_G10", "color": "#440154"}, {"cell_id": "L130_H10", "color": "#440154"}, {"cell_id": "L130_B11", "color": "#440154"}, {"cell_id": "L130_C11", "color": "#440154"}, {"cell_id": "L130_E11", "color": "#440154"}, {"cell_id": "L130_H11", "color": "#440154"}, {"cell_id": "L130_A12", "color": "#440154"}, {"cell_id": "L130_C12", "color": "#440154"}, {"cell_id": "L130_E12", "color": "#440154"}, {"cell_id": "L130_F12", "color": "#355e8d"}, {"cell_id": "L130_G12", "color": "#440154"}, {"cell_id": "L130_H12", "color": "#440154"}, {"cell_id": "L141_B01", "color": "#440154"}, {"cell_id": "L141_C01", "color": "#471063"}, {"cell_id": "L141_H01", "color": "#440154"}, {"cell_id": "L141_A02", "color": "#440154"}, {"cell_id": "L141_D02", "color": "#440154"}, {"cell_id": "L141_A03", "color": "#440154"}, {"cell_id": "L141_B03", "color": "#440154"}, {"cell_id": "L141_C03", "color": "#440154"}, {"cell_id": "L141_E04", "color": "#440154"}, {"cell_id": "L141_F04", "color": "#440154"}, {"cell_id": "L141_F05", "color": "#440154"}, {"cell_id": "L141_H06", "color": "#440154"}, {"cell_id": "L141_E07", "color": "#440154"}, {"cell_id": "L141_B09", "color": "#440154"}, {"cell_id": "L141_E09", "color": "#440154"}, {"cell_id": "L141_D11", "color": "#440154"}, {"cell_id": "L141_E11", "color": "#440154"}, {"cell_id": "L141_G12", "color": "#440154"}, {"cell_id": "L142_A01", "color": "#440154"}, {"cell_id": "L142_B01", "color": "#440154"}, {"cell_id": "L142_E01", "color": "#440154"}, {"cell_id": "L142_F01", "color": "#440154"}, {"cell_id": "L142_D02", "color": "#440154"}, {"cell_id": "L142_C03", "color": "#440154"}, {"cell_id": "L142_D03", "color": "#440154"}, {"cell_id": "L142_A07", "color": "#440154"}, {"cell_id": "L142_D07", "color": "#440154"}, {"cell_id": "L142_E07", "color": "#440154"}, {"cell_id": "L142_F07", "color": "#440154"}, {"cell_id": "L142_E08", "color": "#440154"}, {"cell_id": "L142_F08", "color": "#440154"}, {"cell_id": "L142_B09", "color": "#440154"}, {"cell_id": "L142_C09", "color": "#440154"}, {"cell_id": "L142_D09", "color": "#440154"}, {"cell_id": "L142_E09", "color": "#440154"}, {"cell_id": "L142_H09", "color": "#440154"}, {"cell_id": "L142_D10", "color": "#440154"}, {"cell_id": "L142_G10", "color": "#440154"}, {"cell_id": "L142_H11", "color": "#440154"}, {"cell_id": "L142_A12", "color": "#440154"}, {"cell_id": "L142_C12", "color": "#440154"}, {"cell_id": "L142_F12", "color": "#440154"}, {"cell_id": "L226_B01", "color": "#440154"}, {"cell_id": "L226_C01", "color": "#440154"}, {"cell_id": "L226_E01", "color": "#440154"}, {"cell_id": "L226_F01", "color": "#440154"}, {"cell_id": "L226_H01", "color": "#440154"}, {"cell_id": "L226_A02", "color": "#440154"}, {"cell_id": "L226_C02", "color": "#440154"}, {"cell_id": "L226_D02", "color": "#440154"}, {"cell_id": "L226_G02", "color": "#440154"}, {"cell_id": "L226_B03", "color": "#440154"}, {"cell_id": "L226_C03", "color": "#440154"}, {"cell_id": "L226_D03", "color": "#440154"}, {"cell_id": "L226_H03", "color": "#440154"}, {"cell_id": "L226_A04", "color": "#440154"}, {"cell_id": "L226_A05", "color": "#440154"}, {"cell_id": "L226_F05", "color": "#440154"}, {"cell_id": "L226_G05", "color": "#440154"}, {"cell_id": "L226_H05", "color": "#440154"}, {"cell_id": "L226_A06", "color": "#440154"}, {"cell_id": "L226_B06", "color": "#440154"}, {"cell_id": "L226_E07", "color": "#440154"}, {"cell_id": "L226_H07", "color": "#440154"}, {"cell_id": "L226_E08", "color": "#440154"}, {"cell_id": "L226_F08", "color": "#440154"}, {"cell_id": "L226_B09", "color": "#440154"}, {"cell_id": "L226_C09", "color": "#440154"}, {"cell_id": "L226_D10", "color": "#440154"}, {"cell_id": "L226_E10", "color": "#440154"}, {"cell_id": "L226_A11", "color": "#440154"}, {"cell_id": "L226_G11", "color": "#440154"}, {"cell_id": "L226_B12", "color": "#440154"}, {"cell_id": "L226_C12", "color": "#440154"}, {"cell_id": "L226_E12", "color": "#440154"}, {"cell_id": "L226_G12", "color": "#440154"}, {"cell_id": "L227_C01", "color": "#440154"}, {"cell_id": "L227_A02", "color": "#440154"}, {"cell_id": "L227_C02", "color": "#440154"}, {"cell_id": "L227_D02", "color": "#440154"}, {"cell_id": "L227_E02", "color": "#440154"}, {"cell_id": "L227_F02", "color": "#440154"}, {"cell_id": "L227_B03", "color": "#440154"}, {"cell_id": "L227_C04", "color": "#440154"}, {"cell_id": "L227_A05", "color": "#440154"}, {"cell_id": "L227_A06", "color": "#440154"}, {"cell_id": "L227_B06", "color": "#440154"}, {"cell_id": "L227_F06", "color": "#440154"}, {"cell_id": "L227_H06", "color": "#440154"}, {"cell_id": "L227_A07", "color": "#440154"}, {"cell_id": "L227_D07", "color": "#440154"}, {"cell_id": "L227_E07", "color": "#440154"}, {"cell_id": "L227_F07", "color": "#440154"}, {"cell_id": "L227_G07", "color": "#440154"}, {"cell_id": "L227_H07", "color": "#440154"}, {"cell_id": "L227_A08", "color": "#440154"}, {"cell_id": "L227_B08", "color": "#440154"}, {"cell_id": "L227_C08", "color": "#440154"}, {"cell_id": "L227_D08", "color": "#440154"}, {"cell_id": "L227_F08", "color": "#440154"}, {"cell_id": "L227_G08", "color": "#440154"}, {"cell_id": "L227_H08", "color": "#440154"}, {"cell_id": "L227_A09", "color": "#440154"}, {"cell_id": "L227_B09", "color": "#460b5e"}, {"cell_id": "L227_C09", "color": "#440154"}, {"cell_id": "L227_D09", "color": "#440154"}, {"cell_id": "L227_E09", "color": "#440154"}, {"cell_id": "L227_B10", "color": "#440154"}, {"cell_id": "L227_G10", "color": "#440154"}, {"cell_id": "L227_H10", "color": "#440154"}, {"cell_id": "L227_B11", "color": "#440154"}, {"cell_id": "L227_C11", "color": "#440154"}, {"cell_id": "L227_D11", "color": "#440154"}, {"cell_id": "L227_E11", "color": "#440154"}, {"cell_id": "L227_F11", "color": "#440154"}, {"cell_id": "L227_H11", "color": "#440154"}, {"cell_id": "L227_A12", "color": "#440154"}, {"cell_id": "L227_D12", "color": "#440154"}, {"cell_id": "L227_G12", "color": "#440154"}, {"cell_id": "L228_A01", "color": "#440154"}, {"cell_id": "L228_C01", "color": "#440154"}, {"cell_id": "L228_F01", "color": "#440154"}, {"cell_id": "L228_A02", "color": "#440154"}, {"cell_id": "L228_C02", "color": "#440154"}, {"cell_id": "L228_D02", "color": "#440154"}, {"cell_id": "L228_E02", "color": "#440154"}, {"cell_id": "L228_A03", "color": "#440154"}, {"cell_id": "L228_C03", "color": "#440154"}, {"cell_id": "L228_H03", "color": "#440154"}, {"cell_id": "L228_H04", "color": "#440154"}, {"cell_id": "L228_A05", "color": "#440154"}, {"cell_id": "L228_B05", "color": "#440154"}, {"cell_id": "L228_E05", "color": "#440154"}, {"cell_id": "L228_F05", "color": "#440154"}, {"cell_id": "L228_A06", "color": "#440154"}, {"cell_id": "L228_G06", "color": "#440154"}, {"cell_id": "L228_B07", "color": "#440154"}, {"cell_id": "L228_E07", "color": "#440154"}, {"cell_id": "L228_B08", "color": "#440154"}, {"cell_id": "L228_B09", "color": "#440154"}, {"cell_id": "L228_C09", "color": "#440154"}, {"cell_id": "L228_D09", "color": "#440154"}, {"cell_id": "L228_E09", "color": "#440154"}, {"cell_id": "L228_H09", "color": "#440154"}, {"cell_id": "L228_C10", "color": "#fde725"}, {"cell_id": "L228_G10", "color": "#440154"}, {"cell_id": "L228_H10", "color": "#440154"}, {"cell_id": "L228_G11", "color": "#440154"}, {"cell_id": "L228_D12", "color": "#440154"}, {"cell_id": "L228_G12", "color": "#440154"}, {"cell_id": "L281_D01", "color": "#440154"}, {"cell_id": "L281_B02", "color": "#440154"}, {"cell_id": "L281_F02", "color": "#440154"}, {"cell_id": "L281_G02", "color": "#440154"}, {"cell_id": "L281_B03", "color": "#440154"}, {"cell_id": "L281_E03", "color": "#440154"}, {"cell_id": "L281_G03", "color": "#440154"}, {"cell_id": "L281_H03", "color": "#440154"}, {"cell_id": "L281_B04", "color": "#440154"}, {"cell_id": "L281_F04", "color": "#440154"}, {"cell_id": "L281_A05", "color": "#440154"}, {"cell_id": "L281_D05", "color": "#440154"}, {"cell_id": "L281_G05", "color": "#440154"}, {"cell_id": "L281_D06", "color": "#440154"}, {"cell_id": "L281_F06", "color": "#440154"}, {"cell_id": "L281_G06", "color": "#440154"}, {"cell_id": "L281_H06", "color": "#440154"}, {"cell_id": "L282_C01", "color": "#440154"}, {"cell_id": "L282_D01", "color": "#440154"}, {"cell_id": "L282_E01", "color": "#440154"}, {"cell_id": "L282_F01", "color": "#440154"}, {"cell_id": "L282_G01", "color": "#440154"}, {"cell_id": "L282_A02", "color": "#d0e11c"}, {"cell_id": "L282_B02", "color": "#440154"}, {"cell_id": "L282_D02", "color": "#440154"}, {"cell_id": "L282_E02", "color": "#440154"}, {"cell_id": "L282_F02", "color": "#440154"}, {"cell_id": "L282_G02", "color": "#440154"}, {"cell_id": "L282_H02", "color": "#440154"}, {"cell_id": "L282_A03", "color": "#440154"}, {"cell_id": "L282_B03", "color": "#440154"}, {"cell_id": "L282_D03", "color": "#440154"}, {"cell_id": "L282_E03", "color": "#440154"}, {"cell_id": "L282_F03", "color": "#440154"}, {"cell_id": "L282_G03", "color": "#440154"}, {"cell_id": "L282_H03", "color": "#440154"}, {"cell_id": "L282_A04", "color": "#440154"}, {"cell_id": "L282_B04", "color": "#440154"}, {"cell_id": "L282_C04", "color": "#440154"}, {"cell_id": "L282_D04", "color": "#440154"}, {"cell_id": "L282_E04", "color": "#440154"}, {"cell_id": "L282_F04", "color": "#440154"}, {"cell_id": "L282_G04", "color": "#440154"}, {"cell_id": "L282_H04", "color": "#440154"}, {"cell_id": "L282_B05", "color": "#440154"}, {"cell_id": "L282_D05", "color": "#440154"}, {"cell_id": "L282_E05", "color": "#440154"}, {"cell_id": "L282_F05", "color": "#440154"}, {"cell_id": "L282_G05", "color": "#440154"}, {"cell_id": "L282_H05", "color": "#440154"}, {"cell_id": "L282_A06", "color": "#440154"}, {"cell_id": "L282_D06", "color": "#440154"}, {"cell_id": "L282_E06", "color": "#440154"}, {"cell_id": "L282_F06", "color": "#440154"}, {"cell_id": "L282_G06", "color": "#440154"}, {"cell_id": "L282_H06", "color": "#440154"}]